title,image_url,price_inr,rating,review_count,url,asin,brand,search_query,weight_g,unit_weight_g,pack_count,cost_per_gram
BRU Gold Pure Instant Coffee Powder 500g Pack,https://m.media-amazon.com/images/I/711veR+YYaL._AC_UL960_FMwebp_QL65_.jpg,1249.0,,,https://www.amazon.in/Gold-Pure-Instant-Coffee-Powder/dp/B0HFG7RVBP/ref=sr_1_9?dib=eyJ2IjoiMSJ9.srmpY5N-mflHuVr4ZWL-nZ_xIZnjGRn1vjZrrDr-ldBKlfnyb43h1OB5CB4WwBQ0hTvGyI2pclT7arv2ygehAIBmfjgXiB-KAKYXGaLV9KuiWWTWaXekS1ecwZW7FJIuAyUY3ChzeEAg0qCYDrXbQ74VKQEnLJusPGXpcfLte-wAHU-RFQHmR3tXoyrVoQ0j8JahaYhqB8nsv-yPDdURtqA_QBsnERG_CivjPC6rqbepMCJ6xk8853YgxSZJiQ5STgPGnFNnJzA14nXos3QbUXq6GAD8tL-a_TXIqwB-qCY.s_e_72SX-zGeY-bKcC8lPYhUWZWFEEizbOSMgncPKQg&dib_tag=se&keywords=Bru+Gold+instant+coffee&nsdOptOutParam=true&qid=1789844094&sr=8-9,B0HFG7RVBP,Bru Gold,Bru Gold instant coffee,500.0,500.0,,2.5
BRU Gold Instant Coffee 500 g,https://m.media-amazon.com/images/I/61TX6oNsxxS._AC_UL960_FMwebp_QL65_.jpg,1345.0,4.3,435.0,https://www.amazon.in/Bru-Gold-Coffee-500g/dp/B0773S1JCK/ref=sr_1_1_mod_primary_new?dib=eyJ2IjoiMSJ9.srmpY5N-mflHuVr4ZWL-nZ_xIZnjGRn1vjZrrDr-ldBKlfnyb43h1OB5CB4WwBQ0hTvGyI2pclT7arv2ygehAIBmfjgXiB-KAKYXGaLV9KuiWWTWaXekS1ecwZW7FJIuAyUY3ChzeEAg0qCYDrXbQ74VKQEnLJusPGXpcfLte-wAHU-RFQHmR3tXoyrVoQ0j8JahaYhqB8nsv-yPDdURtqA_QBsnERG_CivjPC6rqbepMCJ6xk8853YgxSZJiQ5STgPGnFNnJzA14nXos3QbUXq6GAD8tL-a_TXIqwB-qCY.s_e_72SX-zGeY-bKcC8lPYhUWZWFEEizbOSMgncPKQg&dib_tag=se&keywords=Bru+Gold+instant+coffee&nsdOptOutParam=true&qid=1789844094&sbo=RZvfv%2F%2FHxDF%2BO5021pAnSA%3D%3D&sr=8-1,B0773S1JCK,Bru Gold,Bru Gold instant coffee,500.0,500.0,,2.69
Bru Gold Edition 100% Pure Coffee 100g (with Exclusive Double Walled Glass Mug) (Pack of 2),https://m.media-amazon.com/images/I/613j9sp0R2L._AC_UL960_FMwebp_QL65_.jpg,708.0,,,https://www.amazon.in/Bru-Coffee-Exclusive-Double-Walled/dp/B0H6FWJV4F/ref=sr_1_15?dib=eyJ2IjoiMSJ9.srmpY5N-mflHuVr4ZWL-nZ_xIZnjGRn1vjZrrDr-ldBKlfnyb43h1OB5CB4WwBQ0hTvGyI2pclT7arv2ygehAIBmfjgXiB-KAKYXGaLV9KuiWWTWaXekS1ecwZW7FJIuAyUY3ChzeEAg0qCYDrXbQ74VKQEnLJusPGXpcfLte-wAHU-RFQHmR3tXoyrVoQ0j8JahaYhqB8nsv-yPDdURtqA_QBsnERG_CivjPC6rqbepMCJ6xk8853YgxSZJiQ5STgPGnFNnJzA14nXos3QbUXq6GAD8tL-a_TXIqwB-qCY.s_e_72SX-zGeY-bKcC8lPYhUWZWFEEizbOSMgncPKQg&dib_tag=se&keywords=Bru+Gold+instant+coffee&nsdOptOutParam=true&qid=1789844094&sr=8-15,B0H6FWJV4F,Bru Gold,Bru Gold instant coffee,200.0,100.0,2.0,3.54
Bru Gold Edition 100% Pure Coffee 100g (with Exclusive Double Walled Glass Mug) (Pack of 3),https://m.media-amazon.com/images/I/51xqNG6Op2L._AC_UL960_FMwebp_QL65_.jpg,1062.0,,,https://www.amazon.in/Bru-Coffee-Exclusive-Double-Walled/dp/B0H6GL5VJ8/ref=sr_1_30?dib=eyJ2IjoiMSJ9.srmpY5N-mflHuVr4ZWL-nZ_xIZnjGRn1vjZrrDr-ldBKlfnyb43h1OB5CB4WwBQ0hTvGyI2pclT7arv2ygehAIBmfjgXiB-KAKYXGaLV9KuiWWTWaXekS1ecwZW7FJIuAyUY3ChzeEAg0qCYDrXbQ74VKQEnLJusPGXpcfLte-wAHU-RFQHmR3tXoyrVoQ0j8JahaYhqB8nsv-yPDdURtqA_QBsnERG_CivjPC6rqbepMCJ6xk8853YgxSZJiQ5STgPGnFNnJzA14nXos3QbUXq6GAD8tL-a_TXIqwB-qCY.s_e_72SX-zGeY-bKcC8lPYhUWZWFEEizbOSMgncPKQg&dib_tag=se&keywords=Bru+Gold+instant+coffee&nsdOptOutParam=true&qid=1789844094&sr=8-30,B0H6GL5VJ8,Bru Gold,Bru Gold instant coffee,300.0,100.0,3.0,3.54
Bru Gold Edition | Premium Freeze Dried Coffee | Experience Intense Coffee Taste | Aromatic Instant Coffee Bottle| 100g,https://m.media-amazon.com/images/I/51VfLWoseuL._AC_UL960_FMwebp_QL65_.jpg,459.0,4.2,425.0,https://www.amazon.in/Bru-Premium-Experience-Intense-Aromatic/dp/B0B8NW6V8D/ref=sr_1_2?dib=eyJ2IjoiMSJ9.srmpY5N-mflHuVr4ZWL-nZ_xIZnjGRn1vjZrrDr-ldBKlfnyb43h1OB5CB4WwBQ0hTvGyI2pclT7arv2ygehAIBmfjgXiB-KAKYXGaLV9KuiWWTWaXekS1ecwZW7FJIuAyUY3ChzeEAg0qCYDrXbQ74VKQEnLJusPGXpcfLte-wAHU-RFQHmR3tXoyrVoQ0j8JahaYhqB8nsv-yPDdURtqA_QBsnERG_CivjPC6rqbepMCJ6xk8853YgxSZJiQ5STgPGnFNnJzA14nXos3QbUXq6GAD8tL-a_TXIqwB-qCY.s_e_72SX-zGeY-bKcC8lPYhUWZWFEEizbOSMgncPKQg&dib_tag=se&keywords=Bru+Gold+instant+coffee&nsdOptOutParam=true&qid=1789844094&sr=8-2,B0B8NW6V8D,Bru Gold,Bru Gold instant coffee,100.0,100.0,,4.59
Bru Gold Edition | Premium Freeze Dried Coffee | Experience Intense Coffee Taste | Aromatic Instant Coffee | 100g (Pack of 3),https://m.media-amazon.com/images/I/51R1EUOGJKL._AC_UL960_FMwebp_QL65_.jpg,1377.0,,,https://www.amazon.in/Bru-Premium-Experience-Intense-Aromatic/dp/B0H6GLQVVF/ref=sr_1_23?dib=eyJ2IjoiMSJ9.srmpY5N-mflHuVr4ZWL-nZ_xIZnjGRn1vjZrrDr-ldBKlfnyb43h1OB5CB4WwBQ0hTvGyI2pclT7arv2ygehAIBmfjgXiB-KAKYXGaLV9KuiWWTWaXekS1ecwZW7FJIuAyUY3ChzeEAg0qCYDrXbQ74VKQEnLJusPGXpcfLte-wAHU-RFQHmR3tXoyrVoQ0j8JahaYhqB8nsv-yPDdURtqA_QBsnERG_CivjPC6rqbepMCJ6xk8853YgxSZJiQ5STgPGnFNnJzA14nXos3QbUXq6GAD8tL-a_TXIqwB-qCY.s_e_72SX-zGeY-bKcC8lPYhUWZWFEEizbOSMgncPKQg&dib_tag=se&keywords=Bru+Gold+instant+coffee&nsdOptOutParam=true&qid=1789844094&sr=8-23,B0H6GLQVVF,Bru Gold,Bru Gold instant coffee,300.0,100.0,3.0,4.59
Bru Gold Edition | Premium Freeze Dried Coffee | Experience Intense Coffee Taste | Aromatic Instant Coffee | 100g (Pack of 2),https://m.media-amazon.com/images/I/61lmrDSMcIL._AC_UL960_FMwebp_QL65_.jpg,918.0,,,https://www.amazon.in/Bru-Premium-Experience-Intense-Aromatic/dp/B0H6G48TLR/ref=sr_1_25?dib=eyJ2IjoiMSJ9.srmpY5N-mflHuVr4ZWL-nZ_xIZnjGRn1vjZrrDr-ldBKlfnyb43h1OB5CB4WwBQ0hTvGyI2pclT7arv2ygehAIBmfjgXiB-KAKYXGaLV9KuiWWTWaXekS1ecwZW7FJIuAyUY3ChzeEAg0qCYDrXbQ74VKQEnLJusPGXpcfLte-wAHU-RFQHmR3tXoyrVoQ0j8JahaYhqB8nsv-yPDdURtqA_QBsnERG_CivjPC6rqbepMCJ6xk8853YgxSZJiQ5STgPGnFNnJzA14nXos3QbUXq6GAD8tL-a_TXIqwB-qCY.s_e_72SX-zGeY-bKcC8lPYhUWZWFEEizbOSMgncPKQg&dib_tag=se&keywords=Bru+Gold+instant+coffee&nsdOptOutParam=true&qid=1789844094&sr=8-25,B0H6G48TLR,Bru Gold,Bru Gold instant coffee,200.0,100.0,2.0,4.59
Bru Gold Edition | 100% Pure Coffee | Experience Intense Coffee Taste | Aromatic Instant Coffee | 200g,https://m.media-amazon.com/images/I/51Rwzh3VQYL._AC_UL960_FMwebp_QL65_.jpg,960.0,4.3,435.0,https://www.amazon.in/Bru-Premium-Experience-Intense-Aromatic/dp/B0DSVRBP6P/ref=sr_1_7?dib=eyJ2IjoiMSJ9.srmpY5N-mflHuVr4ZWL-nZ_xIZnjGRn1vjZrrDr-ldBKlfnyb43h1OB5CB4WwBQ0hTvGyI2pclT7arv2ygehAIBmfjgXiB-KAKYXGaLV9KuiWWTWaXekS1ecwZW7FJIuAyUY3ChzeEAg0qCYDrXbQ74VKQEnLJusPGXpcfLte-wAHU-RFQHmR3tXoyrVoQ0j8JahaYhqB8nsv-yPDdURtqA_QBsnERG_CivjPC6rqbepMCJ6xk8853YgxSZJiQ5STgPGnFNnJzA14nXos3QbUXq6GAD8tL-a_TXIqwB-qCY.s_e_72SX-zGeY-bKcC8lPYhUWZWFEEizbOSMgncPKQg&dib_tag=se&keywords=Bru+Gold+instant+coffee&nsdOptOutParam=true&qid=1789844094&sr=8-7,B0DSVRBP6P,Bru Gold,Bru Gold instant coffee,200.0,200.0,,4.8
Bru Gold | Premium Freeze Dried Coffee | Experience Intense Coffee Taste | Aromatic Instant Coffee | 200g (Pack of 2),https://m.media-amazon.com/images/I/61OrclsOCrL._AC_UL960_FMwebp_QL65_.jpg,1920.0,,,https://www.amazon.in/Bru-Premium-Experience-Intense-Aromatic/dp/B0H6G9RF1Z/ref=sr_1_17?dib=eyJ2IjoiMSJ9.srmpY5N-mflHuVr4ZWL-nZ_xIZnjGRn1vjZrrDr-ldBKlfnyb43h1OB5CB4WwBQ0hTvGyI2pclT7arv2ygehAIBmfjgXiB-KAKYXGaLV9KuiWWTWaXekS1ecwZW7FJIuAyUY3ChzeEAg0qCYDrXbQ74VKQEnLJusPGXpcfLte-wAHU-RFQHmR3tXoyrVoQ0j8JahaYhqB8nsv-yPDdURtqA_QBsnERG_CivjPC6rqbepMCJ6xk8853YgxSZJiQ5STgPGnFNnJzA14nXos3QbUXq6GAD8tL-a_TXIqwB-qCY.s_e_72SX-zGeY-bKcC8lPYhUWZWFEEizbOSMgncPKQg&dib_tag=se&keywords=Bru+Gold+instant+coffee&nsdOptOutParam=true&qid=1789844094&sr=8-17,B0H6G9RF1Z,Bru Gold,Bru Gold instant coffee,400.0,200.0,2.0,4.8
Bru Gold Edition | Premium Freeze Dried Coffee | Experience Intense Coffee Taste | Aromatic Instant Coffee | 55g,https://m.media-amazon.com/images/I/515epHd5NoL._AC_UL960_FMwebp_QL65_.jpg,266.0,4.1,415.0,https://www.amazon.in/Bru-Freeze-Powder-Bottle-Coffee/dp/B0CBPYTYBV/ref=sr_1_3?dib=eyJ2IjoiMSJ9.srmpY5N-mflHuVr4ZWL-nZ_xIZnjGRn1vjZrrDr-ldBKlfnyb43h1OB5CB4WwBQ0hTvGyI2pclT7arv2ygehAIBmfjgXiB-KAKYXGaLV9KuiWWTWaXekS1ecwZW7FJIuAyUY3ChzeEAg0qCYDrXbQ74VKQEnLJusPGXpcfLte-wAHU-RFQHmR3tXoyrVoQ0j8JahaYhqB8nsv-yPDdURtqA_QBsnERG_CivjPC6rqbepMCJ6xk8853YgxSZJiQ5STgPGnFNnJzA14nXos3QbUXq6GAD8tL-a_TXIqwB-qCY.s_e_72SX-zGeY-bKcC8lPYhUWZWFEEizbOSMgncPKQg&dib_tag=se&keywords=Bru+Gold+instant+coffee&nsdOptOutParam=true&qid=1789844094&sr=8-3,B0CBPYTYBV,Bru Gold,Bru Gold instant coffee,55.0,55.0,,4.84
Bru Gold Edition | Premium Freeze Dried Coffee | Experience Intense Coffee Taste | Aromatic Instant Coffee | 55g (Pack of 3),https://m.media-amazon.com/images/I/51FulSn+nlL._AC_UL960_FMwebp_QL65_.jpg,798.0,4.1,415.0,https://www.amazon.in/Bru-Premium-Experience-Intense-Aromatic/dp/B0H6GK34HL/ref=sr_1_14?dib=eyJ2IjoiMSJ9.srmpY5N-mflHuVr4ZWL-nZ_xIZnjGRn1vjZrrDr-ldBKlfnyb43h1OB5CB4WwBQ0hTvGyI2pclT7arv2ygehAIBmfjgXiB-KAKYXGaLV9KuiWWTWaXekS1ecwZW7FJIuAyUY3ChzeEAg0qCYDrXbQ74VKQEnLJusPGXpcfLte-wAHU-RFQHmR3tXoyrVoQ0j8JahaYhqB8nsv-yPDdURtqA_QBsnERG_CivjPC6rqbepMCJ6xk8853YgxSZJiQ5STgPGnFNnJzA14nXos3QbUXq6GAD8tL-a_TXIqwB-qCY.s_e_72SX-zGeY-bKcC8lPYhUWZWFEEizbOSMgncPKQg&dib_tag=se&keywords=Bru+Gold+instant+coffee&nsdOptOutParam=true&qid=1789844094&sr=8-14,B0H6GK34HL,Bru Gold,Bru Gold instant coffee,165.0,55.0,3.0,4.84
Bru Gold Edition | Premium Freeze Dried Coffee | Experience Intense Coffee Taste | Aromatic Instant Coffee | 55g (Pack of 2),https://m.media-amazon.com/images/I/61CSf61YeaL._AC_UL960_FMwebp_QL65_.jpg,532.0,,,https://www.amazon.in/Bru-Premium-Experience-Intense-Aromatic/dp/B0H6GH8D7P/ref=sr_1_21?dib=eyJ2IjoiMSJ9.srmpY5N-mflHuVr4ZWL-nZ_xIZnjGRn1vjZrrDr-ldBKlfnyb43h1OB5CB4WwBQ0hTvGyI2pclT7arv2ygehAIBmfjgXiB-KAKYXGaLV9KuiWWTWaXekS1ecwZW7FJIuAyUY3ChzeEAg0qCYDrXbQ74VKQEnLJusPGXpcfLte-wAHU-RFQHmR3tXoyrVoQ0j8JahaYhqB8nsv-yPDdURtqA_QBsnERG_CivjPC6rqbepMCJ6xk8853YgxSZJiQ5STgPGnFNnJzA14nXos3QbUXq6GAD8tL-a_TXIqwB-qCY.s_e_72SX-zGeY-bKcC8lPYhUWZWFEEizbOSMgncPKQg&dib_tag=se&keywords=Bru+Gold+instant+coffee&nsdOptOutParam=true&qid=1789844094&sr=8-21,B0H6GH8D7P,Bru Gold,Bru Gold instant coffee,110.0,55.0,2.0,4.84
"Bru Gold Instant Coffee, 100% Pure Granulated Coffee, 100 g",https://m.media-amazon.com/images/I/61wD14yq6PL._AC_UL960_FMwebp_QL65_.jpg,537.0,4.3,435.0,https://www.amazon.in/Bru-Gold-Instant-Coffee-100g/dp/B00GPJF85C/ref=sr_1_8?dib=eyJ2IjoiMSJ9.srmpY5N-mflHuVr4ZWL-nZ_xIZnjGRn1vjZrrDr-ldBKlfnyb43h1OB5CB4WwBQ0hTvGyI2pclT7arv2ygehAIBmfjgXiB-KAKYXGaLV9KuiWWTWaXekS1ecwZW7FJIuAyUY3ChzeEAg0qCYDrXbQ74VKQEnLJusPGXpcfLte-wAHU-RFQHmR3tXoyrVoQ0j8JahaYhqB8nsv-yPDdURtqA_QBsnERG_CivjPC6rqbepMCJ6xk8853YgxSZJiQ5STgPGnFNnJzA14nXos3QbUXq6GAD8tL-a_TXIqwB-qCY.s_e_72SX-zGeY-bKcC8lPYhUWZWFEEizbOSMgncPKQg&dib_tag=se&keywords=Bru+Gold+instant+coffee&nsdOptOutParam=true&qid=1789844094&sr=8-8,B00GPJF85C,Bru Gold,Bru Gold instant coffee,100.0,100.0,,5.37
Gold Vanilla 55g | Flavoured Instant Coffee | Flavourful Twist to Your Everyday Coffee | + Bru Gold Caramel 55g | Flavoured Instant Coffee | Flavourful Twist to Your Everyday Coffee |,https://m.media-amazon.com/images/I/51C-zRI01LL._AC_UL960_FMwebp_QL65_.jpg,623.0,5.0,505.0,https://www.amazon.in/Bru-Vanilla-Flavoured-Flavourful-Everyday/dp/B0H113WQGK/ref=sr_1_28?dib=eyJ2IjoiMSJ9.srmpY5N-mflHuVr4ZWL-nZ_xIZnjGRn1vjZrrDr-ldBKlfnyb43h1OB5CB4WwBQ0hTvGyI2pclT7arv2ygehAIBmfjgXiB-KAKYXGaLV9KuiWWTWaXekS1ecwZW7FJIuAyUY3ChzeEAg0qCYDrXbQ74VKQEnLJusPGXpcfLte-wAHU-RFQHmR3tXoyrVoQ0j8JahaYhqB8nsv-yPDdURtqA_QBsnERG_CivjPC6rqbepMCJ6xk8853YgxSZJiQ5STgPGnFNnJzA14nXos3QbUXq6GAD8tL-a_TXIqwB-qCY.s_e_72SX-zGeY-bKcC8lPYhUWZWFEEizbOSMgncPKQg&dib_tag=se&keywords=Bru+Gold+instant+coffee&nsdOptOutParam=true&qid=1789844094&sr=8-28,B0H113WQGK,Bru Gold,Bru Gold instant coffee,110.0,55.0,2.0,5.66
Gold Vanilla 55g | Flavoured Instant Coffee | Flavourful Twist to Your Everyday Coffee | + Bru Gold Hazelnut 55g | Flavoured Instant Coffee | Flavourful Twist to Your Everyday Coffee |,https://m.media-amazon.com/images/I/51vZ4PBv8jL._AC_UL960_FMwebp_QL65_.jpg,626.0,3.0,305.0,https://www.amazon.in/Bru-Flavoured-Flavourful-Everyday-Hazelnut/dp/B0H1125R7N/ref=sr_1_31?dib=eyJ2IjoiMSJ9.srmpY5N-mflHuVr4ZWL-nZ_xIZnjGRn1vjZrrDr-ldBKlfnyb43h1OB5CB4WwBQ0hTvGyI2pclT7arv2ygehAIBmfjgXiB-KAKYXGaLV9KuiWWTWaXekS1ecwZW7FJIuAyUY3ChzeEAg0qCYDrXbQ74VKQEnLJusPGXpcfLte-wAHU-RFQHmR3tXoyrVoQ0j8JahaYhqB8nsv-yPDdURtqA_QBsnERG_CivjPC6rqbepMCJ6xk8853YgxSZJiQ5STgPGnFNnJzA14nXos3QbUXq6GAD8tL-a_TXIqwB-qCY.s_e_72SX-zGeY-bKcC8lPYhUWZWFEEizbOSMgncPKQg&dib_tag=se&keywords=Bru+Gold+instant+coffee&nsdOptOutParam=true&qid=1789844094&sr=8-31,B0H1125R7N,Bru Gold,Bru Gold instant coffee,110.0,55.0,2.0,5.69
Gold Caramel 55g | Flavoured Instant Coffee | Flavourful Twist to Your Everyday Coffee | + Bru Gold Hazelnut 55g | Flavoured Instant Coffee | Flavourful Twist to Your Everyday Coffee |,https://m.media-amazon.com/images/I/51E5fxwAquL._AC_UL960_FMwebp_QL65_.jpg,627.0,,,https://www.amazon.in/Bru-Flavoured-Flavourful-Everyday-Hazelnut/dp/B0H1177T4V/ref=sr_1_29?dib=eyJ2IjoiMSJ9.srmpY5N-mflHuVr4ZWL-nZ_xIZnjGRn1vjZrrDr-ldBKlfnyb43h1OB5CB4WwBQ0hTvGyI2pclT7arv2ygehAIBmfjgXiB-KAKYXGaLV9KuiWWTWaXekS1ecwZW7FJIuAyUY3ChzeEAg0qCYDrXbQ74VKQEnLJusPGXpcfLte-wAHU-RFQHmR3tXoyrVoQ0j8JahaYhqB8nsv-yPDdURtqA_QBsnERG_CivjPC6rqbepMCJ6xk8853YgxSZJiQ5STgPGnFNnJzA14nXos3QbUXq6GAD8tL-a_TXIqwB-qCY.s_e_72SX-zGeY-bKcC8lPYhUWZWFEEizbOSMgncPKQg&dib_tag=se&keywords=Bru+Gold+instant+coffee&nsdOptOutParam=true&qid=1789844094&sr=8-29,B0H1177T4V,Bru Gold,Bru Gold instant coffee,110.0,55.0,2.0,5.7
"BRU Gold Coffee, 50g",https://m.media-amazon.com/images/I/91QqouVGw9L._AC_UL960_FMwebp_QL65_.jpg,325.0,4.3,435.0,https://www.amazon.in/Bru-BRU-Gold-Coffee-50g/dp/B00GPJHY2W/ref=sr_1_26?dib=eyJ2IjoiMSJ9.srmpY5N-mflHuVr4ZWL-nZ_xIZnjGRn1vjZrrDr-ldBKlfnyb43h1OB5CB4WwBQ0hTvGyI2pclT7arv2ygehAIBmfjgXiB-KAKYXGaLV9KuiWWTWaXekS1ecwZW7FJIuAyUY3ChzeEAg0qCYDrXbQ74VKQEnLJusPGXpcfLte-wAHU-RFQHmR3tXoyrVoQ0j8JahaYhqB8nsv-yPDdURtqA_QBsnERG_CivjPC6rqbepMCJ6xk8853YgxSZJiQ5STgPGnFNnJzA14nXos3QbUXq6GAD8tL-a_TXIqwB-qCY.s_e_72SX-zGeY-bKcC8lPYhUWZWFEEizbOSMgncPKQg&dib_tag=se&keywords=Bru+Gold+instant+coffee&nsdOptOutParam=true&qid=1789844094&sr=8-26,B00GPJHY2W,Bru Gold,Bru Gold instant coffee,50.0,50.0,,6.5
"Davidoff Fine Aroma Instant Coffee 7/12 Intensity - 100% Arabica, 100G, Granule, Glass Bottle",https://m.media-amazon.com/images/I/61hLTug8SkL._AC_UL960_FMwebp_QL65_.jpg,749.0,4.5,455.0,https://www.amazon.in/Davidoff-Aroma-Instant-Coffee-Arabica/dp/B09G54VXJW/ref=sr_1_16?dib=eyJ2IjoiMSJ9.umIbmiqO3ANRJpq7r8oy-084P2O58u51Nm5mue2WVoRqr7j9t4WcN8s82m4vg7A2zaE9bmCIhK_r9l3T33foQ5cADAaZZN6TKIHqTXEnORnJ6slm7e5CmUYYfjbjzGcbWxjhPEKqzgMEvYlpPdCXqx7tppK6CycGomYU0T-oTngDexIHTXQv9cq-dBvc9w_gB2rxZSiBAPUO6DnFOeqiRi3d8KddinwXaneszBXTfpw9ZRGmbaR5i77bFkU9HlreJxbKQBYkI585Zjnnm6QatPdE-xouYttWe4Y_Pa2Kieg.pQFx1WovVXT1lnJM_gw_s_EnqC_1Ard0qczg-_4o0hs&dib_tag=se&keywords=Davidoff+coffee+powder&nsdOptOutParam=true&qid=1789844112&sr=8-16,B09G54VXJW,Davidoff,Davidoff coffee powder,100.0,100.0,,7.49
"DAVIDOFF FINE AROMA INSTANT COFFEE 7/12 INTENSITY - 100% ARABICA, 3.53 OZ ℮ 100G, GRANULE, GLASS BOTTLE - PACK OF 6",https://m.media-amazon.com/images/I/71jZ4KXxX9L._AC_UL960_FMwebp_QL65_.jpg,4494.0,5.0,505.0,https://www.amazon.in/DAVIDOFF-AROMA-INSTANT-COFFEE-INTENSITY/dp/B09XFPRQST/ref=sr_1_56?dib=eyJ2IjoiMSJ9.umIbmiqO3ANRJpq7r8oy-084P2O58u51Nm5mue2WVoRqr7j9t4WcN8s82m4vg7A2zaE9bmCIhK_r9l3T33foQ5cADAaZZN6TKIHqTXEnORnJ6slm7e5CmUYYfjbjzGcbWxjhPEKqzgMEvYlpPdCXqx7tppK6CycGomYU0T-oTngDexIHTXQv9cq-dBvc9w_gB2rxZSiBAPUO6DnFOeqiRi3d8KddinwXaneszBXTfpw9ZRGmbaR5i77bFkU9HlreJxbKQBYkI585Zjnnm6QatPdE-xouYttWe4Y_Pa2Kieg.pQFx1WovVXT1lnJM_gw_s_EnqC_1Ard0qczg-_4o0hs&dib_tag=se&keywords=Davidoff+coffee+powder&nsdOptOutParam=true&qid=1789844112&sr=8-56,B09XFPRQST,Davidoff,Davidoff coffee powder,600.0,100.0,6.0,7.49
"DAVIDOFF Crema Flavoured Coffee Chewy Candy, 50g | chewy coffee candy",https://m.media-amazon.com/images/I/417oMVY36hL._AC_UL960_FMwebp_QL65_.jpg,380.0,,,https://www.amazon.in/DAVIDOFF-Crema-Flavoured-Coffee-Chewy/dp/B0HH6GXKTM/ref=sr_1_89?dib=eyJ2IjoiMSJ9.o4308BOKLgUVJoCRL6L4daW-LaGa2Re6skgUk7MxTf1zjT0X1gAGCF0YcR-i1uL_9hrczJZ5SyXdGb7dIkyeipx6cznjCsn21z84AzNEHXiu3pdJF_gmdz2BPVr9ZvZlv3TCaBVXrpP-X_8mfciPR7es0Rb5yTOLI_rVZ3we0gZEJOXbGlMvE94zNmPUv_nKlP7cjWrULk3NbpH0Oy9u485Dtt-JuXbexyaPgRRd-D8SDDi4pDWNxkHMfFehL2lze3zDQuzmRbWuJ6U_QcB5C94qsdtA82yYYnN13gksBWY.hjRoHMer5pIGXPlve3Tp2HLxlCoyAupgs6SiSxeqqMo&dib_tag=se&keywords=Davidoff+coffee+powder&nsdOptOutParam=true&qid=1789844119&sr=8-89,B0HH6GXKTM,Davidoff,Davidoff coffee powder,50.0,50.0,,7.6
"Davidoff Espresso 57 Dark & Chocolatey Instant Coffee – 100% Arabica, Rich Premium Coffee 100g Jar | Imported from Germany",https://m.media-amazon.com/images/I/51YOeUqvPmL._AC_UL960_FMwebp_QL65_.jpg,767.0,4.5,455.0,https://www.amazon.in/Davidoff-Espresso-Chocolatey-Instant-Coffee/dp/B0G12G1QZ7/ref=sr_1_24?dib=eyJ2IjoiMSJ9.umIbmiqO3ANRJpq7r8oy-084P2O58u51Nm5mue2WVoRqr7j9t4WcN8s82m4vg7A2zaE9bmCIhK_r9l3T33foQ5cADAaZZN6TKIHqTXEnORnJ6slm7e5CmUYYfjbjzGcbWxjhPEKqzgMEvYlpPdCXqx7tppK6CycGomYU0T-oTngDexIHTXQv9cq-dBvc9w_gB2rxZSiBAPUO6DnFOeqiRi3d8KddinwXaneszBXTfpw9ZRGmbaR5i77bFkU9HlreJxbKQBYkI585Zjnnm6QatPdE-xouYttWe4Y_Pa2Kieg.pQFx1WovVXT1lnJM_gw_s_EnqC_1Ard0qczg-_4o0hs&dib_tag=se&keywords=Davidoff+coffee+powder&nsdOptOutParam=true&qid=1789844112&sr=8-24,B0G12G1QZ7,Davidoff,Davidoff coffee powder,100.0,100.0,,7.67
"Davidoff Espresso 57 Intense Instant Coffee 11/12 Intensity - 100% Arabica, 3.53 oz 100g, Granule, Glass Bottle",https://m.media-amazon.com/images/I/51DR7H-nNAL._AC_UL960_FMwebp_QL65_.jpg,768.0,4.5,455.0,https://www.amazon.in/Davidoff-Espresso-Instant-Coffee-3-5-Ounce/dp/B00WB9A8PU/ref=sr_1_32?dib=eyJ2IjoiMSJ9.umIbmiqO3ANRJpq7r8oy-084P2O58u51Nm5mue2WVoRqr7j9t4WcN8s82m4vg7A2zaE9bmCIhK_r9l3T33foQ5cADAaZZN6TKIHqTXEnORnJ6slm7e5CmUYYfjbjzGcbWxjhPEKqzgMEvYlpPdCXqx7tppK6CycGomYU0T-oTngDexIHTXQv9cq-dBvc9w_gB2rxZSiBAPUO6DnFOeqiRi3d8KddinwXaneszBXTfpw9ZRGmbaR5i77bFkU9HlreJxbKQBYkI585Zjnnm6QatPdE-xouYttWe4Y_Pa2Kieg.pQFx1WovVXT1lnJM_gw_s_EnqC_1Ard0qczg-_4o0hs&dib_tag=se&keywords=Davidoff+coffee+powder&nsdOptOutParam=true&qid=1789844112&sr=8-32,B00WB9A8PU,Davidoff,Davidoff coffee powder,100.0,100.0,,7.68
"Davidoff Fine Aroma Instant Coffee 100% Arabica, 3.53 oz ℮ 100 g",https://m.media-amazon.com/images/I/61KjXPsChPL._AC_UL960_FMwebp_QL65_.jpg,779.0,4.6,465.0,https://www.amazon.in/Davidoff-Fine-Aroma-100Gm/dp/B00N3VCKUG/ref=sr_1_38?dib=eyJ2IjoiMSJ9.umIbmiqO3ANRJpq7r8oy-084P2O58u51Nm5mue2WVoRqr7j9t4WcN8s82m4vg7A2zaE9bmCIhK_r9l3T33foQ5cADAaZZN6TKIHqTXEnORnJ6slm7e5CmUYYfjbjzGcbWxjhPEKqzgMEvYlpPdCXqx7tppK6CycGomYU0T-oTngDexIHTXQv9cq-dBvc9w_gB2rxZSiBAPUO6DnFOeqiRi3d8KddinwXaneszBXTfpw9ZRGmbaR5i77bFkU9HlreJxbKQBYkI585Zjnnm6QatPdE-xouYttWe4Y_Pa2Kieg.pQFx1WovVXT1lnJM_gw_s_EnqC_1Ard0qczg-_4o0hs&dib_tag=se&keywords=Davidoff+coffee+powder&nsdOptOutParam=true&qid=1789844112&sr=8-38,B00N3VCKUG,Davidoff,Davidoff coffee powder,100.0,100.0,,7.79
"Davidoff Fine Aroma Instant Coffee 100% Arabica 7/12 Intensity, 90g, Glass Bottle",https://m.media-amazon.com/images/I/51qLowghHEL._AC_UL960_FMwebp_QL65_.jpg,724.0,4.6,465.0,https://www.amazon.in/Davidoff-Instant-Coffee-Arabica-Intensity/dp/B0FNWY477N/ref=sr_1_19?dib=eyJ2IjoiMSJ9.umIbmiqO3ANRJpq7r8oy-084P2O58u51Nm5mue2WVoRqr7j9t4WcN8s82m4vg7A2zaE9bmCIhK_r9l3T33foQ5cADAaZZN6TKIHqTXEnORnJ6slm7e5CmUYYfjbjzGcbWxjhPEKqzgMEvYlpPdCXqx7tppK6CycGomYU0T-oTngDexIHTXQv9cq-dBvc9w_gB2rxZSiBAPUO6DnFOeqiRi3d8KddinwXaneszBXTfpw9ZRGmbaR5i77bFkU9HlreJxbKQBYkI585Zjnnm6QatPdE-xouYttWe4Y_Pa2Kieg.pQFx1WovVXT1lnJM_gw_s_EnqC_1Ard0qczg-_4o0hs&dib_tag=se&keywords=Davidoff+coffee+powder&nsdOptOutParam=true&qid=1789844112&sr=8-19,B0FNWY477N,Davidoff,Davidoff coffee powder,90.0,90.0,,8.04
"Davidoff Fine Aroma Instant Coffee 7/12 Intensity - 100% Arabica, 100G, Granule, Glass Bottle - Pack Of 6",https://m.media-amazon.com/images/I/71KHFlu301L._AC_UL960_FMwebp_QL65_.jpg,4899.0,4.8,485.0,https://www.amazon.in/DAVIDOFF-Fine-Aroma-Instant-Coffee/dp/B0D9HB5PVF/ref=sr_1_54?dib=eyJ2IjoiMSJ9.umIbmiqO3ANRJpq7r8oy-084P2O58u51Nm5mue2WVoRqr7j9t4WcN8s82m4vg7A2zaE9bmCIhK_r9l3T33foQ5cADAaZZN6TKIHqTXEnORnJ6slm7e5CmUYYfjbjzGcbWxjhPEKqzgMEvYlpPdCXqx7tppK6CycGomYU0T-oTngDexIHTXQv9cq-dBvc9w_gB2rxZSiBAPUO6DnFOeqiRi3d8KddinwXaneszBXTfpw9ZRGmbaR5i77bFkU9HlreJxbKQBYkI585Zjnnm6QatPdE-xouYttWe4Y_Pa2Kieg.pQFx1WovVXT1lnJM_gw_s_EnqC_1Ard0qczg-_4o0hs&dib_tag=se&keywords=Davidoff+coffee+powder&nsdOptOutParam=true&qid=1789844112&sr=8-54,B0D9HB5PVF,Davidoff,Davidoff coffee powder,600.0,100.0,6.0,8.16
"DAVIDOFF RICH AROMA INSTANT COFFEE 10/12 INTENSITY - 100% ARABICA, 100G, GRANULE, GLASS BOTTLE.",https://m.media-amazon.com/images/I/71zL2iKgkTL._AC_UL960_FMwebp_QL65_.jpg,828.0,4.6,465.0,https://www.amazon.in/DAVIDOFF-AROMA-INSTANT-COFFEE-INTENSITY/dp/B00STKLN1S/ref=sr_1_18?dib=eyJ2IjoiMSJ9.umIbmiqO3ANRJpq7r8oy-084P2O58u51Nm5mue2WVoRqr7j9t4WcN8s82m4vg7A2zaE9bmCIhK_r9l3T33foQ5cADAaZZN6TKIHqTXEnORnJ6slm7e5CmUYYfjbjzGcbWxjhPEKqzgMEvYlpPdCXqx7tppK6CycGomYU0T-oTngDexIHTXQv9cq-dBvc9w_gB2rxZSiBAPUO6DnFOeqiRi3d8KddinwXaneszBXTfpw9ZRGmbaR5i77bFkU9HlreJxbKQBYkI585Zjnnm6QatPdE-xouYttWe4Y_Pa2Kieg.pQFx1WovVXT1lnJM_gw_s_EnqC_1Ard0qczg-_4o0hs&dib_tag=se&keywords=Davidoff+coffee+powder&nsdOptOutParam=true&qid=1789844112&sr=8-18,B00STKLN1S,Davidoff,Davidoff coffee powder,100.0,100.0,,8.28
"Davidoff Crema Intense Instant Coffee - 9/12 Intensity - 100% Arabica - 90G, Powder, Glass Bottle",https://m.media-amazon.com/images/I/61o7ubECHOL._AC_UL960_FMwebp_QL65_.jpg,749.0,4.1,415.0,https://www.amazon.in/Davidoff-Crema-Intense-Bottle-90/dp/B07NQDJFJN/ref=sr_1_8?dib=eyJ2IjoiMSJ9.umIbmiqO3ANRJpq7r8oy-084P2O58u51Nm5mue2WVoRqr7j9t4WcN8s82m4vg7A2zaE9bmCIhK_r9l3T33foQ5cADAaZZN6TKIHqTXEnORnJ6slm7e5CmUYYfjbjzGcbWxjhPEKqzgMEvYlpPdCXqx7tppK6CycGomYU0T-oTngDexIHTXQv9cq-dBvc9w_gB2rxZSiBAPUO6DnFOeqiRi3d8KddinwXaneszBXTfpw9ZRGmbaR5i77bFkU9HlreJxbKQBYkI585Zjnnm6QatPdE-xouYttWe4Y_Pa2Kieg.pQFx1WovVXT1lnJM_gw_s_EnqC_1Ard0qczg-_4o0hs&dib_tag=se&keywords=Davidoff+coffee+powder&nsdOptOutParam=true&qid=1789844112&sr=8-8,B07NQDJFJN,Davidoff,Davidoff coffee powder,90.0,90.0,,8.32
"Davidoff Rich Aroma Instant Coffee 10/12 Intensity - 100% Arabica, 100G, Granule, Glass Bottle",https://m.media-amazon.com/images/I/614E+6zD8wL._AC_UL960_FMwebp_QL65_.jpg,835.0,4.4,445.0,https://www.amazon.in/Davidoff-Aroma-Instant-Coffee-Arabica/dp/B09G5DNBK4/ref=sr_1_7_mod_primary_new?dib=eyJ2IjoiMSJ9.umIbmiqO3ANRJpq7r8oy-084P2O58u51Nm5mue2WVoRqr7j9t4WcN8s82m4vg7A2zaE9bmCIhK_r9l3T33foQ5cADAaZZN6TKIHqTXEnORnJ6slm7e5CmUYYfjbjzGcbWxjhPEKqzgMEvYlpPdCXqx7tppK6CycGomYU0T-oTngDexIHTXQv9cq-dBvc9w_gB2rxZSiBAPUO6DnFOeqiRi3d8KddinwXaneszBXTfpw9ZRGmbaR5i77bFkU9HlreJxbKQBYkI585Zjnnm6QatPdE-xouYttWe4Y_Pa2Kieg.pQFx1WovVXT1lnJM_gw_s_EnqC_1Ard0qczg-_4o0hs&dib_tag=se&keywords=Davidoff+coffee+powder&nsdOptOutParam=true&qid=1789844112&sbo=RZvfv%2F%2FHxDF%2BO5021pAnSA%3D%3D&sr=8-7,B09G5DNBK4,Davidoff,Davidoff coffee powder,100.0,100.0,,8.35
"DAVIDOFF Espresso 57 Instant Coffee, 100% Arabica, Dark & Chocolatey, 90g | 100% Arabica, Dark & Chocolatey",https://m.media-amazon.com/images/I/51CkQu-kPlL._AC_UL960_FMwebp_QL65_.jpg,754.0,4.6,465.0,https://www.amazon.in/DAVIDOFF-Espresso-Instant-Arabica-Chocolatey/dp/B0GJT171LQ/ref=sr_1_36?dib=eyJ2IjoiMSJ9.umIbmiqO3ANRJpq7r8oy-084P2O58u51Nm5mue2WVoRqr7j9t4WcN8s82m4vg7A2zaE9bmCIhK_r9l3T33foQ5cADAaZZN6TKIHqTXEnORnJ6slm7e5CmUYYfjbjzGcbWxjhPEKqzgMEvYlpPdCXqx7tppK6CycGomYU0T-oTngDexIHTXQv9cq-dBvc9w_gB2rxZSiBAPUO6DnFOeqiRi3d8KddinwXaneszBXTfpw9ZRGmbaR5i77bFkU9HlreJxbKQBYkI585Zjnnm6QatPdE-xouYttWe4Y_Pa2Kieg.pQFx1WovVXT1lnJM_gw_s_EnqC_1Ard0qczg-_4o0hs&dib_tag=se&keywords=Davidoff+coffee+powder&nsdOptOutParam=true&qid=1789844112&sr=8-36,B0GJT171LQ,Davidoff,Davidoff coffee powder,90.0,90.0,,8.38
"Davidoff Fine Aroma Instant Coffee Powder Bottle 100% Arabica, 3.53 Oz ? 100 G, 2 Pack",https://m.media-amazon.com/images/I/61MFi7VDJzL._AC_UL960_FMwebp_QL65_.jpg,1677.0,4.6,465.0,https://www.amazon.in/Davidoff-Fine-Aroma-Coffee-Bottle/dp/B087N68YT2/ref=sr_1_37?dib=eyJ2IjoiMSJ9.umIbmiqO3ANRJpq7r8oy-084P2O58u51Nm5mue2WVoRqr7j9t4WcN8s82m4vg7A2zaE9bmCIhK_r9l3T33foQ5cADAaZZN6TKIHqTXEnORnJ6slm7e5CmUYYfjbjzGcbWxjhPEKqzgMEvYlpPdCXqx7tppK6CycGomYU0T-oTngDexIHTXQv9cq-dBvc9w_gB2rxZSiBAPUO6DnFOeqiRi3d8KddinwXaneszBXTfpw9ZRGmbaR5i77bFkU9HlreJxbKQBYkI585Zjnnm6QatPdE-xouYttWe4Y_Pa2Kieg.pQFx1WovVXT1lnJM_gw_s_EnqC_1Ard0qczg-_4o0hs&dib_tag=se&keywords=Davidoff+coffee+powder&nsdOptOutParam=true&qid=1789844112&sr=8-37,B087N68YT2,Davidoff,Davidoff coffee powder,200.0,100.0,2.0,8.38
Davidoff Crema Intense Instant Coffee Powder Bottle- 9/12 ntensity - 90 Gram,https://m.media-amazon.com/images/I/61bdTMmpkEL._AC_UL960_FMwebp_QL65_.jpg,758.0,4.2,425.0,https://www.amazon.in/Davidoff-Crema-Intense-Instant-Coffee/dp/B094742C7W/ref=sr_1_23?dib=eyJ2IjoiMSJ9.umIbmiqO3ANRJpq7r8oy-084P2O58u51Nm5mue2WVoRqr7j9t4WcN8s82m4vg7A2zaE9bmCIhK_r9l3T33foQ5cADAaZZN6TKIHqTXEnORnJ6slm7e5CmUYYfjbjzGcbWxjhPEKqzgMEvYlpPdCXqx7tppK6CycGomYU0T-oTngDexIHTXQv9cq-dBvc9w_gB2rxZSiBAPUO6DnFOeqiRi3d8KddinwXaneszBXTfpw9ZRGmbaR5i77bFkU9HlreJxbKQBYkI585Zjnnm6QatPdE-xouYttWe4Y_Pa2Kieg.pQFx1WovVXT1lnJM_gw_s_EnqC_1Ard0qczg-_4o0hs&dib_tag=se&keywords=Davidoff+coffee+powder&nsdOptOutParam=true&qid=1789844112&sr=8-23,B094742C7W,Davidoff,Davidoff coffee powder,90.0,90.0,,8.42
"Davidoff Rich Aroma Instant Coffee 10/12 Intensity - 100% Arabica, 90g, Granule, Glass Bottle",https://m.media-amazon.com/images/I/61z2qY1xO3L._AC_UL960_FMwebp_QL65_.jpg,760.0,4.7,475.0,https://www.amazon.in/Davidoff-Aroma-Instant-Coffee-Intensity/dp/B0FNWZ3YVV/ref=sr_1_26?dib=eyJ2IjoiMSJ9.umIbmiqO3ANRJpq7r8oy-084P2O58u51Nm5mue2WVoRqr7j9t4WcN8s82m4vg7A2zaE9bmCIhK_r9l3T33foQ5cADAaZZN6TKIHqTXEnORnJ6slm7e5CmUYYfjbjzGcbWxjhPEKqzgMEvYlpPdCXqx7tppK6CycGomYU0T-oTngDexIHTXQv9cq-dBvc9w_gB2rxZSiBAPUO6DnFOeqiRi3d8KddinwXaneszBXTfpw9ZRGmbaR5i77bFkU9HlreJxbKQBYkI585Zjnnm6QatPdE-xouYttWe4Y_Pa2Kieg.pQFx1WovVXT1lnJM_gw_s_EnqC_1Ard0qczg-_4o0hs&dib_tag=se&keywords=Davidoff+coffee+powder&nsdOptOutParam=true&qid=1789844112&sr=8-26,B0FNWZ3YVV,Davidoff,Davidoff coffee powder,90.0,90.0,,8.44
"Davidoff Espresso 57 Intense Instant Coffee 11/12 Intensity - 100% Arabica, 100G, Granule, Glass Bottle",https://m.media-amazon.com/images/I/61ysJp8MtpL._AC_UL960_FMwebp_QL65_.jpg,849.0,4.6,465.0,https://www.amazon.in/Davidoff-Espresso-Intense-Instant-Arabica/dp/B09G5BS32M/ref=sr_1_6?dib=eyJ2IjoiMSJ9.umIbmiqO3ANRJpq7r8oy-084P2O58u51Nm5mue2WVoRqr7j9t4WcN8s82m4vg7A2zaE9bmCIhK_r9l3T33foQ5cADAaZZN6TKIHqTXEnORnJ6slm7e5CmUYYfjbjzGcbWxjhPEKqzgMEvYlpPdCXqx7tppK6CycGomYU0T-oTngDexIHTXQv9cq-dBvc9w_gB2rxZSiBAPUO6DnFOeqiRi3d8KddinwXaneszBXTfpw9ZRGmbaR5i77bFkU9HlreJxbKQBYkI585Zjnnm6QatPdE-xouYttWe4Y_Pa2Kieg.pQFx1WovVXT1lnJM_gw_s_EnqC_1Ard0qczg-_4o0hs&dib_tag=se&keywords=Davidoff+coffee+powder&nsdOptOutParam=true&qid=1789844112&sr=8-6,B09G5BS32M,Davidoff,Davidoff coffee powder,100.0,100.0,,8.49
"Davidoff Instant Coffee - Premium Gift Pack Tin - Rich Aroma,100g and Decaf Elegant, 100g, Instant Coffee, Granules.",https://m.media-amazon.com/images/I/51196J+AkwL._AC_UL960_FMwebp_QL65_.jpg,1699.0,3.9,395.0,https://www.amazon.in/Davidoff-Instant-Coffee-Premium-Granules/dp/B0GRMVD6T2/ref=sr_1_20?dib=eyJ2IjoiMSJ9.umIbmiqO3ANRJpq7r8oy-084P2O58u51Nm5mue2WVoRqr7j9t4WcN8s82m4vg7A2zaE9bmCIhK_r9l3T33foQ5cADAaZZN6TKIHqTXEnORnJ6slm7e5CmUYYfjbjzGcbWxjhPEKqzgMEvYlpPdCXqx7tppK6CycGomYU0T-oTngDexIHTXQv9cq-dBvc9w_gB2rxZSiBAPUO6DnFOeqiRi3d8KddinwXaneszBXTfpw9ZRGmbaR5i77bFkU9HlreJxbKQBYkI585Zjnnm6QatPdE-xouYttWe4Y_Pa2Kieg.pQFx1WovVXT1lnJM_gw_s_EnqC_1Ard0qczg-_4o0hs&dib_tag=se&keywords=Davidoff+coffee+powder&nsdOptOutParam=true&qid=1789844112&sr=8-20,B0GRMVD6T2,Davidoff,Davidoff coffee powder,200.0,100.0,2.0,8.49
"Davidoff Espresso 57 Intense Instant Coffee 11/12 Intensity - 100% Arabica, 90g, Granule, Glass Bottle",https://m.media-amazon.com/images/I/51cibVPhmVL._AC_UL960_FMwebp_QL65_.jpg,769.0,4.6,465.0,https://www.amazon.in/Davidoff-Espresso-Intense-Instant-Intensity/dp/B0FNX13ZBK/ref=sr_1_9?dib=eyJ2IjoiMSJ9.umIbmiqO3ANRJpq7r8oy-084P2O58u51Nm5mue2WVoRqr7j9t4WcN8s82m4vg7A2zaE9bmCIhK_r9l3T33foQ5cADAaZZN6TKIHqTXEnORnJ6slm7e5CmUYYfjbjzGcbWxjhPEKqzgMEvYlpPdCXqx7tppK6CycGomYU0T-oTngDexIHTXQv9cq-dBvc9w_gB2rxZSiBAPUO6DnFOeqiRi3d8KddinwXaneszBXTfpw9ZRGmbaR5i77bFkU9HlreJxbKQBYkI585Zjnnm6QatPdE-xouYttWe4Y_Pa2Kieg.pQFx1WovVXT1lnJM_gw_s_EnqC_1Ard0qczg-_4o0hs&dib_tag=se&keywords=Davidoff+coffee+powder&nsdOptOutParam=true&qid=1789844112&sr=8-9,B0FNX13ZBK,Davidoff,Davidoff coffee powder,90.0,90.0,,8.54
"Davidoff Rich Aroma Instant Coffee Vivid & Spicy Flavour, By febora, 100% Arabica Coffee, 90g",https://m.media-amazon.com/images/I/31kNXb6QbhL._AC_UL692_FMwebp_QL65_.jpg,778.55,4.5,455.0,https://www.amazon.in/Davidoff-Instant-Coffee-Flavour-Arabica/dp/B0GJT95JMT/ref=sr_1_39?dib=eyJ2IjoiMSJ9.umIbmiqO3ANRJpq7r8oy-084P2O58u51Nm5mue2WVoRqr7j9t4WcN8s82m4vg7A2zaE9bmCIhK_r9l3T33foQ5cADAaZZN6TKIHqTXEnORnJ6slm7e5CmUYYfjbjzGcbWxjhPEKqzgMEvYlpPdCXqx7tppK6CycGomYU0T-oTngDexIHTXQv9cq-dBvc9w_gB2rxZSiBAPUO6DnFOeqiRi3d8KddinwXaneszBXTfpw9ZRGmbaR5i77bFkU9HlreJxbKQBYkI585Zjnnm6QatPdE-xouYttWe4Y_Pa2Kieg.pQFx1WovVXT1lnJM_gw_s_EnqC_1Ard0qczg-_4o0hs&dib_tag=se&keywords=Davidoff+coffee+powder&nsdOptOutParam=true&qid=1789844112&sr=8-39,B0GJT95JMT,Davidoff,Davidoff coffee powder,90.0,90.0,,8.65
"Davidoff Decaf Elegant Instant Coffee - 6/12 Intensity - 100% Arabica - 100G, Granule, Glass Bottle - Pack Of 6",https://m.media-amazon.com/images/I/71ARcJPeLdL._AC_UL960_FMwebp_QL65_.jpg,5289.0,5.0,505.0,https://www.amazon.in/DAVIDOFF-Decaf-Elegant-Instant-Coffee/dp/B0D9HB1VCG/ref=sr_1_50?dib=eyJ2IjoiMSJ9.umIbmiqO3ANRJpq7r8oy-084P2O58u51Nm5mue2WVoRqr7j9t4WcN8s82m4vg7A2zaE9bmCIhK_r9l3T33foQ5cADAaZZN6TKIHqTXEnORnJ6slm7e5CmUYYfjbjzGcbWxjhPEKqzgMEvYlpPdCXqx7tppK6CycGomYU0T-oTngDexIHTXQv9cq-dBvc9w_gB2rxZSiBAPUO6DnFOeqiRi3d8KddinwXaneszBXTfpw9ZRGmbaR5i77bFkU9HlreJxbKQBYkI585Zjnnm6QatPdE-xouYttWe4Y_Pa2Kieg.pQFx1WovVXT1lnJM_gw_s_EnqC_1Ard0qczg-_4o0hs&dib_tag=se&keywords=Davidoff+coffee+powder&nsdOptOutParam=true&qid=1789844112&sr=8-50,B0D9HB1VCG,Davidoff,Davidoff coffee powder,600.0,100.0,6.0,8.81
"Davidoff Crema Intense Instant Coffee-9/12 Intensity-90 Gram-Powder, Bottle",https://m.media-amazon.com/images/I/61bdTMmpkEL._AC_UL960_FMwebp_QL65_.jpg,800.0,4.4,445.0,https://www.amazon.in/Davidoff-Intense-Instant-Coffee-Bottle/dp/B07NXSMB56/ref=sr_1_42?dib=eyJ2IjoiMSJ9.umIbmiqO3ANRJpq7r8oy-084P2O58u51Nm5mue2WVoRqr7j9t4WcN8s82m4vg7A2zaE9bmCIhK_r9l3T33foQ5cADAaZZN6TKIHqTXEnORnJ6slm7e5CmUYYfjbjzGcbWxjhPEKqzgMEvYlpPdCXqx7tppK6CycGomYU0T-oTngDexIHTXQv9cq-dBvc9w_gB2rxZSiBAPUO6DnFOeqiRi3d8KddinwXaneszBXTfpw9ZRGmbaR5i77bFkU9HlreJxbKQBYkI585Zjnnm6QatPdE-xouYttWe4Y_Pa2Kieg.pQFx1WovVXT1lnJM_gw_s_EnqC_1Ard0qczg-_4o0hs&dib_tag=se&keywords=Davidoff+coffee+powder&nsdOptOutParam=true&qid=1789844112&sr=8-42,B07NXSMB56,Davidoff,Davidoff coffee powder,90.0,90.0,,8.89
"Davidoff Rich Aroma Instant Coffee Powder Glass Bottle-10/12 Intensity-100 Gram Pack Of 2, 200 Grams",https://m.media-amazon.com/images/I/71NmdzFJkaL._AC_UL960_FMwebp_QL65_.jpg,1787.0,4.4,445.0,https://www.amazon.in/Davidoff-Cafe-Aroma-Instant-Coffee/dp/B00WBAQL8W/ref=sr_1_28?dib=eyJ2IjoiMSJ9.umIbmiqO3ANRJpq7r8oy-084P2O58u51Nm5mue2WVoRqr7j9t4WcN8s82m4vg7A2zaE9bmCIhK_r9l3T33foQ5cADAaZZN6TKIHqTXEnORnJ6slm7e5CmUYYfjbjzGcbWxjhPEKqzgMEvYlpPdCXqx7tppK6CycGomYU0T-oTngDexIHTXQv9cq-dBvc9w_gB2rxZSiBAPUO6DnFOeqiRi3d8KddinwXaneszBXTfpw9ZRGmbaR5i77bFkU9HlreJxbKQBYkI585Zjnnm6QatPdE-xouYttWe4Y_Pa2Kieg.pQFx1WovVXT1lnJM_gw_s_EnqC_1Ard0qczg-_4o0hs&dib_tag=se&keywords=Davidoff+coffee+powder&nsdOptOutParam=true&qid=1789844112&sr=8-28,B00WBAQL8W,Davidoff,Davidoff coffee powder,200.0,100.0,2.0,8.94
"Davidoff Espresso 57 Instant Coffee 100g Each, 100% Arabica, (Pack of 2) | By Decadent Foods-(Imported)",https://m.media-amazon.com/images/I/61njHGQ8XvL._AC_UL960_FMwebp_QL65_.jpg,1799.0,,,https://www.amazon.in/Davidoff-Espresso-Instant-Arabica-Decadent/dp/B0HJ3THY5K/ref=sr_1_55?dib=eyJ2IjoiMSJ9.o4308BOKLgUVJoCRL6L4daW-LaGa2Re6skgUk7MxTf1zjT0X1gAGCF0YcR-i1uL_9hrczJZ5SyXdGb7dIkyeipx6cznjCsn21z84AzNEHXiu3pdJF_gmdz2BPVr9ZvZlv3TCaBVXrpP-X_8mfciPR7es0Rb5yTOLI_rVZ3we0gZEJOXbGlMvE94zNmPUv_nKlP7cjWrULk3NbpH0Oy9u485Dtt-JuXbexyaPgRRd-D8SDDi4pDWNxkHMfFehL2lze3zDQuzmRbWuJ6U_QcB5C94qsdtA82yYYnN13gksBWY.hjRoHMer5pIGXPlve3Tp2HLxlCoyAupgs6SiSxeqqMo&dib_tag=se&keywords=Davidoff+coffee+powder&nsdOptOutParam=true&qid=1789844119&sr=8-55,B0HJ3THY5K,Davidoff,Davidoff coffee powder,200.0,100.0,2.0,8.99
"Davidoff Crema Intense Instant Coffee - 9/12 Intensity - 100% Arabica - 90G, Powder, Glass Bottle - Pack Of 6",https://m.media-amazon.com/images/I/71vT1dffnTL._AC_UL960_FMwebp_QL65_.jpg,4935.0,5.0,505.0,https://www.amazon.in/Davidoff-Crema-Intense-Instant-Coffee/dp/B0DNB26831/ref=sr_1_55?dib=eyJ2IjoiMSJ9.umIbmiqO3ANRJpq7r8oy-084P2O58u51Nm5mue2WVoRqr7j9t4WcN8s82m4vg7A2zaE9bmCIhK_r9l3T33foQ5cADAaZZN6TKIHqTXEnORnJ6slm7e5CmUYYfjbjzGcbWxjhPEKqzgMEvYlpPdCXqx7tppK6CycGomYU0T-oTngDexIHTXQv9cq-dBvc9w_gB2rxZSiBAPUO6DnFOeqiRi3d8KddinwXaneszBXTfpw9ZRGmbaR5i77bFkU9HlreJxbKQBYkI585Zjnnm6QatPdE-xouYttWe4Y_Pa2Kieg.pQFx1WovVXT1lnJM_gw_s_EnqC_1Ard0qczg-_4o0hs&dib_tag=se&keywords=Davidoff+coffee+powder&nsdOptOutParam=true&qid=1789844112&sr=8-55,B0DNB26831,Davidoff,Davidoff coffee powder,540.0,90.0,6.0,9.14
"Davidoff Crema Intense Coffee Bottle, 2 x 90 g",https://m.media-amazon.com/images/I/61DPS0wn-GL._AC_UL960_FMwebp_QL65_.jpg,1665.0,4.4,445.0,https://www.amazon.in/Davidoff-Crema-Intense-Coffee-Bottle/dp/B083T41WPW/ref=sr_1_51?dib=eyJ2IjoiMSJ9.umIbmiqO3ANRJpq7r8oy-084P2O58u51Nm5mue2WVoRqr7j9t4WcN8s82m4vg7A2zaE9bmCIhK_r9l3T33foQ5cADAaZZN6TKIHqTXEnORnJ6slm7e5CmUYYfjbjzGcbWxjhPEKqzgMEvYlpPdCXqx7tppK6CycGomYU0T-oTngDexIHTXQv9cq-dBvc9w_gB2rxZSiBAPUO6DnFOeqiRi3d8KddinwXaneszBXTfpw9ZRGmbaR5i77bFkU9HlreJxbKQBYkI585Zjnnm6QatPdE-xouYttWe4Y_Pa2Kieg.pQFx1WovVXT1lnJM_gw_s_EnqC_1Ard0qczg-_4o0hs&dib_tag=se&keywords=Davidoff+coffee+powder&nsdOptOutParam=true&qid=1789844112&sr=8-51,B083T41WPW,Davidoff,Davidoff coffee powder,180.0,90.0,2.0,9.25
"Davidoff Coffee Powder - Fine Aroma, 100g Jar",https://m.media-amazon.com/images/I/61EJDwLwAaL._AC_UL960_FMwebp_QL65_.jpg,949.0,4.4,445.0,https://www.amazon.in/Davidoff-Coffee-Powder-Fine-Aroma/dp/B00C6627OS/ref=sr_1_53?dib=eyJ2IjoiMSJ9.umIbmiqO3ANRJpq7r8oy-084P2O58u51Nm5mue2WVoRqr7j9t4WcN8s82m4vg7A2zaE9bmCIhK_r9l3T33foQ5cADAaZZN6TKIHqTXEnORnJ6slm7e5CmUYYfjbjzGcbWxjhPEKqzgMEvYlpPdCXqx7tppK6CycGomYU0T-oTngDexIHTXQv9cq-dBvc9w_gB2rxZSiBAPUO6DnFOeqiRi3d8KddinwXaneszBXTfpw9ZRGmbaR5i77bFkU9HlreJxbKQBYkI585Zjnnm6QatPdE-xouYttWe4Y_Pa2Kieg.pQFx1WovVXT1lnJM_gw_s_EnqC_1Ard0qczg-_4o0hs&dib_tag=se&keywords=Davidoff+coffee+powder&nsdOptOutParam=true&qid=1789844112&sr=8-53,B00C6627OS,Davidoff,Davidoff coffee powder,100.0,100.0,,9.49
"Davidoff Decaf Elegant Instant Coffee (100g) Jar By FEBORA - Velvety & Delightful Flavor, Medium Intensity 6 | Smooth Aroma Coffee for Anytime Enjoyment...",https://m.media-amazon.com/images/I/41bOoKsT4eL._AC_UL960_FMwebp_QL65_.jpg,970.0,4.4,445.0,https://www.amazon.in/Davidoff-Elegant-Instant-Coffee-FEBORA/dp/B0GTV671TT/ref=sr_1_33?dib=eyJ2IjoiMSJ9.umIbmiqO3ANRJpq7r8oy-084P2O58u51Nm5mue2WVoRqr7j9t4WcN8s82m4vg7A2zaE9bmCIhK_r9l3T33foQ5cADAaZZN6TKIHqTXEnORnJ6slm7e5CmUYYfjbjzGcbWxjhPEKqzgMEvYlpPdCXqx7tppK6CycGomYU0T-oTngDexIHTXQv9cq-dBvc9w_gB2rxZSiBAPUO6DnFOeqiRi3d8KddinwXaneszBXTfpw9ZRGmbaR5i77bFkU9HlreJxbKQBYkI585Zjnnm6QatPdE-xouYttWe4Y_Pa2Kieg.pQFx1WovVXT1lnJM_gw_s_EnqC_1Ard0qczg-_4o0hs&dib_tag=se&keywords=Davidoff+coffee+powder&nsdOptOutParam=true&qid=1789844112&sr=8-33,B0GTV671TT,Davidoff,Davidoff coffee powder,100.0,100.0,,9.7
"Davidoff Combo of Colombia 90g, Crema Intense 90g & Espresso 57 100g Instant Coffee | By Decadent Foods-(Imported-Germany)",https://m.media-amazon.com/images/I/71HLIpDShzL._AC_UL960_FMwebp_QL65_.jpg,2749.0,,,https://www.amazon.in/Davidoff-Colombia-Espresso-Decadent-Germany/dp/B0HJD6SXVM/ref=sr_1_64?dib=eyJ2IjoiMSJ9.o4308BOKLgUVJoCRL6L4daW-LaGa2Re6skgUk7MxTf1zjT0X1gAGCF0YcR-i1uL_9hrczJZ5SyXdGb7dIkyeipx6cznjCsn21z84AzNEHXiu3pdJF_gmdz2BPVr9ZvZlv3TCaBVXrpP-X_8mfciPR7es0Rb5yTOLI_rVZ3we0gZEJOXbGlMvE94zNmPUv_nKlP7cjWrULk3NbpH0Oy9u485Dtt-JuXbexyaPgRRd-D8SDDi4pDWNxkHMfFehL2lze3zDQuzmRbWuJ6U_QcB5C94qsdtA82yYYnN13gksBWY.hjRoHMer5pIGXPlve3Tp2HLxlCoyAupgs6SiSxeqqMo&dib_tag=se&keywords=Davidoff+coffee+powder&nsdOptOutParam=true&qid=1789844119&sr=8-64,B0HJD6SXVM,Davidoff,Davidoff coffee powder,280.0,,3.0,9.82
"Davidoff Coffee Espresso 57, 45g | 100% Arabica Beans | 11/12 Intensity | Granules, Glass Bottle | 45g",https://m.media-amazon.com/images/I/71VmPgeaDhL._AC_UL960_FMwebp_QL65_.jpg,449.0,4.4,445.0,https://www.amazon.in/Davidoff-Espresso-Arabica-Intensity-Granules/dp/B0FHKZKM6H/ref=sr_1_10?dib=eyJ2IjoiMSJ9.umIbmiqO3ANRJpq7r8oy-084P2O58u51Nm5mue2WVoRqr7j9t4WcN8s82m4vg7A2zaE9bmCIhK_r9l3T33foQ5cADAaZZN6TKIHqTXEnORnJ6slm7e5CmUYYfjbjzGcbWxjhPEKqzgMEvYlpPdCXqx7tppK6CycGomYU0T-oTngDexIHTXQv9cq-dBvc9w_gB2rxZSiBAPUO6DnFOeqiRi3d8KddinwXaneszBXTfpw9ZRGmbaR5i77bFkU9HlreJxbKQBYkI585Zjnnm6QatPdE-xouYttWe4Y_Pa2Kieg.pQFx1WovVXT1lnJM_gw_s_EnqC_1Ard0qczg-_4o0hs&dib_tag=se&keywords=Davidoff+coffee+powder&nsdOptOutParam=true&qid=1789844112&sr=8-10,B0FHKZKM6H,Davidoff,Davidoff coffee powder,45.0,45.0,,9.98
"Davidoff Espresso 57 Instant Coffee, 100g Jar| Get Free KF Pistachio Chocolate 20g by Decadent Foods",https://m.media-amazon.com/images/I/616jIO2IjwL._AC_UL960_FMwebp_QL65_.jpg,999.0,4.2,425.0,https://www.amazon.in/Davidoff-Espresso-Pistachio-Chocolate-Decadent/dp/B07G5J66T2/ref=sr_1_57?dib=eyJ2IjoiMSJ9.umIbmiqO3ANRJpq7r8oy-084P2O58u51Nm5mue2WVoRqr7j9t4WcN8s82m4vg7A2zaE9bmCIhK_r9l3T33foQ5cADAaZZN6TKIHqTXEnORnJ6slm7e5CmUYYfjbjzGcbWxjhPEKqzgMEvYlpPdCXqx7tppK6CycGomYU0T-oTngDexIHTXQv9cq-dBvc9w_gB2rxZSiBAPUO6DnFOeqiRi3d8KddinwXaneszBXTfpw9ZRGmbaR5i77bFkU9HlreJxbKQBYkI585Zjnnm6QatPdE-xouYttWe4Y_Pa2Kieg.pQFx1WovVXT1lnJM_gw_s_EnqC_1Ard0qczg-_4o0hs&dib_tag=se&keywords=Davidoff+coffee+powder&nsdOptOutParam=true&qid=1789844112&sr=8-57,B07G5J66T2,Davidoff,Davidoff coffee powder,100.0,100.0,,9.99
"Davidoff Decaf Elegant Instant Coffee, 100g, 100% Arabica | Get Free KF Pistachio Chocolate 20g by Decadent Foods",https://m.media-amazon.com/images/I/61ba62j0k2L._AC_UL960_FMwebp_QL65_.jpg,999.0,,,https://www.amazon.in/Davidoff-Elegant-Pistachio-Chocolate-Decadent/dp/B0HJ5PQ3PR/ref=sr_1_59?dib=eyJ2IjoiMSJ9.umIbmiqO3ANRJpq7r8oy-084P2O58u51Nm5mue2WVoRqr7j9t4WcN8s82m4vg7A2zaE9bmCIhK_r9l3T33foQ5cADAaZZN6TKIHqTXEnORnJ6slm7e5CmUYYfjbjzGcbWxjhPEKqzgMEvYlpPdCXqx7tppK6CycGomYU0T-oTngDexIHTXQv9cq-dBvc9w_gB2rxZSiBAPUO6DnFOeqiRi3d8KddinwXaneszBXTfpw9ZRGmbaR5i77bFkU9HlreJxbKQBYkI585Zjnnm6QatPdE-xouYttWe4Y_Pa2Kieg.pQFx1WovVXT1lnJM_gw_s_EnqC_1Ard0qczg-_4o0hs&dib_tag=se&keywords=Davidoff+coffee+powder&nsdOptOutParam=true&qid=1789844112&sr=8-59,B0HJ5PQ3PR,Davidoff,Davidoff coffee powder,100.0,100.0,,9.99
"Davidoff Crema Intense Instant Coffee, 90g, 100% Arabica | Get Free KF Pistachio Chocolate 20g by Decadent Foods",https://m.media-amazon.com/images/I/61z6sxsPwFL._AC_UL960_FMwebp_QL65_.jpg,899.0,,,https://www.amazon.in/Davidoff-Intense-Pistachio-Chocolate-Decadent/dp/B0HJ5QYRFN/ref=sr_1_52?dib=eyJ2IjoiMSJ9.o4308BOKLgUVJoCRL6L4daW-LaGa2Re6skgUk7MxTf1zjT0X1gAGCF0YcR-i1uL_9hrczJZ5SyXdGb7dIkyeipx6cznjCsn21z84AzNEHXiu3pdJF_gmdz2BPVr9ZvZlv3TCaBVXrpP-X_8mfciPR7es0Rb5yTOLI_rVZ3we0gZEJOXbGlMvE94zNmPUv_nKlP7cjWrULk3NbpH0Oy9u485Dtt-JuXbexyaPgRRd-D8SDDi4pDWNxkHMfFehL2lze3zDQuzmRbWuJ6U_QcB5C94qsdtA82yYYnN13gksBWY.hjRoHMer5pIGXPlve3Tp2HLxlCoyAupgs6SiSxeqqMo&dib_tag=se&keywords=Davidoff+coffee+powder&nsdOptOutParam=true&qid=1789844119&sr=8-52,B0HJ5QYRFN,Davidoff,Davidoff coffee powder,90.0,90.0,,9.99
"Davidoff Rich Aroma Instant Coffee -100% Arabica, 90G Each, Granule, (Pack of 2) | By Decadent Foods-(Imported-Germany)",https://m.media-amazon.com/images/I/61vpe77PNIL._AC_UL960_FMwebp_QL65_.jpg,1799.0,,,https://www.amazon.in/Davidoff-Instant-Arabica-Decadent-Germany/dp/B0HJ41YT8G/ref=sr_1_57?dib=eyJ2IjoiMSJ9.o4308BOKLgUVJoCRL6L4daW-LaGa2Re6skgUk7MxTf1zjT0X1gAGCF0YcR-i1uL_9hrczJZ5SyXdGb7dIkyeipx6cznjCsn21z84AzNEHXiu3pdJF_gmdz2BPVr9ZvZlv3TCaBVXrpP-X_8mfciPR7es0Rb5yTOLI_rVZ3we0gZEJOXbGlMvE94zNmPUv_nKlP7cjWrULk3NbpH0Oy9u485Dtt-JuXbexyaPgRRd-D8SDDi4pDWNxkHMfFehL2lze3zDQuzmRbWuJ6U_QcB5C94qsdtA82yYYnN13gksBWY.hjRoHMer5pIGXPlve3Tp2HLxlCoyAupgs6SiSxeqqMo&dib_tag=se&keywords=Davidoff+coffee+powder&nsdOptOutParam=true&qid=1789844119&sr=8-57,B0HJ41YT8G,Davidoff,Davidoff coffee powder,180.0,90.0,2.0,9.99
"Davidoff Rich Aroma & Fine Aroma Instant Coffee,90g Each (Pack of 2) | By Decadent Foods-(Imported-Germany)",https://m.media-amazon.com/images/I/61OuS-HdAYL._AC_UL960_FMwebp_QL65_.jpg,1799.0,,,https://www.amazon.in/Davidoff-Instant-Coffee-Decadent-Germany/dp/B0HJ3Y56MS/ref=sr_1_58?dib=eyJ2IjoiMSJ9.o4308BOKLgUVJoCRL6L4daW-LaGa2Re6skgUk7MxTf1zjT0X1gAGCF0YcR-i1uL_9hrczJZ5SyXdGb7dIkyeipx6cznjCsn21z84AzNEHXiu3pdJF_gmdz2BPVr9ZvZlv3TCaBVXrpP-X_8mfciPR7es0Rb5yTOLI_rVZ3we0gZEJOXbGlMvE94zNmPUv_nKlP7cjWrULk3NbpH0Oy9u485Dtt-JuXbexyaPgRRd-D8SDDi4pDWNxkHMfFehL2lze3zDQuzmRbWuJ6U_QcB5C94qsdtA82yYYnN13gksBWY.hjRoHMer5pIGXPlve3Tp2HLxlCoyAupgs6SiSxeqqMo&dib_tag=se&keywords=Davidoff+coffee+powder&nsdOptOutParam=true&qid=1789844119&sr=8-58,B0HJ3Y56MS,Davidoff,Davidoff coffee powder,180.0,90.0,2.0,9.99
"Davidoff Rich Aroma Instant Coffee 45g Each (Pack of 2),100% Arabica, By Decadent Foods-(Imported-Germany)",https://m.media-amazon.com/images/I/71Px+Y3yR7L._AC_UL960_FMwebp_QL65_.jpg,899.0,,,https://www.amazon.in/Davidoff-Instant-Arabica-Decadent-Germany/dp/B0HJD59465/ref=sr_1_60?dib=eyJ2IjoiMSJ9.o4308BOKLgUVJoCRL6L4daW-LaGa2Re6skgUk7MxTf1zjT0X1gAGCF0YcR-i1uL_9hrczJZ5SyXdGb7dIkyeipx6cznjCsn21z84AzNEHXiu3pdJF_gmdz2BPVr9ZvZlv3TCaBVXrpP-X_8mfciPR7es0Rb5yTOLI_rVZ3we0gZEJOXbGlMvE94zNmPUv_nKlP7cjWrULk3NbpH0Oy9u485Dtt-JuXbexyaPgRRd-D8SDDi4pDWNxkHMfFehL2lze3zDQuzmRbWuJ6U_QcB5C94qsdtA82yYYnN13gksBWY.hjRoHMer5pIGXPlve3Tp2HLxlCoyAupgs6SiSxeqqMo&dib_tag=se&keywords=Davidoff+coffee+powder&nsdOptOutParam=true&qid=1789844119&sr=8-60,B0HJD59465,Davidoff,Davidoff coffee powder,90.0,45.0,2.0,9.99
Davidoff Fine Aroma Instant Coffee | 100% Arabica Beans 45g Each (Pack of 2) | By Decadent Foods-(Imported-Germany),https://m.media-amazon.com/images/I/71hFFiALkZL._AC_UL960_FMwebp_QL65_.jpg,899.0,,,https://www.amazon.in/Davidoff-Instant-Arabica-Decadent-Germany/dp/B0HJD6ZXPL/ref=sr_1_62?dib=eyJ2IjoiMSJ9.o4308BOKLgUVJoCRL6L4daW-LaGa2Re6skgUk7MxTf1zjT0X1gAGCF0YcR-i1uL_9hrczJZ5SyXdGb7dIkyeipx6cznjCsn21z84AzNEHXiu3pdJF_gmdz2BPVr9ZvZlv3TCaBVXrpP-X_8mfciPR7es0Rb5yTOLI_rVZ3we0gZEJOXbGlMvE94zNmPUv_nKlP7cjWrULk3NbpH0Oy9u485Dtt-JuXbexyaPgRRd-D8SDDi4pDWNxkHMfFehL2lze3zDQuzmRbWuJ6U_QcB5C94qsdtA82yYYnN13gksBWY.hjRoHMer5pIGXPlve3Tp2HLxlCoyAupgs6SiSxeqqMo&dib_tag=se&keywords=Davidoff+coffee+powder&nsdOptOutParam=true&qid=1789844119&sr=8-62,B0HJD6ZXPL,Davidoff,Davidoff coffee powder,90.0,45.0,2.0,9.99
Davidoff Origins Colombia 90g & Decaf Elegant 100g Instant Coffee (Pack of 2) | By Decadent Foods-(Imported-Germany),https://m.media-amazon.com/images/I/71c3OUhXkEL._AC_UL960_FMwebp_QL65_.jpg,1999.0,,,https://www.amazon.in/Davidoff-Origins-Colombia-Decadent-Germany/dp/B0HJ5N4SKG/ref=sr_1_63?dib=eyJ2IjoiMSJ9.o4308BOKLgUVJoCRL6L4daW-LaGa2Re6skgUk7MxTf1zjT0X1gAGCF0YcR-i1uL_9hrczJZ5SyXdGb7dIkyeipx6cznjCsn21z84AzNEHXiu3pdJF_gmdz2BPVr9ZvZlv3TCaBVXrpP-X_8mfciPR7es0Rb5yTOLI_rVZ3we0gZEJOXbGlMvE94zNmPUv_nKlP7cjWrULk3NbpH0Oy9u485Dtt-JuXbexyaPgRRd-D8SDDi4pDWNxkHMfFehL2lze3zDQuzmRbWuJ6U_QcB5C94qsdtA82yYYnN13gksBWY.hjRoHMer5pIGXPlve3Tp2HLxlCoyAupgs6SiSxeqqMo&dib_tag=se&keywords=Davidoff+coffee+powder&nsdOptOutParam=true&qid=1789844119&sr=8-63,B0HJ5N4SKG,Davidoff,Davidoff coffee powder,190.0,,2.0,10.52
"Davidoff Instant Coffee Variety Pack, 100% Arabica, 3 Jars of 45g Each | By Decadent Foods-(Imported-Germany)",https://m.media-amazon.com/images/I/71eBOVrkyML._AC_UL960_FMwebp_QL65_.jpg,1497.0,,,https://www.amazon.in/Davidoff-Instant-Variety-Decadent-Germany/dp/B0HJCTG118/ref=sr_1_67?dib=eyJ2IjoiMSJ9.o4308BOKLgUVJoCRL6L4daW-LaGa2Re6skgUk7MxTf1zjT0X1gAGCF0YcR-i1uL_9hrczJZ5SyXdGb7dIkyeipx6cznjCsn21z84AzNEHXiu3pdJF_gmdz2BPVr9ZvZlv3TCaBVXrpP-X_8mfciPR7es0Rb5yTOLI_rVZ3we0gZEJOXbGlMvE94zNmPUv_nKlP7cjWrULk3NbpH0Oy9u485Dtt-JuXbexyaPgRRd-D8SDDi4pDWNxkHMfFehL2lze3zDQuzmRbWuJ6U_QcB5C94qsdtA82yYYnN13gksBWY.hjRoHMer5pIGXPlve3Tp2HLxlCoyAupgs6SiSxeqqMo&dib_tag=se&keywords=Davidoff+coffee+powder&nsdOptOutParam=true&qid=1789844119&sr=8-67,B0HJCTG118,Davidoff,Davidoff coffee powder,135.0,45.0,3.0,11.09
"Davidoff Origins Colombia Instant Coffee, 90g Jar | Get Free KF Pistachio Chocolate 20g by Decadent Foods",https://m.media-amazon.com/images/I/61iPydDVySL._AC_UL960_FMwebp_QL65_.jpg,999.0,,,https://www.amazon.in/Davidoff-Colombia-Pistachio-Chocolate-Decadent/dp/B0HJ5DZVCG/ref=sr_1_52?dib=eyJ2IjoiMSJ9.umIbmiqO3ANRJpq7r8oy-084P2O58u51Nm5mue2WVoRqr7j9t4WcN8s82m4vg7A2zaE9bmCIhK_r9l3T33foQ5cADAaZZN6TKIHqTXEnORnJ6slm7e5CmUYYfjbjzGcbWxjhPEKqzgMEvYlpPdCXqx7tppK6CycGomYU0T-oTngDexIHTXQv9cq-dBvc9w_gB2rxZSiBAPUO6DnFOeqiRi3d8KddinwXaneszBXTfpw9ZRGmbaR5i77bFkU9HlreJxbKQBYkI585Zjnnm6QatPdE-xouYttWe4Y_Pa2Kieg.pQFx1WovVXT1lnJM_gw_s_EnqC_1Ard0qczg-_4o0hs&dib_tag=se&keywords=Davidoff+coffee+powder&nsdOptOutParam=true&qid=1789844112&sr=8-52,B0HJ5DZVCG,Davidoff,Davidoff coffee powder,90.0,90.0,,11.1
"Davidoff Origins Colombia Instant Coffee, 100% Arabica, Intensity 11/12, 90g + One Magic Pops Popping Candy (Imported) By ...",https://m.media-amazon.com/images/I/61B5a+cWwSL._AC_UL960_FMwebp_QL65_.jpg,999.0,,,https://www.amazon.in/dp/B0HK4MVS92/ref=sr_1_66?dib=eyJ2IjoiMSJ9.o4308BOKLgUVJoCRL6L4daW-LaGa2Re6skgUk7MxTf1zjT0X1gAGCF0YcR-i1uL_9hrczJZ5SyXdGb7dIkyeipx6cznjCsn21z84AzNEHXiu3pdJF_gmdz2BPVr9ZvZlv3TCaBVXrpP-X_8mfciPR7es0Rb5yTOLI_rVZ3we0gZEJOXbGlMvE94zNmPUv_nKlP7cjWrULk3NbpH0Oy9u485Dtt-JuXbexyaPgRRd-D8SDDi4pDWNxkHMfFehL2lze3zDQuzmRbWuJ6U_QcB5C94qsdtA82yYYnN13gksBWY.hjRoHMer5pIGXPlve3Tp2HLxlCoyAupgs6SiSxeqqMo&dib_tag=se&keywords=Davidoff+coffee+powder&nsdOptOutParam=true&qid=1789844119&sr=8-66,B0HK4MVS92,Davidoff,Davidoff coffee powder,90.0,90.0,,11.1
Davidoff Rich Aroma Espresso Vivid & Spicy Coffee 10 Capsules - 10/12 Intensity - 100% Arabica - 55G,https://m.media-amazon.com/images/I/61UgBwGou+L._AC_UL960_FMwebp_QL65_.jpg,643.0,3.8,385.0,https://www.amazon.in/Davidoff-Aroma-Espresso-Coffee-Capsules/dp/B0DSPZYT6D/ref=sr_1_47?dib=eyJ2IjoiMSJ9.umIbmiqO3ANRJpq7r8oy-084P2O58u51Nm5mue2WVoRqr7j9t4WcN8s82m4vg7A2zaE9bmCIhK_r9l3T33foQ5cADAaZZN6TKIHqTXEnORnJ6slm7e5CmUYYfjbjzGcbWxjhPEKqzgMEvYlpPdCXqx7tppK6CycGomYU0T-oTngDexIHTXQv9cq-dBvc9w_gB2rxZSiBAPUO6DnFOeqiRi3d8KddinwXaneszBXTfpw9ZRGmbaR5i77bFkU9HlreJxbKQBYkI585Zjnnm6QatPdE-xouYttWe4Y_Pa2Kieg.pQFx1WovVXT1lnJM_gw_s_EnqC_1Ard0qczg-_4o0hs&dib_tag=se&keywords=Davidoff+coffee+powder&nsdOptOutParam=true&qid=1789844112&sr=8-47,B0DSPZYT6D,Davidoff,Davidoff coffee powder,55.0,5.5,10.0,11.69
"Davidoff Espresso 57 Ristretto Dark and Chocolate Coffee 10 Capsules, 11/12 Intensity, 100% Arabica, 55G",https://m.media-amazon.com/images/I/61J6WLtqakL._AC_UL960_FMwebp_QL65_.jpg,643.0,3.8,385.0,https://www.amazon.in/Davidoff-Espresso-Ristretto-Chocolate-Intensity/dp/B0DSQ1YGFY/ref=sr_1_72?dib=eyJ2IjoiMSJ9.o4308BOKLgUVJoCRL6L4daW-LaGa2Re6skgUk7MxTf1zjT0X1gAGCF0YcR-i1uL_9hrczJZ5SyXdGb7dIkyeipx6cznjCsn21z84AzNEHXiu3pdJF_gmdz2BPVr9ZvZlv3TCaBVXrpP-X_8mfciPR7es0Rb5yTOLI_rVZ3we0gZEJOXbGlMvE94zNmPUv_nKlP7cjWrULk3NbpH0Oy9u485Dtt-JuXbexyaPgRRd-D8SDDi4pDWNxkHMfFehL2lze3zDQuzmRbWuJ6U_QcB5C94qsdtA82yYYnN13gksBWY.hjRoHMer5pIGXPlve3Tp2HLxlCoyAupgs6SiSxeqqMo&dib_tag=se&keywords=Davidoff+coffee+powder&nsdOptOutParam=true&qid=1789844119&sr=8-72,B0DSQ1YGFY,Davidoff,Davidoff coffee powder,55.0,55.0,,11.69
"Davidoff Rich Aroma Instant Coffee - 10/12 Intensity, Granule, Jar - 0.1 Kg",https://m.media-amazon.com/images/I/71KTOIFok9L._AC_UL960_FMwebp_QL65_.jpg,1800.0,4.5,455.0,https://www.amazon.in/Davidoff-Rich-Aroma-Instant-Coffee/dp/B0991T8KGS/ref=sr_1_34?dib=eyJ2IjoiMSJ9.umIbmiqO3ANRJpq7r8oy-084P2O58u51Nm5mue2WVoRqr7j9t4WcN8s82m4vg7A2zaE9bmCIhK_r9l3T33foQ5cADAaZZN6TKIHqTXEnORnJ6slm7e5CmUYYfjbjzGcbWxjhPEKqzgMEvYlpPdCXqx7tppK6CycGomYU0T-oTngDexIHTXQv9cq-dBvc9w_gB2rxZSiBAPUO6DnFOeqiRi3d8KddinwXaneszBXTfpw9ZRGmbaR5i77bFkU9HlreJxbKQBYkI585Zjnnm6QatPdE-xouYttWe4Y_Pa2Kieg.pQFx1WovVXT1lnJM_gw_s_EnqC_1Ard0qczg-_4o0hs&dib_tag=se&keywords=Davidoff+coffee+powder&nsdOptOutParam=true&qid=1789844112&sr=8-34,B0991T8KGS,Davidoff,Davidoff coffee powder,100.0,100.0,,18.0
"Davidoff Origins Brazil Flavour Instant Coffee, 8/12 Intensity - 100% Arabica - 3.53 Oz 100g, Granule, Glass Bottle - PACK...",https://m.media-amazon.com/images/I/61bP4UY5weL._AC_UL960_FMwebp_QL65_.jpg,5499.0,4.4,445.0,https://www.amazon.in/Davidoff-Origins-Flavour-Instant-Granule/dp/B0CQJJCMPP/ref=sr_1_49?dib=eyJ2IjoiMSJ9.o4308BOKLgUVJoCRL6L4daW-LaGa2Re6skgUk7MxTf1zjT0X1gAGCF0YcR-i1uL_9hrczJZ5SyXdGb7dIkyeipx6cznjCsn21z84AzNEHXiu3pdJF_gmdz2BPVr9ZvZlv3TCaBVXrpP-X_8mfciPR7es0Rb5yTOLI_rVZ3we0gZEJOXbGlMvE94zNmPUv_nKlP7cjWrULk3NbpH0Oy9u485Dtt-JuXbexyaPgRRd-D8SDDi4pDWNxkHMfFehL2lze3zDQuzmRbWuJ6U_QcB5C94qsdtA82yYYnN13gksBWY.hjRoHMer5pIGXPlve3Tp2HLxlCoyAupgs6SiSxeqqMo&dib_tag=se&keywords=Davidoff+coffee+powder&nsdOptOutParam=true&qid=1789844119&sr=8-49,B0CQJJCMPP,Davidoff,Davidoff coffee powder,100.0,100.0,,54.99
"Nescafe Signature Blend Coffee Premix for Vending Machine, 1kg, Powder, Bag",https://m.media-amazon.com/images/I/61LsAo-HMVL._AC_UL960_FMwebp_QL65_.jpg,570.0,4.1,415.0,https://www.amazon.in/Nescafe-Signature-Coffee-Vending-Machine/dp/B071GF7MNY/ref=sr_1_4?dib=eyJ2IjoiMSJ9.j6Q_oSOX9yuabRURQeFKcXYoQV-TPdGVBI_i_33taGZ7F_xNPCLNul8BNTjmZXMDXoGFLGMaWd9_XZ8Wtd3dJsv8v-W9LUi5HBkrJ3Ku5eTh9J_M7tMDOKOBWYQud6h52dkZTiLHsL3b3PuOqVBkMnE-lnTsdR4yd_ku17ANHwjFOJIXBddcXW4iAu16Bg3c5-LhMEkH5Eo_OudE06VjSYENkbN6QaKvvk6NK35TtbLrMlsDg2qv4eqs38LbyuAtfBFhgQqWTQKf0ine10bxPMvcDE3hJ1bix0L3TH1N79g.74jlGujipnVyzveGZ9hmEj7HeGw1EoqO6EOqZvj0BR0&dib_tag=se&keywords=Nescafe+coffee+powder&nsdOptOutParam=true&qid=1789844069&sr=8-4,B071GF7MNY,Nescafe,Nescafe coffee powder,1000.0,1000.0,,0.57
"NESCAFÉ Original 3-in-1 Instant Coffee, Powder Form, by febora foods, 30 Sachets, 525g, Caffeinated, Original Flavour",https://m.media-amazon.com/images/I/61rQppbVsoL._AC_UL960_FMwebp_QL65_.jpg,400.0,3.9,395.0,https://www.amazon.in/NESCAF%C3%89-Original-Instant-Sachets-Caffeinated/dp/B0GVJ71CLT/ref=sr_1_53_mod_primary_new?dib=eyJ2IjoiMSJ9.wAqqMoWApT08FZhDjnwUiBK5X-oak1Oae_H79pmTtFLKgAsM4E4jRJvxeIsHpsZOkeUDrbkv3tUmvWB1SgUb5hFtY22VmWBlyaC1boYDXe-5HGJp3QtCmiHx9Rjpg2H3rZv3OWbNWhqCw85gubT9G4YdwqXSa04MfB7MmZcq1oNH2y9PVQFV3naJxuz2KAOkH6GcR9r6JQEXTS5UIVOuARTeLwT6yT5RpB3bC6HXywgrufKV1ZjAQdSd0VUGQPSeAuhC68voVBylm-pf2iotALTsJImfiA7r1xcYEk3WaSU.QrBodjnYAToX8qkGCaOLdDBqcdE5CHdXgh57mDKR7Nc&dib_tag=se&keywords=Nescafe+coffee+powder&nsdOptOutParam=true&qid=1789844076&sbo=RZvfv%2F%2FHxDF%2BO5021pAnSA%3D%3D&sr=8-53,B0GVJ71CLT,Nescafe,Nescafe coffee powder,525.0,17.5,,0.76
"Nescafe 3 In 1 Original Soluble Coffee Beverage, 30 Sachets Bag Instant Coffee 525 G ground",https://m.media-amazon.com/images/I/61A-OUW2HHL._AC_UL960_FMwebp_QL65_.jpg,409.0,4.4,445.0,https://www.amazon.in/Nescafae-Original-Soluble-Beverage-Sachets/dp/B0BZZ5H8XG/ref=sr_1_51?dib=eyJ2IjoiMSJ9.wAqqMoWApT08FZhDjnwUiBK5X-oak1Oae_H79pmTtFLKgAsM4E4jRJvxeIsHpsZOkeUDrbkv3tUmvWB1SgUb5hFtY22VmWBlyaC1boYDXe-5HGJp3QtCmiHx9Rjpg2H3rZv3OWbNWhqCw85gubT9G4YdwqXSa04MfB7MmZcq1oNH2y9PVQFV3naJxuz2KAOkH6GcR9r6JQEXTS5UIVOuARTeLwT6yT5RpB3bC6HXywgrufKV1ZjAQdSd0VUGQPSeAuhC68voVBylm-pf2iotALTsJImfiA7r1xcYEk3WaSU.QrBodjnYAToX8qkGCaOLdDBqcdE5CHdXgh57mDKR7Nc&dib_tag=se&keywords=Nescafe+coffee+powder&nsdOptOutParam=true&qid=1789844076&sr=8-51,B0BZZ5H8XG,Nescafe,Nescafe coffee powder,525.0,525.0,,0.78
"Nescafe 3 In 1 Original 18 Sachets Each Instant Coffee 17.5Gm, Powder, Box",https://m.media-amazon.com/images/I/81jKEjVCqLL._AC_UL960_FMwebp_QL65_.jpg,265.0,4.1,415.0,https://www.amazon.in/Nescafae-Original-Sachets-Instant-Coffee/dp/B0CLJGDJKV/ref=sr_1_49?dib=eyJ2IjoiMSJ9.wAqqMoWApT08FZhDjnwUiBK5X-oak1Oae_H79pmTtFLKgAsM4E4jRJvxeIsHpsZOkeUDrbkv3tUmvWB1SgUb5hFtY22VmWBlyaC1boYDXe-5HGJp3QtCmiHx9Rjpg2H3rZv3OWbNWhqCw85gubT9G4YdwqXSa04MfB7MmZcq1oNH2y9PVQFV3naJxuz2KAOkH6GcR9r6JQEXTS5UIVOuARTeLwT6yT5RpB3bC6HXywgrufKV1ZjAQdSd0VUGQPSeAuhC68voVBylm-pf2iotALTsJImfiA7r1xcYEk3WaSU.QrBodjnYAToX8qkGCaOLdDBqcdE5CHdXgh57mDKR7Nc&dib_tag=se&keywords=Nescafe+coffee+powder&nsdOptOutParam=true&qid=1789844076&sr=8-49,B0CLJGDJKV,Nescafe,Nescafe coffee powder,315.0,17.5,,0.84
"Nescafé All in 1 Frappe Cold Coffee Premix, 300g Jar, Powder | Instant Cold Coffee Premix, Just Add Cold Water For a Perfe...",https://m.media-amazon.com/images/I/71mAtsSjPKL._AC_UL960_FMwebp_QL65_.jpg,299.0,4.2,425.0,https://www.amazon.in/NESCAFE-Frappe-Instant-Coffee-Premix/dp/B0DSCBY56P/ref=sr_1_38?dib=eyJ2IjoiMSJ9.j6Q_oSOX9yuabRURQeFKcXYoQV-TPdGVBI_i_33taGZ7F_xNPCLNul8BNTjmZXMDXoGFLGMaWd9_XZ8Wtd3dJsv8v-W9LUi5HBkrJ3Ku5eTh9J_M7tMDOKOBWYQud6h52dkZTiLHsL3b3PuOqVBkMnE-lnTsdR4yd_ku17ANHwjFOJIXBddcXW4iAu16Bg3c5-LhMEkH5Eo_OudE06VjSYENkbN6QaKvvk6NK35TtbLrMlsDg2qv4eqs38LbyuAtfBFhgQqWTQKf0ine10bxPMvcDE3hJ1bix0L3TH1N79g.74jlGujipnVyzveGZ9hmEj7HeGw1EoqO6EOqZvj0BR0&dib_tag=se&keywords=Nescafe+coffee+powder&nsdOptOutParam=true&qid=1789844069&sr=8-38,B0DSCBY56P,Nescafe,Nescafe coffee powder,300.0,300.0,,1.0
"NESCAFE All in 1 Frappe | Instant Cold Coffee Premix - Just Add Cold Water | 300g Jar, Powder (Pack of 3)",https://m.media-amazon.com/images/I/61M5-QA1DIL._AC_UL960_FMwebp_QL65_.jpg,897.0,,,https://www.amazon.in/NESCAFE-Frappe-Instant-Coffee-Premix/dp/B0H5RGF5FF/ref=sr_1_111?dib=eyJ2IjoiMSJ9.BGDLnNF2DnN9oAZo3R3jF0k06x1QP6RXhDBm7jJ4aO_w88qpRYaPntCFMe4NCS0YcvqcjNVwUR0DJZIf5W2cN1P8DPQGMKg-yBtYL3tXSghoXt6vBV8J4CUizgcbIMdp3tQfJGtkh1f4Gd2VZ5tE27i3TGBl-lrCXPR8GT4AwGmP4hUhkkBqAQB96ONYDymgGbwBzy-b2e9axXKsJinoDMJd7s-WHfml5orUSoQSYlpt-zaV2qEpo8SnIyWMm-i7C3UgeVBXuZnMPxYd7bP1UKcHfkkx9USvgnE-uZmMALA.bMTNnknrrouYg0JX7vQCuo4FqEjkVIOPPdnTfoucQxY&dib_tag=se&keywords=Nescafe+coffee+powder&nsdOptOutParam=true&qid=1789844083&sr=8-111,B0H5RGF5FF,Nescafe,Nescafe coffee powder,900.0,300.0,3.0,1.0
"Nescafe Original 3 in 1 Instant Coffee Mix, Instant Coffee Sachets, 3 in 1 Coffee Sachets (Pack Of 11 x 17.5g)",https://m.media-amazon.com/images/I/61b3dybc2DL._AC_UL960_FMwebp_QL65_.jpg,194.0,4.0,405.0,https://www.amazon.in/Nescafae-Original-Instant-Coffee-Sachets/dp/B0D4VND7WZ/ref=sr_1_143?dib=eyJ2IjoiMSJ9.BGDLnNF2DnN9oAZo3R3jF0k06x1QP6RXhDBm7jJ4aO_w88qpRYaPntCFMe4NCS0YcvqcjNVwUR0DJZIf5W2cN1P8DPQGMKg-yBtYL3tXSghoXt6vBV8J4CUizgcbIMdp3tQfJGtkh1f4Gd2VZ5tE27i3TGBl-lrCXPR8GT4AwGmP4hUhkkBqAQB96ONYDymgGbwBzy-b2e9axXKsJinoDMJd7s-WHfml5orUSoQSYlpt-zaV2qEpo8SnIyWMm-i7C3UgeVBXuZnMPxYd7bP1UKcHfkkx9USvgnE-uZmMALA.bMTNnknrrouYg0JX7vQCuo4FqEjkVIOPPdnTfoucQxY&dib_tag=se&keywords=Nescafe+coffee+powder&nsdOptOutParam=true&qid=1789844083&sr=8-143,B0D4VND7WZ,Nescafe,Nescafe coffee powder,192.5,17.5,11.0,1.01
Nescafe 3 In 1 Original 10 Sachets Each Instant Coffee 17.5Gm - Powder,https://m.media-amazon.com/images/I/71Ksu86CFhL._AC_UL960_FMwebp_QL65_.jpg,184.0,3.8,385.0,https://www.amazon.in/Nescafe-Original-Sachets-Instant-Coffee/dp/B0CG5RX6V5/ref=sr_1_66?dib=eyJ2IjoiMSJ9.wAqqMoWApT08FZhDjnwUiBK5X-oak1Oae_H79pmTtFLKgAsM4E4jRJvxeIsHpsZOkeUDrbkv3tUmvWB1SgUb5hFtY22VmWBlyaC1boYDXe-5HGJp3QtCmiHx9Rjpg2H3rZv3OWbNWhqCw85gubT9G4YdwqXSa04MfB7MmZcq1oNH2y9PVQFV3naJxuz2KAOkH6GcR9r6JQEXTS5UIVOuARTeLwT6yT5RpB3bC6HXywgrufKV1ZjAQdSd0VUGQPSeAuhC68voVBylm-pf2iotALTsJImfiA7r1xcYEk3WaSU.QrBodjnYAToX8qkGCaOLdDBqcdE5CHdXgh57mDKR7Nc&dib_tag=se&keywords=Nescafe+coffee+powder&nsdOptOutParam=true&qid=1789844076&sr=8-66,B0CG5RX6V5,Nescafe,Nescafe coffee powder,175.0,17.5,,1.05
"Nescafe 3In1 Original 10 Sachets 17.5 grams Each Instant Coffee (Imported), Powder, Bag",https://m.media-amazon.com/images/I/71Ksu86CFhL._AC_UL960_FMwebp_QL65_.jpg,199.0,4.0,405.0,https://www.amazon.in/Nescafe-Original-Sachets-Instant-Coffee/dp/B0CFBBQRR9/ref=sr_1_57?dib=eyJ2IjoiMSJ9.wAqqMoWApT08FZhDjnwUiBK5X-oak1Oae_H79pmTtFLKgAsM4E4jRJvxeIsHpsZOkeUDrbkv3tUmvWB1SgUb5hFtY22VmWBlyaC1boYDXe-5HGJp3QtCmiHx9Rjpg2H3rZv3OWbNWhqCw85gubT9G4YdwqXSa04MfB7MmZcq1oNH2y9PVQFV3naJxuz2KAOkH6GcR9r6JQEXTS5UIVOuARTeLwT6yT5RpB3bC6HXywgrufKV1ZjAQdSd0VUGQPSeAuhC68voVBylm-pf2iotALTsJImfiA7r1xcYEk3WaSU.QrBodjnYAToX8qkGCaOLdDBqcdE5CHdXgh57mDKR7Nc&dib_tag=se&keywords=Nescafe+coffee+powder&nsdOptOutParam=true&qid=1789844076&sr=8-57,B0CFBBQRR9,Nescafe,Nescafe coffee powder,175.0,17.5,,1.14
"Nescafé Sunrise Instant Coffee, Pack of 30 Sachets, 3.8g each | New Nescafé Sunrise with Strong Aroma!",https://m.media-amazon.com/images/I/71Y9XqAIuEL._AC_UL960_FMwebp_QL65_.jpg,150.0,4.2,425.0,https://www.amazon.in/Nescaf%C3%A9-Sunrise-Instant-Coffee-Sachets/dp/B0DSQ9DQBK/ref=sr_1_22?dib=eyJ2IjoiMSJ9.j6Q_oSOX9yuabRURQeFKcXYoQV-TPdGVBI_i_33taGZ7F_xNPCLNul8BNTjmZXMDXoGFLGMaWd9_XZ8Wtd3dJsv8v-W9LUi5HBkrJ3Ku5eTh9J_M7tMDOKOBWYQud6h52dkZTiLHsL3b3PuOqVBkMnE-lnTsdR4yd_ku17ANHwjFOJIXBddcXW4iAu16Bg3c5-LhMEkH5Eo_OudE06VjSYENkbN6QaKvvk6NK35TtbLrMlsDg2qv4eqs38LbyuAtfBFhgQqWTQKf0ine10bxPMvcDE3hJ1bix0L3TH1N79g.74jlGujipnVyzveGZ9hmEj7HeGw1EoqO6EOqZvj0BR0&dib_tag=se&keywords=Nescafe+coffee+powder&nsdOptOutParam=true&qid=1789844069&sr=8-22,B0DSQ9DQBK,Nescafe,Nescafe coffee powder,114.0,3.8,30.0,1.32
"Nescafe 3 In 1 Rich Coffee Powder - 25 Sachets Bag, 475 Gram",https://m.media-amazon.com/images/I/61ZIfZ5CdxL._AC_UL960_FMwebp_QL65_.jpg,632.0,4.3,435.0,https://www.amazon.in/Nescafe-Blend-Brew-Premix-Coffee/dp/B06XYLQFMC/ref=sr_1_59?dib=eyJ2IjoiMSJ9.wAqqMoWApT08FZhDjnwUiBK5X-oak1Oae_H79pmTtFLKgAsM4E4jRJvxeIsHpsZOkeUDrbkv3tUmvWB1SgUb5hFtY22VmWBlyaC1boYDXe-5HGJp3QtCmiHx9Rjpg2H3rZv3OWbNWhqCw85gubT9G4YdwqXSa04MfB7MmZcq1oNH2y9PVQFV3naJxuz2KAOkH6GcR9r6JQEXTS5UIVOuARTeLwT6yT5RpB3bC6HXywgrufKV1ZjAQdSd0VUGQPSeAuhC68voVBylm-pf2iotALTsJImfiA7r1xcYEk3WaSU.QrBodjnYAToX8qkGCaOLdDBqcdE5CHdXgh57mDKR7Nc&dib_tag=se&keywords=Nescafe+coffee+powder&nsdOptOutParam=true&qid=1789844076&sr=8-59,B06XYLQFMC,Nescafe,Nescafe coffee powder,475.0,19.0,,1.33
"NESCAFE 3 in 1 Mocha Latte Instant Coffee Mix, Chocolate Flavor, Each 25g X15 Sachets, Premix Coffee Powder (From Malaysia)",https://m.media-amazon.com/images/I/61I--9GeUnL._AC_UL960_FMwebp_QL65_.jpg,600.0,4.3,435.0,https://www.amazon.in/NESCAFE-Instant-Chocolate-Sachets-Malaysia/dp/B0G39WHGBW/ref=sr_1_104?dib=eyJ2IjoiMSJ9.BGDLnNF2DnN9oAZo3R3jF0k06x1QP6RXhDBm7jJ4aO_w88qpRYaPntCFMe4NCS0YcvqcjNVwUR0DJZIf5W2cN1P8DPQGMKg-yBtYL3tXSghoXt6vBV8J4CUizgcbIMdp3tQfJGtkh1f4Gd2VZ5tE27i3TGBl-lrCXPR8GT4AwGmP4hUhkkBqAQB96ONYDymgGbwBzy-b2e9axXKsJinoDMJd7s-WHfml5orUSoQSYlpt-zaV2qEpo8SnIyWMm-i7C3UgeVBXuZnMPxYd7bP1UKcHfkkx9USvgnE-uZmMALA.bMTNnknrrouYg0JX7vQCuo4FqEjkVIOPPdnTfoucQxY&dib_tag=se&keywords=Nescafe+coffee+powder&nsdOptOutParam=true&qid=1789844083&sr=8-104,B0G39WHGBW,Nescafe,Nescafe coffee powder,375.0,25.0,,1.6
"NESCAFÉ 3in1 Rich Instant Coffee, Kaw & Strong Flavour, by febora foods, Powder Form, 25 Sticks per Bag, Pack of 2 450g",https://m.media-amazon.com/images/I/61NlWchGEoL._AC_UL960_FMwebp_QL65_.jpg,1450.0,5.0,505.0,https://www.amazon.in/NESCAF%C3%89-Instant-Coffee-Strong-Flavour/dp/B0GVFGX595/ref=sr_1_84?dib=eyJ2IjoiMSJ9.wAqqMoWApT08FZhDjnwUiBK5X-oak1Oae_H79pmTtFLKgAsM4E4jRJvxeIsHpsZOkeUDrbkv3tUmvWB1SgUb5hFtY22VmWBlyaC1boYDXe-5HGJp3QtCmiHx9Rjpg2H3rZv3OWbNWhqCw85gubT9G4YdwqXSa04MfB7MmZcq1oNH2y9PVQFV3naJxuz2KAOkH6GcR9r6JQEXTS5UIVOuARTeLwT6yT5RpB3bC6HXywgrufKV1ZjAQdSd0VUGQPSeAuhC68voVBylm-pf2iotALTsJImfiA7r1xcYEk3WaSU.QrBodjnYAToX8qkGCaOLdDBqcdE5CHdXgh57mDKR7Nc&dib_tag=se&keywords=Nescafe+coffee+powder&nsdOptOutParam=true&qid=1789844076&sr=8-84,B0GVFGX595,Nescafe,Nescafe coffee powder,900.0,450.0,2.0,1.61
"Nescafé Choco Mocha Instant Coffee Premix, 125g, (5 Sachets x 25 g) | Café-Like Coffee at Home, Just Add Hot Water For a P...",https://m.media-amazon.com/images/I/81hz07b-FVL._AC_UL960_FMwebp_QL65_.jpg,226.0,4.2,425.0,https://www.amazon.in/NESCAFE-Instant-Coffee-Premix-Sachets/dp/B07NZXQDMM/ref=sr_1_106?dib=eyJ2IjoiMSJ9.BGDLnNF2DnN9oAZo3R3jF0k06x1QP6RXhDBm7jJ4aO_w88qpRYaPntCFMe4NCS0YcvqcjNVwUR0DJZIf5W2cN1P8DPQGMKg-yBtYL3tXSghoXt6vBV8J4CUizgcbIMdp3tQfJGtkh1f4Gd2VZ5tE27i3TGBl-lrCXPR8GT4AwGmP4hUhkkBqAQB96ONYDymgGbwBzy-b2e9axXKsJinoDMJd7s-WHfml5orUSoQSYlpt-zaV2qEpo8SnIyWMm-i7C3UgeVBXuZnMPxYd7bP1UKcHfkkx9USvgnE-uZmMALA.bMTNnknrrouYg0JX7vQCuo4FqEjkVIOPPdnTfoucQxY&dib_tag=se&keywords=Nescafe+coffee+powder&nsdOptOutParam=true&qid=1789844083&sr=8-106,B07NZXQDMM,Nescafe,Nescafe coffee powder,125.0,25.0,,1.81
"Nescafe Original 3 in 1 Instant Coffee Mix, Instant Coffee Sachets, 3 in 1 Instant Coffee Sachets (Pack Of 5 x 17.5g)",https://m.media-amazon.com/images/I/61ZihMmezeL._AC_UL960_FMwebp_QL65_.jpg,169.0,5.0,505.0,https://www.amazon.in/Nescafae-Original-Instant-Coffee-Sachets/dp/B0D4QR8XXR/ref=sr_1_124?dib=eyJ2IjoiMSJ9.BGDLnNF2DnN9oAZo3R3jF0k06x1QP6RXhDBm7jJ4aO_w88qpRYaPntCFMe4NCS0YcvqcjNVwUR0DJZIf5W2cN1P8DPQGMKg-yBtYL3tXSghoXt6vBV8J4CUizgcbIMdp3tQfJGtkh1f4Gd2VZ5tE27i3TGBl-lrCXPR8GT4AwGmP4hUhkkBqAQB96ONYDymgGbwBzy-b2e9axXKsJinoDMJd7s-WHfml5orUSoQSYlpt-zaV2qEpo8SnIyWMm-i7C3UgeVBXuZnMPxYd7bP1UKcHfkkx9USvgnE-uZmMALA.bMTNnknrrouYg0JX7vQCuo4FqEjkVIOPPdnTfoucQxY&dib_tag=se&keywords=Nescafe+coffee+powder&nsdOptOutParam=true&qid=1789844083&sr=8-124,B0D4QR8XXR,Nescafe,Nescafe coffee powder,87.5,17.5,5.0,1.93
"Nestlé Nescafe Latte Mocha 3 In 1 Sachets Pack Of 5 (5 X 31Gram) Powder, Box",https://m.media-amazon.com/images/I/61lzFZYLnML._AC_UL960_FMwebp_QL65_.jpg,299.0,2.0,205.0,https://www.amazon.in/Nestle-Nescafe-Latte-Mocha-Sachets/dp/B0C3R1CH31/ref=sr_1_132?dib=eyJ2IjoiMSJ9.BGDLnNF2DnN9oAZo3R3jF0k06x1QP6RXhDBm7jJ4aO_w88qpRYaPntCFMe4NCS0YcvqcjNVwUR0DJZIf5W2cN1P8DPQGMKg-yBtYL3tXSghoXt6vBV8J4CUizgcbIMdp3tQfJGtkh1f4Gd2VZ5tE27i3TGBl-lrCXPR8GT4AwGmP4hUhkkBqAQB96ONYDymgGbwBzy-b2e9axXKsJinoDMJd7s-WHfml5orUSoQSYlpt-zaV2qEpo8SnIyWMm-i7C3UgeVBXuZnMPxYd7bP1UKcHfkkx9USvgnE-uZmMALA.bMTNnknrrouYg0JX7vQCuo4FqEjkVIOPPdnTfoucQxY&dib_tag=se&keywords=Nescafe+coffee+powder&nsdOptOutParam=true&qid=1789844083&sr=8-132,B0C3R1CH31,Nescafe,Nescafe coffee powder,155.0,31.0,5.0,1.93
Nescafé Sunrise Instant Coffee | Strong Aroma in every cup | 190g Stabilo | New Nescafé Sunrise with Strong Aroma!,https://m.media-amazon.com/images/I/71B0xHnHyYL._AC_UL960_FMwebp_QL65_.jpg,375.0,4.4,445.0,https://www.amazon.in/Nescaf%C3%A9-NESCAFE-SUNRISE-Instant-Coffee-Chicory/dp/B00VJYYJ80/ref=sr_1_8?dib=eyJ2IjoiMSJ9.j6Q_oSOX9yuabRURQeFKcXYoQV-TPdGVBI_i_33taGZ7F_xNPCLNul8BNTjmZXMDXoGFLGMaWd9_XZ8Wtd3dJsv8v-W9LUi5HBkrJ3Ku5eTh9J_M7tMDOKOBWYQud6h52dkZTiLHsL3b3PuOqVBkMnE-lnTsdR4yd_ku17ANHwjFOJIXBddcXW4iAu16Bg3c5-LhMEkH5Eo_OudE06VjSYENkbN6QaKvvk6NK35TtbLrMlsDg2qv4eqs38LbyuAtfBFhgQqWTQKf0ine10bxPMvcDE3hJ1bix0L3TH1N79g.74jlGujipnVyzveGZ9hmEj7HeGw1EoqO6EOqZvj0BR0&dib_tag=se&keywords=Nescafe+coffee+powder&nsdOptOutParam=true&qid=1789844069&sr=8-8,B00VJYYJ80,Nescafe,Nescafe coffee powder,190.0,190.0,,1.97
"Nescafe 3 in 1 White Coffee, Instant Coffee Powder, BY FEBORA, Rich and Creamy Taste, 15 Sticks Pack, 450G",https://m.media-amazon.com/images/I/61W7U3InbmL._AC_UL960_FMwebp_QL65_.jpg,945.0,5.0,505.0,https://www.amazon.in/Nescafe-Coffee-Instant-Powder-FEBORA/dp/B0H1J9C4VL/ref=sr_1_77?dib=eyJ2IjoiMSJ9.wAqqMoWApT08FZhDjnwUiBK5X-oak1Oae_H79pmTtFLKgAsM4E4jRJvxeIsHpsZOkeUDrbkv3tUmvWB1SgUb5hFtY22VmWBlyaC1boYDXe-5HGJp3QtCmiHx9Rjpg2H3rZv3OWbNWhqCw85gubT9G4YdwqXSa04MfB7MmZcq1oNH2y9PVQFV3naJxuz2KAOkH6GcR9r6JQEXTS5UIVOuARTeLwT6yT5RpB3bC6HXywgrufKV1ZjAQdSd0VUGQPSeAuhC68voVBylm-pf2iotALTsJImfiA7r1xcYEk3WaSU.QrBodjnYAToX8qkGCaOLdDBqcdE5CHdXgh57mDKR7Nc&dib_tag=se&keywords=Nescafe+coffee+powder&nsdOptOutParam=true&qid=1789844076&sr=8-77,B0H1J9C4VL,Nescafe,Nescafe coffee powder,450.0,30.0,,2.1
Nescafe Classic Instant Coffee Sachets Pack of 100 | Classic Instant Coffee | 100 gm,https://m.media-amazon.com/images/I/91oLr-9gvGL._AC_UL960_FMwebp_QL65_.jpg,219.0,3.9,395.0,https://www.amazon.in/Nescafae-Classic-Instant-Coffee-Sachets/dp/B0D821TTDQ/ref=sr_1_39?dib=eyJ2IjoiMSJ9.j6Q_oSOX9yuabRURQeFKcXYoQV-TPdGVBI_i_33taGZ7F_xNPCLNul8BNTjmZXMDXoGFLGMaWd9_XZ8Wtd3dJsv8v-W9LUi5HBkrJ3Ku5eTh9J_M7tMDOKOBWYQud6h52dkZTiLHsL3b3PuOqVBkMnE-lnTsdR4yd_ku17ANHwjFOJIXBddcXW4iAu16Bg3c5-LhMEkH5Eo_OudE06VjSYENkbN6QaKvvk6NK35TtbLrMlsDg2qv4eqs38LbyuAtfBFhgQqWTQKf0ine10bxPMvcDE3hJ1bix0L3TH1N79g.74jlGujipnVyzveGZ9hmEj7HeGw1EoqO6EOqZvj0BR0&dib_tag=se&keywords=Nescafe+coffee+powder&nsdOptOutParam=true&qid=1789844069&sr=8-39,B0D821TTDQ,Nescafe,Nescafe coffee powder,100.0,100.0,,2.19
"Nescafe 3 In 1 Original Aromatic & Balanced Sachets Instant Coffee Powder, 90 Gm Pack Of 5 (5 X 18G)",https://m.media-amazon.com/images/I/712N1ge6OvL._AC_UL960_FMwebp_QL65_.jpg,198.97,3.6,365.0,https://www.amazon.in/Nescaf%C3%A9-Original-Aromatic-Balanced-Sachets/dp/B0CLM1JX9K/ref=sr_1_69?dib=eyJ2IjoiMSJ9.wAqqMoWApT08FZhDjnwUiBK5X-oak1Oae_H79pmTtFLKgAsM4E4jRJvxeIsHpsZOkeUDrbkv3tUmvWB1SgUb5hFtY22VmWBlyaC1boYDXe-5HGJp3QtCmiHx9Rjpg2H3rZv3OWbNWhqCw85gubT9G4YdwqXSa04MfB7MmZcq1oNH2y9PVQFV3naJxuz2KAOkH6GcR9r6JQEXTS5UIVOuARTeLwT6yT5RpB3bC6HXywgrufKV1ZjAQdSd0VUGQPSeAuhC68voVBylm-pf2iotALTsJImfiA7r1xcYEk3WaSU.QrBodjnYAToX8qkGCaOLdDBqcdE5CHdXgh57mDKR7Nc&dib_tag=se&keywords=Nescafe+coffee+powder&nsdOptOutParam=true&qid=1789844076&sr=8-69,B0CLM1JX9K,Nescafe,Nescafe coffee powder,90.0,18.0,5.0,2.21
Sunrise Instant Coffee Powder by Nescafe | Rich Taste & Aroma For The Perfect Start To Your Day | Coffee Chicory Mix | 500g Pouch fine blend coffee [60%] & chicory [40%],https://m.media-amazon.com/images/I/71oYPjbdyUL._AC_UL960_FMwebp_QL65_.jpg,1135.0,4.5,455.0,https://www.amazon.in/Nescaf%C3%A9-Sunrise-Instant-Coffee-Chicory-Roasted/dp/B01C5IX1LO/ref=sr_1_11?dib=eyJ2IjoiMSJ9.j6Q_oSOX9yuabRURQeFKcXYoQV-TPdGVBI_i_33taGZ7F_xNPCLNul8BNTjmZXMDXoGFLGMaWd9_XZ8Wtd3dJsv8v-W9LUi5HBkrJ3Ku5eTh9J_M7tMDOKOBWYQud6h52dkZTiLHsL3b3PuOqVBkMnE-lnTsdR4yd_ku17ANHwjFOJIXBddcXW4iAu16Bg3c5-LhMEkH5Eo_OudE06VjSYENkbN6QaKvvk6NK35TtbLrMlsDg2qv4eqs38LbyuAtfBFhgQqWTQKf0ine10bxPMvcDE3hJ1bix0L3TH1N79g.74jlGujipnVyzveGZ9hmEj7HeGw1EoqO6EOqZvj0BR0&dib_tag=se&keywords=Nescafe+coffee+powder&nsdOptOutParam=true&qid=1789844069&sr=8-11,B01C5IX1LO,Nescafe,Nescafe coffee powder,500.0,500.0,,2.27
"Nescafé Classic Instant Coffee Powder, 66g, (30 units x 2.2 g each) Pack | 100% Pure Coffee. Enjoy the rich aroma and bold...",https://m.media-amazon.com/images/I/71ZTjL0tBTL._AC_UL960_FMwebp_QL65_.jpg,150.0,4.4,445.0,https://www.amazon.in/NESCAFE-Classic-Instant-Powder-Robusta/dp/B0C4FG5XF3/ref=sr_1_12?dib=eyJ2IjoiMSJ9.j6Q_oSOX9yuabRURQeFKcXYoQV-TPdGVBI_i_33taGZ7F_xNPCLNul8BNTjmZXMDXoGFLGMaWd9_XZ8Wtd3dJsv8v-W9LUi5HBkrJ3Ku5eTh9J_M7tMDOKOBWYQud6h52dkZTiLHsL3b3PuOqVBkMnE-lnTsdR4yd_ku17ANHwjFOJIXBddcXW4iAu16Bg3c5-LhMEkH5Eo_OudE06VjSYENkbN6QaKvvk6NK35TtbLrMlsDg2qv4eqs38LbyuAtfBFhgQqWTQKf0ine10bxPMvcDE3hJ1bix0L3TH1N79g.74jlGujipnVyzveGZ9hmEj7HeGw1EoqO6EOqZvj0BR0&dib_tag=se&keywords=Nescafe+coffee+powder&nsdOptOutParam=true&qid=1789844069&sr=8-12,B0C4FG5XF3,Nescafe,Nescafe coffee powder,66.0,2.2,30.0,2.27
"Sunrise Instant Coffee Powder by Nescafe, 500g Pouch, Pack of 2 | Rich Taste & Aroma For The Perfect Start To Your Day, Co...",https://m.media-amazon.com/images/I/81S6TQB4ENL._AC_UL960_FMwebp_QL65_.jpg,2270.0,5.0,505.0,https://www.amazon.in/Sunrise-Instant-Coffee-Powder-Nescafe/dp/B0GX951LZ8/ref=sr_1_127?dib=eyJ2IjoiMSJ9.BGDLnNF2DnN9oAZo3R3jF0k06x1QP6RXhDBm7jJ4aO_w88qpRYaPntCFMe4NCS0YcvqcjNVwUR0DJZIf5W2cN1P8DPQGMKg-yBtYL3tXSghoXt6vBV8J4CUizgcbIMdp3tQfJGtkh1f4Gd2VZ5tE27i3TGBl-lrCXPR8GT4AwGmP4hUhkkBqAQB96ONYDymgGbwBzy-b2e9axXKsJinoDMJd7s-WHfml5orUSoQSYlpt-zaV2qEpo8SnIyWMm-i7C3UgeVBXuZnMPxYd7bP1UKcHfkkx9USvgnE-uZmMALA.bMTNnknrrouYg0JX7vQCuo4FqEjkVIOPPdnTfoucQxY&dib_tag=se&keywords=Nescafe+coffee+powder&nsdOptOutParam=true&qid=1789844083&sr=8-127,B0GX951LZ8,Nescafe,Nescafe coffee powder,1000.0,500.0,2.0,2.27
"Nescafe Classic Instant Coffee Sachets|Classic Instant Coffee|Pack Of 50,50 Gram",https://m.media-amazon.com/images/I/91oLr-9gvGL._AC_UL960_FMwebp_QL65_.jpg,135.0,4.2,425.0,https://www.amazon.in/Nescafae-Classic-Instant-Coffee-Sachets/dp/B0D87SL76L/ref=sr_1_101?dib=eyJ2IjoiMSJ9.BGDLnNF2DnN9oAZo3R3jF0k06x1QP6RXhDBm7jJ4aO_w88qpRYaPntCFMe4NCS0YcvqcjNVwUR0DJZIf5W2cN1P8DPQGMKg-yBtYL3tXSghoXt6vBV8J4CUizgcbIMdp3tQfJGtkh1f4Gd2VZ5tE27i3TGBl-lrCXPR8GT4AwGmP4hUhkkBqAQB96ONYDymgGbwBzy-b2e9axXKsJinoDMJd7s-WHfml5orUSoQSYlpt-zaV2qEpo8SnIyWMm-i7C3UgeVBXuZnMPxYd7bP1UKcHfkkx9USvgnE-uZmMALA.bMTNnknrrouYg0JX7vQCuo4FqEjkVIOPPdnTfoucQxY&dib_tag=se&keywords=Nescafe+coffee+powder&nsdOptOutParam=true&qid=1789844083&sr=8-101,B0D87SL76L,Nescafe,Nescafe coffee powder,50.0,50.0,,2.7
"NESCAFE Green Triangle Mocha Flavour Instant Coffee, 260g, Medium Roast, Powder Form",https://m.media-amazon.com/images/I/41b2ZEsB1CL._AC_UL960_FMwebp_QL65_.jpg,739.0,3.4,345.0,https://www.amazon.in/NESCAFE-Triangle-Flavour-Instant-Coffee/dp/B0GN9B2SQH/ref=sr_1_48?dib=eyJ2IjoiMSJ9.j6Q_oSOX9yuabRURQeFKcXYoQV-TPdGVBI_i_33taGZ7F_xNPCLNul8BNTjmZXMDXoGFLGMaWd9_XZ8Wtd3dJsv8v-W9LUi5HBkrJ3Ku5eTh9J_M7tMDOKOBWYQud6h52dkZTiLHsL3b3PuOqVBkMnE-lnTsdR4yd_ku17ANHwjFOJIXBddcXW4iAu16Bg3c5-LhMEkH5Eo_OudE06VjSYENkbN6QaKvvk6NK35TtbLrMlsDg2qv4eqs38LbyuAtfBFhgQqWTQKf0ine10bxPMvcDE3hJ1bix0L3TH1N79g.74jlGujipnVyzveGZ9hmEj7HeGw1EoqO6EOqZvj0BR0&dib_tag=se&keywords=Nescafe+coffee+powder&nsdOptOutParam=true&qid=1789844069&sr=8-48,B0GN9B2SQH,Nescafe,Nescafe coffee powder,260.0,260.0,,2.84
"Nescafe Sunrise, Instant Coffee-Chicory Mix Powder, 200 Gram Pouch",https://m.media-amazon.com/images/I/71u7BvHpk2L._AC_UL960_FMwebp_QL65_.jpg,590.0,4.4,445.0,https://www.amazon.in/Nescafe-Sunrise-Premium-Coffee-Pouch/dp/B0096QXUX8/ref=sr_1_102?dib=eyJ2IjoiMSJ9.BGDLnNF2DnN9oAZo3R3jF0k06x1QP6RXhDBm7jJ4aO_w88qpRYaPntCFMe4NCS0YcvqcjNVwUR0DJZIf5W2cN1P8DPQGMKg-yBtYL3tXSghoXt6vBV8J4CUizgcbIMdp3tQfJGtkh1f4Gd2VZ5tE27i3TGBl-lrCXPR8GT4AwGmP4hUhkkBqAQB96ONYDymgGbwBzy-b2e9axXKsJinoDMJd7s-WHfml5orUSoQSYlpt-zaV2qEpo8SnIyWMm-i7C3UgeVBXuZnMPxYd7bP1UKcHfkkx9USvgnE-uZmMALA.bMTNnknrrouYg0JX7vQCuo4FqEjkVIOPPdnTfoucQxY&dib_tag=se&keywords=Nescafe+coffee+powder&nsdOptOutParam=true&qid=1789844083&sr=8-102,B0096QXUX8,Nescafe,Nescafe coffee powder,200.0,200.0,,2.95
"Nescafe Sunrise Instant Coffee Powder, Strong Taste, Coffee-Chicory Mix, 200g Stabilo (Pack of 2)",https://m.media-amazon.com/images/I/71lDcUF8y4L._AC_UL960_FMwebp_QL65_.jpg,1220.0,,,https://www.amazon.in/Nescafe-Sunrise-Instant-Coffee-Chicory-Stabilo/dp/B0H6FWDJ5K/ref=sr_1_130?dib=eyJ2IjoiMSJ9.BGDLnNF2DnN9oAZo3R3jF0k06x1QP6RXhDBm7jJ4aO_w88qpRYaPntCFMe4NCS0YcvqcjNVwUR0DJZIf5W2cN1P8DPQGMKg-yBtYL3tXSghoXt6vBV8J4CUizgcbIMdp3tQfJGtkh1f4Gd2VZ5tE27i3TGBl-lrCXPR8GT4AwGmP4hUhkkBqAQB96ONYDymgGbwBzy-b2e9axXKsJinoDMJd7s-WHfml5orUSoQSYlpt-zaV2qEpo8SnIyWMm-i7C3UgeVBXuZnMPxYd7bP1UKcHfkkx9USvgnE-uZmMALA.bMTNnknrrouYg0JX7vQCuo4FqEjkVIOPPdnTfoucQxY&dib_tag=se&keywords=Nescafe+coffee+powder&nsdOptOutParam=true&qid=1789844083&sr=8-130,B0H6FWDJ5K,Nescafe,Nescafe coffee powder,400.0,200.0,2.0,3.05
Nescafé Sunrise Instant Coffee | Strong Aroma in every cup | 90g Jar | New Nescafé Sunrise with Strong Aroma!,https://m.media-amazon.com/images/I/71HkELHV6+L._AC_UL960_FMwebp_QL65_.jpg,280.0,4.4,445.0,https://www.amazon.in/SUNRISE-Nescafe-Instant-Coffee-Coffee-Chicory/dp/B079KSZ7N7/ref=sr_1_15?dib=eyJ2IjoiMSJ9.j6Q_oSOX9yuabRURQeFKcXYoQV-TPdGVBI_i_33taGZ7F_xNPCLNul8BNTjmZXMDXoGFLGMaWd9_XZ8Wtd3dJsv8v-W9LUi5HBkrJ3Ku5eTh9J_M7tMDOKOBWYQud6h52dkZTiLHsL3b3PuOqVBkMnE-lnTsdR4yd_ku17ANHwjFOJIXBddcXW4iAu16Bg3c5-LhMEkH5Eo_OudE06VjSYENkbN6QaKvvk6NK35TtbLrMlsDg2qv4eqs38LbyuAtfBFhgQqWTQKf0ine10bxPMvcDE3hJ1bix0L3TH1N79g.74jlGujipnVyzveGZ9hmEj7HeGw1EoqO6EOqZvj0BR0&dib_tag=se&keywords=Nescafe+coffee+powder&nsdOptOutParam=true&qid=1789844069&sr=8-15,B079KSZ7N7,Nescafe,Nescafe coffee powder,90.0,90.0,,3.11
Nescafé Sunrise Instant Coffee | Strong Aroma in every cup | 45g Jar | New Nescafé Sunrise with Strong Aroma!,https://m.media-amazon.com/images/I/71X8hgrdVhL._AC_UL960_FMwebp_QL65_.jpg,140.0,4.3,435.0,https://www.amazon.in/SUNRISE-Instant-Coffee-Powder-Coffee-Chicory/dp/B01LXOUFNI/ref=sr_1_24?dib=eyJ2IjoiMSJ9.j6Q_oSOX9yuabRURQeFKcXYoQV-TPdGVBI_i_33taGZ7F_xNPCLNul8BNTjmZXMDXoGFLGMaWd9_XZ8Wtd3dJsv8v-W9LUi5HBkrJ3Ku5eTh9J_M7tMDOKOBWYQud6h52dkZTiLHsL3b3PuOqVBkMnE-lnTsdR4yd_ku17ANHwjFOJIXBddcXW4iAu16Bg3c5-LhMEkH5Eo_OudE06VjSYENkbN6QaKvvk6NK35TtbLrMlsDg2qv4eqs38LbyuAtfBFhgQqWTQKf0ine10bxPMvcDE3hJ1bix0L3TH1N79g.74jlGujipnVyzveGZ9hmEj7HeGw1EoqO6EOqZvj0BR0&dib_tag=se&keywords=Nescafe+coffee+powder&nsdOptOutParam=true&qid=1789844069&sr=8-24,B01LXOUFNI,Nescafe,Nescafe coffee powder,45.0,45.0,,3.11
Sunrise Instant Coffee Powder by Nescafe | Strong Taste for the perfect start to your day | Coffee Chicory-Mix | 45g Jar (Pack of 2),https://m.media-amazon.com/images/I/81Gv1ddNX-L._AC_UL960_FMwebp_QL65_.jpg,280.0,4.3,435.0,https://www.amazon.in/Sunrise-Instant-Nescafe-perfect-Chicory-Mix/dp/B0H6G5KZLJ/ref=sr_1_45?dib=eyJ2IjoiMSJ9.j6Q_oSOX9yuabRURQeFKcXYoQV-TPdGVBI_i_33taGZ7F_xNPCLNul8BNTjmZXMDXoGFLGMaWd9_XZ8Wtd3dJsv8v-W9LUi5HBkrJ3Ku5eTh9J_M7tMDOKOBWYQud6h52dkZTiLHsL3b3PuOqVBkMnE-lnTsdR4yd_ku17ANHwjFOJIXBddcXW4iAu16Bg3c5-LhMEkH5Eo_OudE06VjSYENkbN6QaKvvk6NK35TtbLrMlsDg2qv4eqs38LbyuAtfBFhgQqWTQKf0ine10bxPMvcDE3hJ1bix0L3TH1N79g.74jlGujipnVyzveGZ9hmEj7HeGw1EoqO6EOqZvj0BR0&dib_tag=se&keywords=Nescafe+coffee+powder&nsdOptOutParam=true&qid=1789844069&sr=8-45,B0H6G5KZLJ,Nescafe,Nescafe coffee powder,90.0,45.0,2.0,3.11
"Nescafe Sunrise Instant Coffee Powder, Strong Taste, Coffee-Chicory Mix, 200g Stabilo",https://m.media-amazon.com/images/I/71-nVWLxvvL._AC_UL960_FMwebp_QL65_.jpg,629.0,3.2,325.0,https://www.amazon.in/Nescafe-Sunrise-Instant-Coffee-Chicory-Stabilo/dp/B0GFWRDVWT/ref=sr_1_44?dib=eyJ2IjoiMSJ9.j6Q_oSOX9yuabRURQeFKcXYoQV-TPdGVBI_i_33taGZ7F_xNPCLNul8BNTjmZXMDXoGFLGMaWd9_XZ8Wtd3dJsv8v-W9LUi5HBkrJ3Ku5eTh9J_M7tMDOKOBWYQud6h52dkZTiLHsL3b3PuOqVBkMnE-lnTsdR4yd_ku17ANHwjFOJIXBddcXW4iAu16Bg3c5-LhMEkH5Eo_OudE06VjSYENkbN6QaKvvk6NK35TtbLrMlsDg2qv4eqs38LbyuAtfBFhgQqWTQKf0ine10bxPMvcDE3hJ1bix0L3TH1N79g.74jlGujipnVyzveGZ9hmEj7HeGw1EoqO6EOqZvj0BR0&dib_tag=se&keywords=Nescafe+coffee+powder&nsdOptOutParam=true&qid=1789844069&sr=8-44,B0GFWRDVWT,Nescafe,Nescafe coffee powder,200.0,200.0,,3.15
"Nescafé Classic Instant Coffee Powder, 500g Pouch | 100% Pure Coffee for a Great Start to Your Morning, Every Morning",https://m.media-amazon.com/images/I/71S9XXnDl+L._AC_UL960_FMwebp_QL65_.jpg,1590.0,4.5,455.0,https://www.amazon.in/Nescaf%C3%A9-Nescafe-Classic-500g/dp/B01BV4FO8G/ref=sr_1_10?dib=eyJ2IjoiMSJ9.j6Q_oSOX9yuabRURQeFKcXYoQV-TPdGVBI_i_33taGZ7F_xNPCLNul8BNTjmZXMDXoGFLGMaWd9_XZ8Wtd3dJsv8v-W9LUi5HBkrJ3Ku5eTh9J_M7tMDOKOBWYQud6h52dkZTiLHsL3b3PuOqVBkMnE-lnTsdR4yd_ku17ANHwjFOJIXBddcXW4iAu16Bg3c5-LhMEkH5Eo_OudE06VjSYENkbN6QaKvvk6NK35TtbLrMlsDg2qv4eqs38LbyuAtfBFhgQqWTQKf0ine10bxPMvcDE3hJ1bix0L3TH1N79g.74jlGujipnVyzveGZ9hmEj7HeGw1EoqO6EOqZvj0BR0&dib_tag=se&keywords=Nescafe+coffee+powder&nsdOptOutParam=true&qid=1789844069&sr=8-10,B01BV4FO8G,Nescafe,Nescafe coffee powder,500.0,500.0,,3.18
"Nescafe Classic Coffee Glass Jar, 50gram, Ground",https://m.media-amazon.com/images/I/71DDR39Mr7L._AC_UL960_FMwebp_QL65_.jpg,160.0,3.9,395.0,https://www.amazon.in/Nescafe-Classic-Coffee-Glass-Jar/dp/B00N8QWU9W/ref=sr_1_67?dib=eyJ2IjoiMSJ9.wAqqMoWApT08FZhDjnwUiBK5X-oak1Oae_H79pmTtFLKgAsM4E4jRJvxeIsHpsZOkeUDrbkv3tUmvWB1SgUb5hFtY22VmWBlyaC1boYDXe-5HGJp3QtCmiHx9Rjpg2H3rZv3OWbNWhqCw85gubT9G4YdwqXSa04MfB7MmZcq1oNH2y9PVQFV3naJxuz2KAOkH6GcR9r6JQEXTS5UIVOuARTeLwT6yT5RpB3bC6HXywgrufKV1ZjAQdSd0VUGQPSeAuhC68voVBylm-pf2iotALTsJImfiA7r1xcYEk3WaSU.QrBodjnYAToX8qkGCaOLdDBqcdE5CHdXgh57mDKR7Nc&dib_tag=se&keywords=Nescafe+coffee+powder&nsdOptOutParam=true&qid=1789844076&sr=8-67,B00N8QWU9W,Nescafe,Nescafe coffee powder,50.0,50.0,,3.2
"NESCAFE Classic Instant Coffee Powder | Great Start to Your Morning | 100% Pure Coffee, Pouch, 500g (Pack of 2)",https://m.media-amazon.com/images/I/61mZFTQZK9L._AC_UL960_FMwebp_QL65_.jpg,3286.0,4.1,415.0,https://www.amazon.in/Nescafe-Classic-Pouch-500gram-Ground/dp/B0D816M33M/ref=sr_1_89?dib=eyJ2IjoiMSJ9.wAqqMoWApT08FZhDjnwUiBK5X-oak1Oae_H79pmTtFLKgAsM4E4jRJvxeIsHpsZOkeUDrbkv3tUmvWB1SgUb5hFtY22VmWBlyaC1boYDXe-5HGJp3QtCmiHx9Rjpg2H3rZv3OWbNWhqCw85gubT9G4YdwqXSa04MfB7MmZcq1oNH2y9PVQFV3naJxuz2KAOkH6GcR9r6JQEXTS5UIVOuARTeLwT6yT5RpB3bC6HXywgrufKV1ZjAQdSd0VUGQPSeAuhC68voVBylm-pf2iotALTsJImfiA7r1xcYEk3WaSU.QrBodjnYAToX8qkGCaOLdDBqcdE5CHdXgh57mDKR7Nc&dib_tag=se&keywords=Nescafe+coffee+powder&nsdOptOutParam=true&qid=1789844076&sr=8-89,B0D816M33M,Nescafe,Nescafe coffee powder,1000.0,500.0,2.0,3.29
Nescafé Sunrise Instant Coffee | Strong Aroma in every cup | 90g Stabilo | New Nescafé Sunrise with Strong Aroma!,https://m.media-amazon.com/images/I/71DniA+P92L._AC_UL960_FMwebp_QL65_.jpg,300.0,4.4,445.0,https://www.amazon.in/NESCAFE-SUNRISE-Instant-Coffee-Coffee-Chicory/dp/B00VJYZWC2/ref=sr_1_37?dib=eyJ2IjoiMSJ9.j6Q_oSOX9yuabRURQeFKcXYoQV-TPdGVBI_i_33taGZ7F_xNPCLNul8BNTjmZXMDXoGFLGMaWd9_XZ8Wtd3dJsv8v-W9LUi5HBkrJ3Ku5eTh9J_M7tMDOKOBWYQud6h52dkZTiLHsL3b3PuOqVBkMnE-lnTsdR4yd_ku17ANHwjFOJIXBddcXW4iAu16Bg3c5-LhMEkH5Eo_OudE06VjSYENkbN6QaKvvk6NK35TtbLrMlsDg2qv4eqs38LbyuAtfBFhgQqWTQKf0ine10bxPMvcDE3hJ1bix0L3TH1N79g.74jlGujipnVyzveGZ9hmEj7HeGw1EoqO6EOqZvj0BR0&dib_tag=se&keywords=Nescafe+coffee+powder&nsdOptOutParam=true&qid=1789844069&sr=8-37,B00VJYZWC2,Nescafe,Nescafe coffee powder,90.0,90.0,,3.33
"Nescafe Classic Coffee 500 Gm ( Pack Of 2 ), Powder, Box",https://m.media-amazon.com/images/I/619gzmYCm1L._AC_UL960_FMwebp_QL65_.jpg,3400.0,4.4,445.0,https://www.amazon.in/Nescafe-Classic-Coffee-500-Pack/dp/B08CRL5M5V/ref=sr_1_63?dib=eyJ2IjoiMSJ9.wAqqMoWApT08FZhDjnwUiBK5X-oak1Oae_H79pmTtFLKgAsM4E4jRJvxeIsHpsZOkeUDrbkv3tUmvWB1SgUb5hFtY22VmWBlyaC1boYDXe-5HGJp3QtCmiHx9Rjpg2H3rZv3OWbNWhqCw85gubT9G4YdwqXSa04MfB7MmZcq1oNH2y9PVQFV3naJxuz2KAOkH6GcR9r6JQEXTS5UIVOuARTeLwT6yT5RpB3bC6HXywgrufKV1ZjAQdSd0VUGQPSeAuhC68voVBylm-pf2iotALTsJImfiA7r1xcYEk3WaSU.QrBodjnYAToX8qkGCaOLdDBqcdE5CHdXgh57mDKR7Nc&dib_tag=se&keywords=Nescafe+coffee+powder&nsdOptOutParam=true&qid=1789844076&sr=8-63,B08CRL5M5V,Nescafe,Nescafe coffee powder,1000.0,500.0,2.0,3.4
Nescafé Sunrise Instant Coffee | Strong Aroma in every cup | 45g Sachet | New Nescafé Sunrise with Strong Aroma!,https://m.media-amazon.com/images/I/71cqZq-u8dL._AC_UL960_FMwebp_QL65_.jpg,155.0,4.4,445.0,https://www.amazon.in/NESCAFE-SUNRISE-Instant-Coffee-Coffee-Chicory/dp/B00AOU89AO/ref=sr_1_35?dib=eyJ2IjoiMSJ9.j6Q_oSOX9yuabRURQeFKcXYoQV-TPdGVBI_i_33taGZ7F_xNPCLNul8BNTjmZXMDXoGFLGMaWd9_XZ8Wtd3dJsv8v-W9LUi5HBkrJ3Ku5eTh9J_M7tMDOKOBWYQud6h52dkZTiLHsL3b3PuOqVBkMnE-lnTsdR4yd_ku17ANHwjFOJIXBddcXW4iAu16Bg3c5-LhMEkH5Eo_OudE06VjSYENkbN6QaKvvk6NK35TtbLrMlsDg2qv4eqs38LbyuAtfBFhgQqWTQKf0ine10bxPMvcDE3hJ1bix0L3TH1N79g.74jlGujipnVyzveGZ9hmEj7HeGw1EoqO6EOqZvj0BR0&dib_tag=se&keywords=Nescafe+coffee+powder&nsdOptOutParam=true&qid=1789844069&sr=8-35,B00AOU89AO,Nescafe,Nescafe coffee powder,45.0,45.0,,3.44
Nescafe Classic Instant Coffee Powder | 500g + 180g,https://m.media-amazon.com/images/I/51H2nTWSNIL._AC_UL960_FMwebp_QL65_.jpg,2368.0,,,https://www.amazon.in/Nescafe-Classic-Instant-Coffee-Powder/dp/B0H5Y2QRFM/ref=sr_1_134?dib=eyJ2IjoiMSJ9.BGDLnNF2DnN9oAZo3R3jF0k06x1QP6RXhDBm7jJ4aO_w88qpRYaPntCFMe4NCS0YcvqcjNVwUR0DJZIf5W2cN1P8DPQGMKg-yBtYL3tXSghoXt6vBV8J4CUizgcbIMdp3tQfJGtkh1f4Gd2VZ5tE27i3TGBl-lrCXPR8GT4AwGmP4hUhkkBqAQB96ONYDymgGbwBzy-b2e9axXKsJinoDMJd7s-WHfml5orUSoQSYlpt-zaV2qEpo8SnIyWMm-i7C3UgeVBXuZnMPxYd7bP1UKcHfkkx9USvgnE-uZmMALA.bMTNnknrrouYg0JX7vQCuo4FqEjkVIOPPdnTfoucQxY&dib_tag=se&keywords=Nescafe+coffee+powder&nsdOptOutParam=true&qid=1789844083&sr=8-134,B0H5Y2QRFM,Nescafe,Nescafe coffee powder,680.0,,,3.48
NESCAFE Classic Instant Coffee Powder | 200g + 500g,https://m.media-amazon.com/images/I/81mGvRQvkkL._AC_UL960_FMwebp_QL65_.jpg,2443.0,4.6,465.0,https://www.amazon.in/NESCAFE-Classic-Instant-Coffee-Powder/dp/B08H5F353B/ref=sr_1_137?dib=eyJ2IjoiMSJ9.BGDLnNF2DnN9oAZo3R3jF0k06x1QP6RXhDBm7jJ4aO_w88qpRYaPntCFMe4NCS0YcvqcjNVwUR0DJZIf5W2cN1P8DPQGMKg-yBtYL3tXSghoXt6vBV8J4CUizgcbIMdp3tQfJGtkh1f4Gd2VZ5tE27i3TGBl-lrCXPR8GT4AwGmP4hUhkkBqAQB96ONYDymgGbwBzy-b2e9axXKsJinoDMJd7s-WHfml5orUSoQSYlpt-zaV2qEpo8SnIyWMm-i7C3UgeVBXuZnMPxYd7bP1UKcHfkkx9USvgnE-uZmMALA.bMTNnknrrouYg0JX7vQCuo4FqEjkVIOPPdnTfoucQxY&dib_tag=se&keywords=Nescafe+coffee+powder&nsdOptOutParam=true&qid=1789844083&sr=8-137,B08H5F353B,Nescafe,Nescafe coffee powder,700.0,,2.0,3.49
"Nescafé Classic Instant Coffee Powder, 200g Pouch | 100% Pure Coffee for a Great Start to Your Morning, Every Morning",https://m.media-amazon.com/images/I/71JhBiwYnJL._AC_UL960_FMwebp_QL65_.jpg,699.0,4.4,445.0,https://www.amazon.in/Nescaf%C3%A9-Classic-Coffee-200g-Stabilo/dp/B00VJZ0OCY/ref=sr_1_1_mod_primary_new?dib=eyJ2IjoiMSJ9.j6Q_oSOX9yuabRURQeFKcXYoQV-TPdGVBI_i_33taGZ7F_xNPCLNul8BNTjmZXMDXoGFLGMaWd9_XZ8Wtd3dJsv8v-W9LUi5HBkrJ3Ku5eTh9J_M7tMDOKOBWYQud6h52dkZTiLHsL3b3PuOqVBkMnE-lnTsdR4yd_ku17ANHwjFOJIXBddcXW4iAu16Bg3c5-LhMEkH5Eo_OudE06VjSYENkbN6QaKvvk6NK35TtbLrMlsDg2qv4eqs38LbyuAtfBFhgQqWTQKf0ine10bxPMvcDE3hJ1bix0L3TH1N79g.74jlGujipnVyzveGZ9hmEj7HeGw1EoqO6EOqZvj0BR0&dib_tag=se&keywords=Nescafe+coffee+powder&nsdOptOutParam=true&qid=1789844069&sbo=RZvfv%2F%2FHxDF%2BO5021pAnSA%3D%3D&sr=8-1,B00VJZ0OCY,Nescafe,Nescafe coffee powder,200.0,200.0,,3.5
"Nescafe Classic Stabilo Powder, 200 Gm Pouch",https://m.media-amazon.com/images/I/81GWEXmlsGL._AC_UL960_FMwebp_QL65_.jpg,700.0,4.3,435.0,https://www.amazon.in/Nescafe-Classic-Stabilo-200g-pouch/dp/B01C5IX1AU/ref=sr_1_23_mod_primary_new?dib=eyJ2IjoiMSJ9.j6Q_oSOX9yuabRURQeFKcXYoQV-TPdGVBI_i_33taGZ7F_xNPCLNul8BNTjmZXMDXoGFLGMaWd9_XZ8Wtd3dJsv8v-W9LUi5HBkrJ3Ku5eTh9J_M7tMDOKOBWYQud6h52dkZTiLHsL3b3PuOqVBkMnE-lnTsdR4yd_ku17ANHwjFOJIXBddcXW4iAu16Bg3c5-LhMEkH5Eo_OudE06VjSYENkbN6QaKvvk6NK35TtbLrMlsDg2qv4eqs38LbyuAtfBFhgQqWTQKf0ine10bxPMvcDE3hJ1bix0L3TH1N79g.74jlGujipnVyzveGZ9hmEj7HeGw1EoqO6EOqZvj0BR0&dib_tag=se&keywords=Nescafe+coffee+powder&nsdOptOutParam=true&qid=1789844069&sbo=RZvfv%2F%2FHxDF%2BO5021pAnSA%3D%3D&sr=8-23,B01C5IX1AU,Nescafe,Nescafe coffee powder,200.0,200.0,,3.5
"Nescafé Original ExtraForte Instant Coffee, 200g Glass Jar, Medium Roast Powder, pack of 6 By Febora Foods",https://m.media-amazon.com/images/I/41lNVioXu8L._AC_UL960_FMwebp_QL65_.jpg,4299.0,,,https://www.amazon.in/Nescaf%C3%A9-Original-ExtraForte-Instant-Coffee/dp/B0GP1MY154/ref=sr_1_80?dib=eyJ2IjoiMSJ9.wAqqMoWApT08FZhDjnwUiBK5X-oak1Oae_H79pmTtFLKgAsM4E4jRJvxeIsHpsZOkeUDrbkv3tUmvWB1SgUb5hFtY22VmWBlyaC1boYDXe-5HGJp3QtCmiHx9Rjpg2H3rZv3OWbNWhqCw85gubT9G4YdwqXSa04MfB7MmZcq1oNH2y9PVQFV3naJxuz2KAOkH6GcR9r6JQEXTS5UIVOuARTeLwT6yT5RpB3bC6HXywgrufKV1ZjAQdSd0VUGQPSeAuhC68voVBylm-pf2iotALTsJImfiA7r1xcYEk3WaSU.QrBodjnYAToX8qkGCaOLdDBqcdE5CHdXgh57mDKR7Nc&dib_tag=se&keywords=Nescafe+coffee+powder&nsdOptOutParam=true&qid=1789844076&sr=8-80,B0GP1MY154,Nescafe,Nescafe coffee powder,1200.0,200.0,6.0,3.58
"Nescafe Original Extraforte Coffee, Ground, 7.05 oz / 200 g Jar",https://m.media-amazon.com/images/I/81JMg-P7-fL._AC_UL960_FMwebp_QL65_.jpg,720.0,4.1,415.0,https://www.amazon.in/Nescaf%C3%A9-NWT194-Nescaf%C2%83%C2%A9-Original-coffee/dp/B008S8RJKK/ref=sr_1_14_mod_primary_new?dib=eyJ2IjoiMSJ9.j6Q_oSOX9yuabRURQeFKcXYoQV-TPdGVBI_i_33taGZ7F_xNPCLNul8BNTjmZXMDXoGFLGMaWd9_XZ8Wtd3dJsv8v-W9LUi5HBkrJ3Ku5eTh9J_M7tMDOKOBWYQud6h52dkZTiLHsL3b3PuOqVBkMnE-lnTsdR4yd_ku17ANHwjFOJIXBddcXW4iAu16Bg3c5-LhMEkH5Eo_OudE06VjSYENkbN6QaKvvk6NK35TtbLrMlsDg2qv4eqs38LbyuAtfBFhgQqWTQKf0ine10bxPMvcDE3hJ1bix0L3TH1N79g.74jlGujipnVyzveGZ9hmEj7HeGw1EoqO6EOqZvj0BR0&dib_tag=se&keywords=Nescafe+coffee+powder&nsdOptOutParam=true&qid=1789844069&sbo=RZvfv%2F%2FHxDF%2BO5021pAnSA%3D%3D&sr=8-14,B008S8RJKK,Nescafe,Nescafe coffee powder,200.0,200.0,,3.6
NESCAFE Classic Instant Coffee Powder | 200g + 500g + 180g,https://m.media-amazon.com/images/I/61-hO5sJGfL._AC_UL960_FMwebp_QL65_.jpg,3168.0,,,https://www.amazon.in/NESCAFE-Classic-Instant-Coffee-Powder/dp/B0H5YNHBP9/ref=sr_1_133?dib=eyJ2IjoiMSJ9.BGDLnNF2DnN9oAZo3R3jF0k06x1QP6RXhDBm7jJ4aO_w88qpRYaPntCFMe4NCS0YcvqcjNVwUR0DJZIf5W2cN1P8DPQGMKg-yBtYL3tXSghoXt6vBV8J4CUizgcbIMdp3tQfJGtkh1f4Gd2VZ5tE27i3TGBl-lrCXPR8GT4AwGmP4hUhkkBqAQB96ONYDymgGbwBzy-b2e9axXKsJinoDMJd7s-WHfml5orUSoQSYlpt-zaV2qEpo8SnIyWMm-i7C3UgeVBXuZnMPxYd7bP1UKcHfkkx9USvgnE-uZmMALA.bMTNnknrrouYg0JX7vQCuo4FqEjkVIOPPdnTfoucQxY&dib_tag=se&keywords=Nescafe+coffee+powder&nsdOptOutParam=true&qid=1789844083&sr=8-133,B0H5YNHBP9,Nescafe,Nescafe coffee powder,880.0,,,3.6
NESCAFE Classic Instant Coffee Powder | 200g + 500g + 180g,https://m.media-amazon.com/images/I/51g+GLlJMBL._AC_UL960_FMwebp_QL65_.jpg,3168.0,,,https://www.amazon.in/NESCAFE-Classic-Instant-Coffee-Powder/dp/B0H5Y3XZMN/ref=sr_1_141?dib=eyJ2IjoiMSJ9.BGDLnNF2DnN9oAZo3R3jF0k06x1QP6RXhDBm7jJ4aO_w88qpRYaPntCFMe4NCS0YcvqcjNVwUR0DJZIf5W2cN1P8DPQGMKg-yBtYL3tXSghoXt6vBV8J4CUizgcbIMdp3tQfJGtkh1f4Gd2VZ5tE27i3TGBl-lrCXPR8GT4AwGmP4hUhkkBqAQB96ONYDymgGbwBzy-b2e9axXKsJinoDMJd7s-WHfml5orUSoQSYlpt-zaV2qEpo8SnIyWMm-i7C3UgeVBXuZnMPxYd7bP1UKcHfkkx9USvgnE-uZmMALA.bMTNnknrrouYg0JX7vQCuo4FqEjkVIOPPdnTfoucQxY&dib_tag=se&keywords=Nescafe+coffee+powder&nsdOptOutParam=true&qid=1789844083&sr=8-141,B0H5Y3XZMN,Nescafe,Nescafe coffee powder,880.0,,3.0,3.6
"Nescafé Original Extra Forte Ground Coffee Bottle, 230 g",https://m.media-amazon.com/images/I/514wL-hIB0L._AC_UL960_FMwebp_QL65_.jpg,850.0,4.3,435.0,https://www.amazon.in/Nescafe-Original-Smooth-Coffee-Ectra/dp/B07ZNMLKRB/ref=sr_1_16?dib=eyJ2IjoiMSJ9.j6Q_oSOX9yuabRURQeFKcXYoQV-TPdGVBI_i_33taGZ7F_xNPCLNul8BNTjmZXMDXoGFLGMaWd9_XZ8Wtd3dJsv8v-W9LUi5HBkrJ3Ku5eTh9J_M7tMDOKOBWYQud6h52dkZTiLHsL3b3PuOqVBkMnE-lnTsdR4yd_ku17ANHwjFOJIXBddcXW4iAu16Bg3c5-LhMEkH5Eo_OudE06VjSYENkbN6QaKvvk6NK35TtbLrMlsDg2qv4eqs38LbyuAtfBFhgQqWTQKf0ine10bxPMvcDE3hJ1bix0L3TH1N79g.74jlGujipnVyzveGZ9hmEj7HeGw1EoqO6EOqZvj0BR0&dib_tag=se&keywords=Nescafe+coffee+powder&nsdOptOutParam=true&qid=1789844069&sr=8-16,B07ZNMLKRB,Nescafe,Nescafe coffee powder,230.0,230.0,,3.7
"Nescafé Original ExtraForte Instant Coffee, 200g BY FEBORA FOODS",https://m.media-amazon.com/images/I/515zBfUCwsL._AC_UL960_FMwebp_QL65_.jpg,739.01,4.4,445.0,https://www.amazon.in/Nescaf%C3%A9-Original-ExtraForte-Instant-Coffee/dp/B0GNZYTRX9/ref=sr_1_29?dib=eyJ2IjoiMSJ9.j6Q_oSOX9yuabRURQeFKcXYoQV-TPdGVBI_i_33taGZ7F_xNPCLNul8BNTjmZXMDXoGFLGMaWd9_XZ8Wtd3dJsv8v-W9LUi5HBkrJ3Ku5eTh9J_M7tMDOKOBWYQud6h52dkZTiLHsL3b3PuOqVBkMnE-lnTsdR4yd_ku17ANHwjFOJIXBddcXW4iAu16Bg3c5-LhMEkH5Eo_OudE06VjSYENkbN6QaKvvk6NK35TtbLrMlsDg2qv4eqs38LbyuAtfBFhgQqWTQKf0ine10bxPMvcDE3hJ1bix0L3TH1N79g.74jlGujipnVyzveGZ9hmEj7HeGw1EoqO6EOqZvj0BR0&dib_tag=se&keywords=Nescafe+coffee+powder&nsdOptOutParam=true&qid=1789844069&sr=8-29,B0GNZYTRX9,Nescafe,Nescafe coffee powder,200.0,200.0,,3.7
"Nescafe Matinal Jiva Instant Coffee - 200 Grams, Ground, Glass Bottle",https://m.media-amazon.com/images/I/81D8ZP+AAUL._AC_UL960_FMwebp_QL65_.jpg,749.99,4.2,425.0,https://www.amazon.in/Nescafe-Matinal-Instant-Coffee-200gm/dp/B003CJE53Y/ref=sr_1_81?dib=eyJ2IjoiMSJ9.wAqqMoWApT08FZhDjnwUiBK5X-oak1Oae_H79pmTtFLKgAsM4E4jRJvxeIsHpsZOkeUDrbkv3tUmvWB1SgUb5hFtY22VmWBlyaC1boYDXe-5HGJp3QtCmiHx9Rjpg2H3rZv3OWbNWhqCw85gubT9G4YdwqXSa04MfB7MmZcq1oNH2y9PVQFV3naJxuz2KAOkH6GcR9r6JQEXTS5UIVOuARTeLwT6yT5RpB3bC6HXywgrufKV1ZjAQdSd0VUGQPSeAuhC68voVBylm-pf2iotALTsJImfiA7r1xcYEk3WaSU.QrBodjnYAToX8qkGCaOLdDBqcdE5CHdXgh57mDKR7Nc&dib_tag=se&keywords=Nescafe+coffee+powder&nsdOptOutParam=true&qid=1789844076&sr=8-81,B003CJE53Y,Nescafe,Nescafe coffee powder,200.0,200.0,,3.75
Nescafe Classic Coffee 100% Pure Coffee Instant Coffee (500 g),https://m.media-amazon.com/images/I/41JSGYZmdvL._AC_UL832_FMwebp_QL65_.jpg,1890.0,3.9,395.0,https://www.amazon.in/Nescafe-Classic-Coffee-100-Instant/dp/B0BNNDDCQJ/ref=sr_1_50?dib=eyJ2IjoiMSJ9.wAqqMoWApT08FZhDjnwUiBK5X-oak1Oae_H79pmTtFLKgAsM4E4jRJvxeIsHpsZOkeUDrbkv3tUmvWB1SgUb5hFtY22VmWBlyaC1boYDXe-5HGJp3QtCmiHx9Rjpg2H3rZv3OWbNWhqCw85gubT9G4YdwqXSa04MfB7MmZcq1oNH2y9PVQFV3naJxuz2KAOkH6GcR9r6JQEXTS5UIVOuARTeLwT6yT5RpB3bC6HXywgrufKV1ZjAQdSd0VUGQPSeAuhC68voVBylm-pf2iotALTsJImfiA7r1xcYEk3WaSU.QrBodjnYAToX8qkGCaOLdDBqcdE5CHdXgh57mDKR7Nc&dib_tag=se&keywords=Nescafe+coffee+powder&nsdOptOutParam=true&qid=1789844076&sr=8-50,B0BNNDDCQJ,Nescafe,Nescafe coffee powder,500.0,500.0,,3.78
"Nescafe Coffee - Matinal, 200G Bottle, Granule",https://m.media-amazon.com/images/I/71y4mLE-C+L._AC_UL960_FMwebp_QL65_.jpg,776.33,4.3,435.0,https://www.amazon.in/Nescaf%C3%A9-Coffee-Matinal-200g-Bottle/dp/B01JZNVWE0/ref=sr_1_74?dib=eyJ2IjoiMSJ9.wAqqMoWApT08FZhDjnwUiBK5X-oak1Oae_H79pmTtFLKgAsM4E4jRJvxeIsHpsZOkeUDrbkv3tUmvWB1SgUb5hFtY22VmWBlyaC1boYDXe-5HGJp3QtCmiHx9Rjpg2H3rZv3OWbNWhqCw85gubT9G4YdwqXSa04MfB7MmZcq1oNH2y9PVQFV3naJxuz2KAOkH6GcR9r6JQEXTS5UIVOuARTeLwT6yT5RpB3bC6HXywgrufKV1ZjAQdSd0VUGQPSeAuhC68voVBylm-pf2iotALTsJImfiA7r1xcYEk3WaSU.QrBodjnYAToX8qkGCaOLdDBqcdE5CHdXgh57mDKR7Nc&dib_tag=se&keywords=Nescafe+coffee+powder&nsdOptOutParam=true&qid=1789844076&sr=8-74,B01JZNVWE0,Nescafe,Nescafe coffee powder,200.0,200.0,,3.88
"Nescafe Classic Coffee Powder, 100 Gm Jar",https://m.media-amazon.com/images/I/51MDxW65T8L._AC_UL960_FMwebp_QL65_.jpg,390.0,4.3,435.0,https://www.amazon.in/Nescafe-Classic-Coffee-100-g/dp/B07HZ42GLQ/ref=sr_1_54?dib=eyJ2IjoiMSJ9.wAqqMoWApT08FZhDjnwUiBK5X-oak1Oae_H79pmTtFLKgAsM4E4jRJvxeIsHpsZOkeUDrbkv3tUmvWB1SgUb5hFtY22VmWBlyaC1boYDXe-5HGJp3QtCmiHx9Rjpg2H3rZv3OWbNWhqCw85gubT9G4YdwqXSa04MfB7MmZcq1oNH2y9PVQFV3naJxuz2KAOkH6GcR9r6JQEXTS5UIVOuARTeLwT6yT5RpB3bC6HXywgrufKV1ZjAQdSd0VUGQPSeAuhC68voVBylm-pf2iotALTsJImfiA7r1xcYEk3WaSU.QrBodjnYAToX8qkGCaOLdDBqcdE5CHdXgh57mDKR7Nc&dib_tag=se&keywords=Nescafe+coffee+powder&nsdOptOutParam=true&qid=1789844076&sr=8-54,B07HZ42GLQ,Nescafe,Nescafe coffee powder,100.0,100.0,,3.9
NESCAFE MATINAL SUAVE 200G BY SAVOY,https://m.media-amazon.com/images/I/71Q-viTuVoL._AC_UL960_FMwebp_QL65_.jpg,779.0,4.5,455.0,https://www.amazon.in/NESCAFE-MATINAL-SUAVE-200G-SAVOY/dp/B0BJQF43WQ/ref=sr_1_110?dib=eyJ2IjoiMSJ9.BGDLnNF2DnN9oAZo3R3jF0k06x1QP6RXhDBm7jJ4aO_w88qpRYaPntCFMe4NCS0YcvqcjNVwUR0DJZIf5W2cN1P8DPQGMKg-yBtYL3tXSghoXt6vBV8J4CUizgcbIMdp3tQfJGtkh1f4Gd2VZ5tE27i3TGBl-lrCXPR8GT4AwGmP4hUhkkBqAQB96ONYDymgGbwBzy-b2e9axXKsJinoDMJd7s-WHfml5orUSoQSYlpt-zaV2qEpo8SnIyWMm-i7C3UgeVBXuZnMPxYd7bP1UKcHfkkx9USvgnE-uZmMALA.bMTNnknrrouYg0JX7vQCuo4FqEjkVIOPPdnTfoucQxY&dib_tag=se&keywords=Nescafe+coffee+powder&nsdOptOutParam=true&qid=1789844083&sr=8-110,B0BJQF43WQ,Nescafe,Nescafe coffee powder,200.0,200.0,,3.9
"NESCAFE Classic Instant Coffee, 100% Soluble, Full and Bold Flavor, 200g, Makes 100 Cups (From Brazil)",https://m.media-amazon.com/images/I/51EFUYtVXJL._AC_UL960_FMwebp_QL65_.jpg,785.0,4.9,495.0,https://www.amazon.in/NESCAFE-Classic-Instant-Coffee-Soluble/dp/B0FZV1M9PM/ref=sr_1_47?dib=eyJ2IjoiMSJ9.j6Q_oSOX9yuabRURQeFKcXYoQV-TPdGVBI_i_33taGZ7F_xNPCLNul8BNTjmZXMDXoGFLGMaWd9_XZ8Wtd3dJsv8v-W9LUi5HBkrJ3Ku5eTh9J_M7tMDOKOBWYQud6h52dkZTiLHsL3b3PuOqVBkMnE-lnTsdR4yd_ku17ANHwjFOJIXBddcXW4iAu16Bg3c5-LhMEkH5Eo_OudE06VjSYENkbN6QaKvvk6NK35TtbLrMlsDg2qv4eqs38LbyuAtfBFhgQqWTQKf0ine10bxPMvcDE3hJ1bix0L3TH1N79g.74jlGujipnVyzveGZ9hmEj7HeGw1EoqO6EOqZvj0BR0&dib_tag=se&keywords=Nescafe+coffee+powder&nsdOptOutParam=true&qid=1789844069&sr=8-47,B0FZV1M9PM,Nescafe,Nescafe coffee powder,200.0,200.0,,3.92
"Nescafé Original ExtraForte Instant Coffee, Medium Roast, Powder Form, 200g Glass Jar pack of 2 By Febora Foods",https://m.media-amazon.com/images/I/51+4aXpT1NL._AC_UL960_FMwebp_QL65_.jpg,1570.0,3.5,355.0,https://www.amazon.in/Nescaf%C3%A9-Original-ExtraForte-Instant-Coffee/dp/B0GNZW5M3W/ref=sr_1_87?dib=eyJ2IjoiMSJ9.wAqqMoWApT08FZhDjnwUiBK5X-oak1Oae_H79pmTtFLKgAsM4E4jRJvxeIsHpsZOkeUDrbkv3tUmvWB1SgUb5hFtY22VmWBlyaC1boYDXe-5HGJp3QtCmiHx9Rjpg2H3rZv3OWbNWhqCw85gubT9G4YdwqXSa04MfB7MmZcq1oNH2y9PVQFV3naJxuz2KAOkH6GcR9r6JQEXTS5UIVOuARTeLwT6yT5RpB3bC6HXywgrufKV1ZjAQdSd0VUGQPSeAuhC68voVBylm-pf2iotALTsJImfiA7r1xcYEk3WaSU.QrBodjnYAToX8qkGCaOLdDBqcdE5CHdXgh57mDKR7Nc&dib_tag=se&keywords=Nescafe+coffee+powder&nsdOptOutParam=true&qid=1789844076&sr=8-87,B0GNZW5M3W,Nescafe,Nescafe coffee powder,400.0,200.0,2.0,3.92
"Nescafe Classic Pure Soluble Instant Coffee Jar,190 Gram BY FEBORA FOODS",https://m.media-amazon.com/images/I/412idHX4XkL._AC_UL960_FMwebp_QL65_.jpg,750.0,4.6,465.0,https://www.amazon.in/Nescafe-Classic-Soluble-Instant-Coffee/dp/B0GQGLLBYZ/ref=sr_1_86?dib=eyJ2IjoiMSJ9.wAqqMoWApT08FZhDjnwUiBK5X-oak1Oae_H79pmTtFLKgAsM4E4jRJvxeIsHpsZOkeUDrbkv3tUmvWB1SgUb5hFtY22VmWBlyaC1boYDXe-5HGJp3QtCmiHx9Rjpg2H3rZv3OWbNWhqCw85gubT9G4YdwqXSa04MfB7MmZcq1oNH2y9PVQFV3naJxuz2KAOkH6GcR9r6JQEXTS5UIVOuARTeLwT6yT5RpB3bC6HXywgrufKV1ZjAQdSd0VUGQPSeAuhC68voVBylm-pf2iotALTsJImfiA7r1xcYEk3WaSU.QrBodjnYAToX8qkGCaOLdDBqcdE5CHdXgh57mDKR7Nc&dib_tag=se&keywords=Nescafe+coffee+powder&nsdOptOutParam=true&qid=1789844076&sr=8-86,B0GQGLLBYZ,Nescafe,Nescafe coffee powder,190.0,190.0,,3.95
"Nescafe Classic Pure Soluble Coffee Jar (Imported), 200 Gram, Granule",https://m.media-amazon.com/images/I/71PEJiFPwXL._AC_UL960_FMwebp_QL65_.jpg,791.0,4.4,445.0,https://www.amazon.in/Nescaf-Classic-Pure-Soluble-Coffee/dp/B07D9H759X/ref=sr_1_17?dib=eyJ2IjoiMSJ9.j6Q_oSOX9yuabRURQeFKcXYoQV-TPdGVBI_i_33taGZ7F_xNPCLNul8BNTjmZXMDXoGFLGMaWd9_XZ8Wtd3dJsv8v-W9LUi5HBkrJ3Ku5eTh9J_M7tMDOKOBWYQud6h52dkZTiLHsL3b3PuOqVBkMnE-lnTsdR4yd_ku17ANHwjFOJIXBddcXW4iAu16Bg3c5-LhMEkH5Eo_OudE06VjSYENkbN6QaKvvk6NK35TtbLrMlsDg2qv4eqs38LbyuAtfBFhgQqWTQKf0ine10bxPMvcDE3hJ1bix0L3TH1N79g.74jlGujipnVyzveGZ9hmEj7HeGw1EoqO6EOqZvj0BR0&dib_tag=se&keywords=Nescafe+coffee+powder&nsdOptOutParam=true&qid=1789844069&sr=8-17,B07D9H759X,Nescafe,Nescafe coffee powder,200.0,200.0,,3.96
"Nescafé Classic Instant Coffee Powder, 45g Pouch | 100% Pure Coffee. Enjoy the rich aroma and bold taste in every sip",https://m.media-amazon.com/images/I/71b+igBsoUL._AC_UL960_FMwebp_QL65_.jpg,180.0,4.4,445.0,https://www.amazon.in/Nescaf%C3%A9-Classic-Coffee-50g-Sachet/dp/B00TIK8956/ref=sr_1_18?dib=eyJ2IjoiMSJ9.j6Q_oSOX9yuabRURQeFKcXYoQV-TPdGVBI_i_33taGZ7F_xNPCLNul8BNTjmZXMDXoGFLGMaWd9_XZ8Wtd3dJsv8v-W9LUi5HBkrJ3Ku5eTh9J_M7tMDOKOBWYQud6h52dkZTiLHsL3b3PuOqVBkMnE-lnTsdR4yd_ku17ANHwjFOJIXBddcXW4iAu16Bg3c5-LhMEkH5Eo_OudE06VjSYENkbN6QaKvvk6NK35TtbLrMlsDg2qv4eqs38LbyuAtfBFhgQqWTQKf0ine10bxPMvcDE3hJ1bix0L3TH1N79g.74jlGujipnVyzveGZ9hmEj7HeGw1EoqO6EOqZvj0BR0&dib_tag=se&keywords=Nescafe+coffee+powder&nsdOptOutParam=true&qid=1789844069&sr=8-18,B00TIK8956,Nescafe,Nescafe coffee powder,45.0,45.0,,4.0
"Nescafé Classic Instant Coffee Powder, 90g Jar | 100% Pure Coffee. Enjoy the rich aroma and bold taste in every sip",https://m.media-amazon.com/images/I/71WjTHrTwJL._AC_UL960_FMwebp_QL65_.jpg,361.0,4.5,455.0,https://www.amazon.in/Nescaf%C3%A9-Classic-Coffee-100g-Glass/dp/B00VK0FTP0/ref=sr_1_5?dib=eyJ2IjoiMSJ9.j6Q_oSOX9yuabRURQeFKcXYoQV-TPdGVBI_i_33taGZ7F_xNPCLNul8BNTjmZXMDXoGFLGMaWd9_XZ8Wtd3dJsv8v-W9LUi5HBkrJ3Ku5eTh9J_M7tMDOKOBWYQud6h52dkZTiLHsL3b3PuOqVBkMnE-lnTsdR4yd_ku17ANHwjFOJIXBddcXW4iAu16Bg3c5-LhMEkH5Eo_OudE06VjSYENkbN6QaKvvk6NK35TtbLrMlsDg2qv4eqs38LbyuAtfBFhgQqWTQKf0ine10bxPMvcDE3hJ1bix0L3TH1N79g.74jlGujipnVyzveGZ9hmEj7HeGw1EoqO6EOqZvj0BR0&dib_tag=se&keywords=Nescafe+coffee+powder&nsdOptOutParam=true&qid=1789844069&sr=8-5,B00VK0FTP0,Nescafe,Nescafe coffee powder,90.0,90.0,,4.01
NESCAFE Classic Instant Coffee Powder | 200g + 90g + 180g,https://m.media-amazon.com/images/I/51DlktZqOBL._AC_UL960_FMwebp_QL65_.jpg,1886.0,,,https://www.amazon.in/NESCAFE-Classic-Instant-Coffee-Powder/dp/B0H5YQ8NK3/ref=sr_1_136?dib=eyJ2IjoiMSJ9.BGDLnNF2DnN9oAZo3R3jF0k06x1QP6RXhDBm7jJ4aO_w88qpRYaPntCFMe4NCS0YcvqcjNVwUR0DJZIf5W2cN1P8DPQGMKg-yBtYL3tXSghoXt6vBV8J4CUizgcbIMdp3tQfJGtkh1f4Gd2VZ5tE27i3TGBl-lrCXPR8GT4AwGmP4hUhkkBqAQB96ONYDymgGbwBzy-b2e9axXKsJinoDMJd7s-WHfml5orUSoQSYlpt-zaV2qEpo8SnIyWMm-i7C3UgeVBXuZnMPxYd7bP1UKcHfkkx9USvgnE-uZmMALA.bMTNnknrrouYg0JX7vQCuo4FqEjkVIOPPdnTfoucQxY&dib_tag=se&keywords=Nescafe+coffee+powder&nsdOptOutParam=true&qid=1789844083&sr=8-136,B0H5YQ8NK3,Nescafe,Nescafe coffee powder,470.0,,3.0,4.01
NESCAFE Classic Instant Coffee Powder | 200g + 45g,https://m.media-amazon.com/images/I/51TPqV3LahL._AC_UL960_FMwebp_QL65_.jpg,985.0,,,https://www.amazon.in/NESCAFE-Classic-Instant-Coffee-Powder/dp/B0H5YMKQNB/ref=sr_1_139?dib=eyJ2IjoiMSJ9.BGDLnNF2DnN9oAZo3R3jF0k06x1QP6RXhDBm7jJ4aO_w88qpRYaPntCFMe4NCS0YcvqcjNVwUR0DJZIf5W2cN1P8DPQGMKg-yBtYL3tXSghoXt6vBV8J4CUizgcbIMdp3tQfJGtkh1f4Gd2VZ5tE27i3TGBl-lrCXPR8GT4AwGmP4hUhkkBqAQB96ONYDymgGbwBzy-b2e9axXKsJinoDMJd7s-WHfml5orUSoQSYlpt-zaV2qEpo8SnIyWMm-i7C3UgeVBXuZnMPxYd7bP1UKcHfkkx9USvgnE-uZmMALA.bMTNnknrrouYg0JX7vQCuo4FqEjkVIOPPdnTfoucQxY&dib_tag=se&keywords=Nescafe+coffee+powder&nsdOptOutParam=true&qid=1789844083&sr=8-139,B0H5YMKQNB,Nescafe,Nescafe coffee powder,245.0,,2.0,4.02
NESCAFE Classic Instant Coffee Powder | 200g + 180g + 180g,https://m.media-amazon.com/images/I/617vzuehcyL._AC_UL960_FMwebp_QL65_.jpg,2250.0,,,https://www.amazon.in/NESCAFE-Classic-Instant-Coffee-Powder/dp/B0H5YJGS1M/ref=sr_1_144?dib=eyJ2IjoiMSJ9.BGDLnNF2DnN9oAZo3R3jF0k06x1QP6RXhDBm7jJ4aO_w88qpRYaPntCFMe4NCS0YcvqcjNVwUR0DJZIf5W2cN1P8DPQGMKg-yBtYL3tXSghoXt6vBV8J4CUizgcbIMdp3tQfJGtkh1f4Gd2VZ5tE27i3TGBl-lrCXPR8GT4AwGmP4hUhkkBqAQB96ONYDymgGbwBzy-b2e9axXKsJinoDMJd7s-WHfml5orUSoQSYlpt-zaV2qEpo8SnIyWMm-i7C3UgeVBXuZnMPxYd7bP1UKcHfkkx9USvgnE-uZmMALA.bMTNnknrrouYg0JX7vQCuo4FqEjkVIOPPdnTfoucQxY&dib_tag=se&keywords=Nescafe+coffee+powder&nsdOptOutParam=true&qid=1789844083&sr=8-144,B0H5YJGS1M,Nescafe,Nescafe coffee powder,560.0,,3.0,4.02
"Nescafé Classic Instant Coffee Powder, 180g Jar, Free Red Mug, Box | 100% Pure Coffee. Enjoy the rich aroma and bold taste...",https://m.media-amazon.com/images/I/71vhxRo-ULL._AC_UL960_FMwebp_QL65_.jpg,725.0,4.3,435.0,https://www.amazon.in/NESCAFE-Classic-Instant-Robusta-Roasted/dp/B0C61RYKSH/ref=sr_1_2?dib=eyJ2IjoiMSJ9.j6Q_oSOX9yuabRURQeFKcXYoQV-TPdGVBI_i_33taGZ7F_xNPCLNul8BNTjmZXMDXoGFLGMaWd9_XZ8Wtd3dJsv8v-W9LUi5HBkrJ3Ku5eTh9J_M7tMDOKOBWYQud6h52dkZTiLHsL3b3PuOqVBkMnE-lnTsdR4yd_ku17ANHwjFOJIXBddcXW4iAu16Bg3c5-LhMEkH5Eo_OudE06VjSYENkbN6QaKvvk6NK35TtbLrMlsDg2qv4eqs38LbyuAtfBFhgQqWTQKf0ine10bxPMvcDE3hJ1bix0L3TH1N79g.74jlGujipnVyzveGZ9hmEj7HeGw1EoqO6EOqZvj0BR0&dib_tag=se&keywords=Nescafe+coffee+powder&nsdOptOutParam=true&qid=1789844069&sr=8-2,B0C61RYKSH,Nescafe,Nescafe coffee powder,180.0,180.0,,4.03
"Nescafé Classic Coffee Powder, 180g Jar | 100% Pure Coffee. Enjoy the rich aroma and bold taste in every sip",https://m.media-amazon.com/images/I/71BLdfB7xAL._AC_UL960_FMwebp_QL65_.jpg,725.0,4.5,455.0,https://www.amazon.in/Nescaf%C3%A9-Classic-Coffee-200g-Glass/dp/B06XCJ1SZP/ref=sr_1_6?dib=eyJ2IjoiMSJ9.j6Q_oSOX9yuabRURQeFKcXYoQV-TPdGVBI_i_33taGZ7F_xNPCLNul8BNTjmZXMDXoGFLGMaWd9_XZ8Wtd3dJsv8v-W9LUi5HBkrJ3Ku5eTh9J_M7tMDOKOBWYQud6h52dkZTiLHsL3b3PuOqVBkMnE-lnTsdR4yd_ku17ANHwjFOJIXBddcXW4iAu16Bg3c5-LhMEkH5Eo_OudE06VjSYENkbN6QaKvvk6NK35TtbLrMlsDg2qv4eqs38LbyuAtfBFhgQqWTQKf0ine10bxPMvcDE3hJ1bix0L3TH1N79g.74jlGujipnVyzveGZ9hmEj7HeGw1EoqO6EOqZvj0BR0&dib_tag=se&keywords=Nescafe+coffee+powder&nsdOptOutParam=true&qid=1789844069&sr=8-6,B06XCJ1SZP,Nescafe,Nescafe coffee powder,180.0,180.0,,4.03
"Nescafe Classic Instant Coffee Powder | Great start to your morning | 100% Pure Coffee | Free Red Mug | 180g, Box (Pack Of 2)",https://m.media-amazon.com/images/I/71FC-LW51pL._AC_UL960_FMwebp_QL65_.jpg,1450.0,4.8,485.0,https://www.amazon.in/NESCAFE-Classic-Instant-Robusta-Roasted/dp/B0D816C1FQ/ref=sr_1_56?dib=eyJ2IjoiMSJ9.wAqqMoWApT08FZhDjnwUiBK5X-oak1Oae_H79pmTtFLKgAsM4E4jRJvxeIsHpsZOkeUDrbkv3tUmvWB1SgUb5hFtY22VmWBlyaC1boYDXe-5HGJp3QtCmiHx9Rjpg2H3rZv3OWbNWhqCw85gubT9G4YdwqXSa04MfB7MmZcq1oNH2y9PVQFV3naJxuz2KAOkH6GcR9r6JQEXTS5UIVOuARTeLwT6yT5RpB3bC6HXywgrufKV1ZjAQdSd0VUGQPSeAuhC68voVBylm-pf2iotALTsJImfiA7r1xcYEk3WaSU.QrBodjnYAToX8qkGCaOLdDBqcdE5CHdXgh57mDKR7Nc&dib_tag=se&keywords=Nescafe+coffee+powder&nsdOptOutParam=true&qid=1789844076&sr=8-56,B0D816C1FQ,Nescafe,Nescafe coffee powder,360.0,180.0,2.0,4.03
"Nescafe Classic Instant Coffee Powder | Great start to your morning | 100% Pure Coffee | Free Red Mug | 180g, Box (Pack of 3)",https://m.media-amazon.com/images/I/61vc35wXYML._AC_UL960_FMwebp_QL65_.jpg,2175.0,,,https://www.amazon.in/Nescafe-Classic-Instant-Coffee-morning/dp/B0H5RCVFZJ/ref=sr_1_100?dib=eyJ2IjoiMSJ9.BGDLnNF2DnN9oAZo3R3jF0k06x1QP6RXhDBm7jJ4aO_w88qpRYaPntCFMe4NCS0YcvqcjNVwUR0DJZIf5W2cN1P8DPQGMKg-yBtYL3tXSghoXt6vBV8J4CUizgcbIMdp3tQfJGtkh1f4Gd2VZ5tE27i3TGBl-lrCXPR8GT4AwGmP4hUhkkBqAQB96ONYDymgGbwBzy-b2e9axXKsJinoDMJd7s-WHfml5orUSoQSYlpt-zaV2qEpo8SnIyWMm-i7C3UgeVBXuZnMPxYd7bP1UKcHfkkx9USvgnE-uZmMALA.bMTNnknrrouYg0JX7vQCuo4FqEjkVIOPPdnTfoucQxY&dib_tag=se&keywords=Nescafe+coffee+powder&nsdOptOutParam=true&qid=1789844083&sr=8-100,B0H5RCVFZJ,Nescafe,Nescafe coffee powder,540.0,180.0,3.0,4.03
Nescafe Classic Instant Coffee Powder | 45g + 180g,https://m.media-amazon.com/images/I/51CUaC+gs6L._AC_UL960_FMwebp_QL65_.jpg,910.0,,,https://www.amazon.in/Nescafe-Classic-Instant-Coffee-Powder/dp/B0H5YTZPBT/ref=sr_1_117?dib=eyJ2IjoiMSJ9.BGDLnNF2DnN9oAZo3R3jF0k06x1QP6RXhDBm7jJ4aO_w88qpRYaPntCFMe4NCS0YcvqcjNVwUR0DJZIf5W2cN1P8DPQGMKg-yBtYL3tXSghoXt6vBV8J4CUizgcbIMdp3tQfJGtkh1f4Gd2VZ5tE27i3TGBl-lrCXPR8GT4AwGmP4hUhkkBqAQB96ONYDymgGbwBzy-b2e9axXKsJinoDMJd7s-WHfml5orUSoQSYlpt-zaV2qEpo8SnIyWMm-i7C3UgeVBXuZnMPxYd7bP1UKcHfkkx9USvgnE-uZmMALA.bMTNnknrrouYg0JX7vQCuo4FqEjkVIOPPdnTfoucQxY&dib_tag=se&keywords=Nescafe+coffee+powder&nsdOptOutParam=true&qid=1789844083&sr=8-117,B0H5YTZPBT,Nescafe,Nescafe coffee powder,225.0,,,4.04
"Nescafe Classic Instant Ground Coffee, 7.05 oz ? 200 g",https://m.media-amazon.com/images/I/71E-oXP2c0L._AC_UL960_FMwebp_QL65_.jpg,819.99,4.4,445.0,https://www.amazon.in/Nescafe-Classic-Instant-Ground-Coffee/dp/B095HYCGB5/ref=sr_1_64?dib=eyJ2IjoiMSJ9.wAqqMoWApT08FZhDjnwUiBK5X-oak1Oae_H79pmTtFLKgAsM4E4jRJvxeIsHpsZOkeUDrbkv3tUmvWB1SgUb5hFtY22VmWBlyaC1boYDXe-5HGJp3QtCmiHx9Rjpg2H3rZv3OWbNWhqCw85gubT9G4YdwqXSa04MfB7MmZcq1oNH2y9PVQFV3naJxuz2KAOkH6GcR9r6JQEXTS5UIVOuARTeLwT6yT5RpB3bC6HXywgrufKV1ZjAQdSd0VUGQPSeAuhC68voVBylm-pf2iotALTsJImfiA7r1xcYEk3WaSU.QrBodjnYAToX8qkGCaOLdDBqcdE5CHdXgh57mDKR7Nc&dib_tag=se&keywords=Nescafe+coffee+powder&nsdOptOutParam=true&qid=1789844076&sr=8-64,B095HYCGB5,Nescafe,Nescafe coffee powder,200.0,200.0,,4.1
"Nescafé Classic Instant Coffee Powder, 45g Jar | 100% Pure Coffee. Enjoy the rich aroma and bold taste in every sip",https://m.media-amazon.com/images/I/811s18uOkDL._AC_UL960_FMwebp_QL65_.jpg,185.0,4.4,445.0,https://www.amazon.in/NESCAFE-Classic-Instant-Robusta-Roasted/dp/B01C5IX1PA/ref=sr_1_3?dib=eyJ2IjoiMSJ9.j6Q_oSOX9yuabRURQeFKcXYoQV-TPdGVBI_i_33taGZ7F_xNPCLNul8BNTjmZXMDXoGFLGMaWd9_XZ8Wtd3dJsv8v-W9LUi5HBkrJ3Ku5eTh9J_M7tMDOKOBWYQud6h52dkZTiLHsL3b3PuOqVBkMnE-lnTsdR4yd_ku17ANHwjFOJIXBddcXW4iAu16Bg3c5-LhMEkH5Eo_OudE06VjSYENkbN6QaKvvk6NK35TtbLrMlsDg2qv4eqs38LbyuAtfBFhgQqWTQKf0ine10bxPMvcDE3hJ1bix0L3TH1N79g.74jlGujipnVyzveGZ9hmEj7HeGw1EoqO6EOqZvj0BR0&dib_tag=se&keywords=Nescafe+coffee+powder&nsdOptOutParam=true&qid=1789844069&sr=8-3,B01C5IX1PA,Nescafe,Nescafe coffee powder,45.0,45.0,,4.11
NESCAFE Classic Instant Coffee Powder and Black Roast Instant Coffee | 200g + 90g,https://m.media-amazon.com/images/I/51xy+sGskVL._AC_UL960_FMwebp_QL65_.jpg,1205.0,,,https://www.amazon.in/NESCAFE-Classic-Instant-Coffee-Powder/dp/B0H5Y3CH2Y/ref=sr_1_122?dib=eyJ2IjoiMSJ9.BGDLnNF2DnN9oAZo3R3jF0k06x1QP6RXhDBm7jJ4aO_w88qpRYaPntCFMe4NCS0YcvqcjNVwUR0DJZIf5W2cN1P8DPQGMKg-yBtYL3tXSghoXt6vBV8J4CUizgcbIMdp3tQfJGtkh1f4Gd2VZ5tE27i3TGBl-lrCXPR8GT4AwGmP4hUhkkBqAQB96ONYDymgGbwBzy-b2e9axXKsJinoDMJd7s-WHfml5orUSoQSYlpt-zaV2qEpo8SnIyWMm-i7C3UgeVBXuZnMPxYd7bP1UKcHfkkx9USvgnE-uZmMALA.bMTNnknrrouYg0JX7vQCuo4FqEjkVIOPPdnTfoucQxY&dib_tag=se&keywords=Nescafe+coffee+powder&nsdOptOutParam=true&qid=1789844083&sr=8-122,B0H5Y3CH2Y,Nescafe,Nescafe coffee powder,290.0,,,4.16
Nescafe Black Roast Instant Coffee and Classic Instant Coffee Powder | 90g + 180g,https://m.media-amazon.com/images/I/51NVoJCIwoL._AC_UL960_FMwebp_QL65_.jpg,1130.0,,,https://www.amazon.in/Nescafe-Instant-Coffee-Classic-Powder/dp/B0H5Y5YPRV/ref=sr_1_108?dib=eyJ2IjoiMSJ9.BGDLnNF2DnN9oAZo3R3jF0k06x1QP6RXhDBm7jJ4aO_w88qpRYaPntCFMe4NCS0YcvqcjNVwUR0DJZIf5W2cN1P8DPQGMKg-yBtYL3tXSghoXt6vBV8J4CUizgcbIMdp3tQfJGtkh1f4Gd2VZ5tE27i3TGBl-lrCXPR8GT4AwGmP4hUhkkBqAQB96ONYDymgGbwBzy-b2e9axXKsJinoDMJd7s-WHfml5orUSoQSYlpt-zaV2qEpo8SnIyWMm-i7C3UgeVBXuZnMPxYd7bP1UKcHfkkx9USvgnE-uZmMALA.bMTNnknrrouYg0JX7vQCuo4FqEjkVIOPPdnTfoucQxY&dib_tag=se&keywords=Nescafe+coffee+powder&nsdOptOutParam=true&qid=1789844083&sr=8-108,B0H5Y5YPRV,Nescafe,Nescafe coffee powder,270.0,,,4.19
NESCAFE Classic Instant Coffee Medium Roast 190G Glass Jar by Savoy,https://m.media-amazon.com/images/I/71z4fIFd55L._AC_UL960_FMwebp_QL65_.jpg,839.99,4.4,445.0,https://www.amazon.in/NESCAFE-Classic-Instant-Coffee-Medium/dp/B0845163ZX/ref=sr_1_78?dib=eyJ2IjoiMSJ9.wAqqMoWApT08FZhDjnwUiBK5X-oak1Oae_H79pmTtFLKgAsM4E4jRJvxeIsHpsZOkeUDrbkv3tUmvWB1SgUb5hFtY22VmWBlyaC1boYDXe-5HGJp3QtCmiHx9Rjpg2H3rZv3OWbNWhqCw85gubT9G4YdwqXSa04MfB7MmZcq1oNH2y9PVQFV3naJxuz2KAOkH6GcR9r6JQEXTS5UIVOuARTeLwT6yT5RpB3bC6HXywgrufKV1ZjAQdSd0VUGQPSeAuhC68voVBylm-pf2iotALTsJImfiA7r1xcYEk3WaSU.QrBodjnYAToX8qkGCaOLdDBqcdE5CHdXgh57mDKR7Nc&dib_tag=se&keywords=Nescafe+coffee+powder&nsdOptOutParam=true&qid=1789844076&sr=8-78,B0845163ZX,Nescafe,Nescafe coffee powder,190.0,190.0,,4.42
"NESCAFÉ Ice Roast Coffee Powder with Frosty Glass And Recipe Book, 90g | 100% Pure Coffee. For a smooth, refreshing iced c...",https://m.media-amazon.com/images/I/81IrpP+FbyL._AC_UL960_FMwebp_QL65_.jpg,400.0,4.3,435.0,https://www.amazon.in/NESCAF%C3%89-Coffee-Powder-Frosty-Recipe/dp/B0DSGDW7L3/ref=sr_1_19?dib=eyJ2IjoiMSJ9.j6Q_oSOX9yuabRURQeFKcXYoQV-TPdGVBI_i_33taGZ7F_xNPCLNul8BNTjmZXMDXoGFLGMaWd9_XZ8Wtd3dJsv8v-W9LUi5HBkrJ3Ku5eTh9J_M7tMDOKOBWYQud6h52dkZTiLHsL3b3PuOqVBkMnE-lnTsdR4yd_ku17ANHwjFOJIXBddcXW4iAu16Bg3c5-LhMEkH5Eo_OudE06VjSYENkbN6QaKvvk6NK35TtbLrMlsDg2qv4eqs38LbyuAtfBFhgQqWTQKf0ine10bxPMvcDE3hJ1bix0L3TH1N79g.74jlGujipnVyzveGZ9hmEj7HeGw1EoqO6EOqZvj0BR0&dib_tag=se&keywords=Nescafe+coffee+powder&nsdOptOutParam=true&qid=1789844069&sr=8-19,B0DSGDW7L3,Nescafe,Nescafe coffee powder,90.0,90.0,,4.44
"Nescafé Black Roast Instant Coffee Powder, 90g Jar | 100% Pure Coffee. Roasted longer for a strong coffee experience",https://m.media-amazon.com/images/I/71oO+hXErDL._AC_UL960_FMwebp_QL65_.jpg,405.0,4.4,445.0,https://www.amazon.in/NESCAF%C3%89-Classic-Black-Instant-Coffee/dp/B09FGCL2G9/ref=sr_1_7?dib=eyJ2IjoiMSJ9.j6Q_oSOX9yuabRURQeFKcXYoQV-TPdGVBI_i_33taGZ7F_xNPCLNul8BNTjmZXMDXoGFLGMaWd9_XZ8Wtd3dJsv8v-W9LUi5HBkrJ3Ku5eTh9J_M7tMDOKOBWYQud6h52dkZTiLHsL3b3PuOqVBkMnE-lnTsdR4yd_ku17ANHwjFOJIXBddcXW4iAu16Bg3c5-LhMEkH5Eo_OudE06VjSYENkbN6QaKvvk6NK35TtbLrMlsDg2qv4eqs38LbyuAtfBFhgQqWTQKf0ine10bxPMvcDE3hJ1bix0L3TH1N79g.74jlGujipnVyzveGZ9hmEj7HeGw1EoqO6EOqZvj0BR0&dib_tag=se&keywords=Nescafe+coffee+powder&nsdOptOutParam=true&qid=1789844069&sr=8-7,B09FGCL2G9,Nescafe,Nescafe coffee powder,90.0,90.0,,4.5
NESCAFE Classic Instant Coffee Powder | Great start to your morning | 100% Pure Coffee | 380g (2 units x 190g) Jar,https://m.media-amazon.com/images/I/81-KtBCAI8L._AC_UL960_FMwebp_QL65_.jpg,1749.0,4.3,435.0,https://www.amazon.in/NESCAFE-Classic-Instant-Coffee-Powder/dp/B0B6953RGC/ref=sr_1_28?dib=eyJ2IjoiMSJ9.j6Q_oSOX9yuabRURQeFKcXYoQV-TPdGVBI_i_33taGZ7F_xNPCLNul8BNTjmZXMDXoGFLGMaWd9_XZ8Wtd3dJsv8v-W9LUi5HBkrJ3Ku5eTh9J_M7tMDOKOBWYQud6h52dkZTiLHsL3b3PuOqVBkMnE-lnTsdR4yd_ku17ANHwjFOJIXBddcXW4iAu16Bg3c5-LhMEkH5Eo_OudE06VjSYENkbN6QaKvvk6NK35TtbLrMlsDg2qv4eqs38LbyuAtfBFhgQqWTQKf0ine10bxPMvcDE3hJ1bix0L3TH1N79g.74jlGujipnVyzveGZ9hmEj7HeGw1EoqO6EOqZvj0BR0&dib_tag=se&keywords=Nescafe+coffee+powder&nsdOptOutParam=true&qid=1789844069&sr=8-28,B0B6953RGC,Nescafe,Nescafe coffee powder,380.0,190.0,2.0,4.6
"Nescafe Frappe Ice Coffee Bottle, 275 Gm, Powder",https://m.media-amazon.com/images/I/81e8QYrtC7L._AC_UL960_FMwebp_QL65_.jpg,1278.88,4.0,405.0,https://www.amazon.in/Nescafe-Frappe-Coffee-Bottle-275g/dp/B0015S39F4/ref=sr_1_107?dib=eyJ2IjoiMSJ9.BGDLnNF2DnN9oAZo3R3jF0k06x1QP6RXhDBm7jJ4aO_w88qpRYaPntCFMe4NCS0YcvqcjNVwUR0DJZIf5W2cN1P8DPQGMKg-yBtYL3tXSghoXt6vBV8J4CUizgcbIMdp3tQfJGtkh1f4Gd2VZ5tE27i3TGBl-lrCXPR8GT4AwGmP4hUhkkBqAQB96ONYDymgGbwBzy-b2e9axXKsJinoDMJd7s-WHfml5orUSoQSYlpt-zaV2qEpo8SnIyWMm-i7C3UgeVBXuZnMPxYd7bP1UKcHfkkx9USvgnE-uZmMALA.bMTNnknrrouYg0JX7vQCuo4FqEjkVIOPPdnTfoucQxY&dib_tag=se&keywords=Nescafe+coffee+powder&nsdOptOutParam=true&qid=1789844083&sr=8-107,B0015S39F4,Nescafe,Nescafe coffee powder,275.0,275.0,,4.65
"Nescafé Ice Roast Instant Coffee Powder, 90g Jar | 100% Pure Coffee. For a smooth, refreshing iced coffee experience",https://m.media-amazon.com/images/I/81JKeKnF-9L._AC_UL960_FMwebp_QL65_.jpg,420.0,4.2,425.0,https://www.amazon.in/NESCAFE-Instant-Coffee-Powder-Dissolves/dp/B0CV779KZG/ref=sr_1_34?dib=eyJ2IjoiMSJ9.j6Q_oSOX9yuabRURQeFKcXYoQV-TPdGVBI_i_33taGZ7F_xNPCLNul8BNTjmZXMDXoGFLGMaWd9_XZ8Wtd3dJsv8v-W9LUi5HBkrJ3Ku5eTh9J_M7tMDOKOBWYQud6h52dkZTiLHsL3b3PuOqVBkMnE-lnTsdR4yd_ku17ANHwjFOJIXBddcXW4iAu16Bg3c5-LhMEkH5Eo_OudE06VjSYENkbN6QaKvvk6NK35TtbLrMlsDg2qv4eqs38LbyuAtfBFhgQqWTQKf0ine10bxPMvcDE3hJ1bix0L3TH1N79g.74jlGujipnVyzveGZ9hmEj7HeGw1EoqO6EOqZvj0BR0&dib_tag=se&keywords=Nescafe+coffee+powder&nsdOptOutParam=true&qid=1789844069&sr=8-34,B0CV779KZG,Nescafe,Nescafe coffee powder,90.0,90.0,,4.67
NESCAFE Ice Roast | Instant Coffee Powder for Cold Coffee Lovers | Easily Dissolves in Cold Milk | 90g Jar (Pack of 2),https://m.media-amazon.com/images/I/81xnCRrO4AL._AC_UL960_FMwebp_QL65_.jpg,840.0,,,https://www.amazon.in/NESCAFE-Instant-Coffee-Powder-Dissolves/dp/B0H6G9P46Q/ref=sr_1_97?dib=eyJ2IjoiMSJ9.BGDLnNF2DnN9oAZo3R3jF0k06x1QP6RXhDBm7jJ4aO_w88qpRYaPntCFMe4NCS0YcvqcjNVwUR0DJZIf5W2cN1P8DPQGMKg-yBtYL3tXSghoXt6vBV8J4CUizgcbIMdp3tQfJGtkh1f4Gd2VZ5tE27i3TGBl-lrCXPR8GT4AwGmP4hUhkkBqAQB96ONYDymgGbwBzy-b2e9axXKsJinoDMJd7s-WHfml5orUSoQSYlpt-zaV2qEpo8SnIyWMm-i7C3UgeVBXuZnMPxYd7bP1UKcHfkkx9USvgnE-uZmMALA.bMTNnknrrouYg0JX7vQCuo4FqEjkVIOPPdnTfoucQxY&dib_tag=se&keywords=Nescafe+coffee+powder&nsdOptOutParam=true&qid=1789844083&sr=8-97,B0H6G9P46Q,Nescafe,Nescafe coffee powder,180.0,90.0,2.0,4.67
"Nescafe Classic Instant Coffee Powder, 180g Jar",https://m.media-amazon.com/images/I/61GroNgc9PL._AC_UL960_FMwebp_QL65_.jpg,848.99,4.3,435.0,https://www.amazon.in/Nescafe-Classic-Instant-Coffee-Powder/dp/B0FB47DHWF/ref=sr_1_42?dib=eyJ2IjoiMSJ9.j6Q_oSOX9yuabRURQeFKcXYoQV-TPdGVBI_i_33taGZ7F_xNPCLNul8BNTjmZXMDXoGFLGMaWd9_XZ8Wtd3dJsv8v-W9LUi5HBkrJ3Ku5eTh9J_M7tMDOKOBWYQud6h52dkZTiLHsL3b3PuOqVBkMnE-lnTsdR4yd_ku17ANHwjFOJIXBddcXW4iAu16Bg3c5-LhMEkH5Eo_OudE06VjSYENkbN6QaKvvk6NK35TtbLrMlsDg2qv4eqs38LbyuAtfBFhgQqWTQKf0ine10bxPMvcDE3hJ1bix0L3TH1N79g.74jlGujipnVyzveGZ9hmEj7HeGw1EoqO6EOqZvj0BR0&dib_tag=se&keywords=Nescafe+coffee+powder&nsdOptOutParam=true&qid=1789844069&sr=8-42,B0FB47DHWF,Nescafe,Nescafe coffee powder,180.0,180.0,,4.72
"Nescafe Classic - Coffee, 25 Grams Jar, Ground",https://m.media-amazon.com/images/I/61al8LVodfL._AC_UL960_FMwebp_QL65_.jpg,119.0,4.5,455.0,https://www.amazon.in/Nescafe-Classic-Coffee-25g-Jar/dp/B00TTX1SMS/ref=sr_1_92?dib=eyJ2IjoiMSJ9.wAqqMoWApT08FZhDjnwUiBK5X-oak1Oae_H79pmTtFLKgAsM4E4jRJvxeIsHpsZOkeUDrbkv3tUmvWB1SgUb5hFtY22VmWBlyaC1boYDXe-5HGJp3QtCmiHx9Rjpg2H3rZv3OWbNWhqCw85gubT9G4YdwqXSa04MfB7MmZcq1oNH2y9PVQFV3naJxuz2KAOkH6GcR9r6JQEXTS5UIVOuARTeLwT6yT5RpB3bC6HXywgrufKV1ZjAQdSd0VUGQPSeAuhC68voVBylm-pf2iotALTsJImfiA7r1xcYEk3WaSU.QrBodjnYAToX8qkGCaOLdDBqcdE5CHdXgh57mDKR7Nc&dib_tag=se&keywords=Nescafe+coffee+powder&nsdOptOutParam=true&qid=1789844076&sr=8-92,B00TTX1SMS,Nescafe,Nescafe coffee powder,25.0,25.0,,4.76
"Nescafe Classic Instant Coffee, 100% Pure Coffee, Medium Roast, Powder Form, 190g Jar, 2 Pack",https://m.media-amazon.com/images/I/51A5G-h8a8L._AC_UL960_FMwebp_QL65_.jpg,1839.0,3.0,305.0,https://www.amazon.in/Nescafe-Classic-Instant-Coffee-Medium/dp/B0GQGF2YJX/ref=sr_1_68?dib=eyJ2IjoiMSJ9.wAqqMoWApT08FZhDjnwUiBK5X-oak1Oae_H79pmTtFLKgAsM4E4jRJvxeIsHpsZOkeUDrbkv3tUmvWB1SgUb5hFtY22VmWBlyaC1boYDXe-5HGJp3QtCmiHx9Rjpg2H3rZv3OWbNWhqCw85gubT9G4YdwqXSa04MfB7MmZcq1oNH2y9PVQFV3naJxuz2KAOkH6GcR9r6JQEXTS5UIVOuARTeLwT6yT5RpB3bC6HXywgrufKV1ZjAQdSd0VUGQPSeAuhC68voVBylm-pf2iotALTsJImfiA7r1xcYEk3WaSU.QrBodjnYAToX8qkGCaOLdDBqcdE5CHdXgh57mDKR7Nc&dib_tag=se&keywords=Nescafe+coffee+powder&nsdOptOutParam=true&qid=1789844076&sr=8-68,B0GQGF2YJX,Nescafe,Nescafe coffee powder,380.0,190.0,2.0,4.84
"Nescafé Classic Instant Coffee Powder, 24g Jar | 100% Pure Coffee. Enjoy the rich aroma and bold taste in every sip",https://m.media-amazon.com/images/I/71KRru8aQtL._AC_UL960_FMwebp_QL65_.jpg,118.0,4.4,445.0,https://www.amazon.in/Nescaf%C3%A9-Classic-Coffee-25g-Glass/dp/B00O8WUZVK/ref=sr_1_20?dib=eyJ2IjoiMSJ9.j6Q_oSOX9yuabRURQeFKcXYoQV-TPdGVBI_i_33taGZ7F_xNPCLNul8BNTjmZXMDXoGFLGMaWd9_XZ8Wtd3dJsv8v-W9LUi5HBkrJ3Ku5eTh9J_M7tMDOKOBWYQud6h52dkZTiLHsL3b3PuOqVBkMnE-lnTsdR4yd_ku17ANHwjFOJIXBddcXW4iAu16Bg3c5-LhMEkH5Eo_OudE06VjSYENkbN6QaKvvk6NK35TtbLrMlsDg2qv4eqs38LbyuAtfBFhgQqWTQKf0ine10bxPMvcDE3hJ1bix0L3TH1N79g.74jlGujipnVyzveGZ9hmEj7HeGw1EoqO6EOqZvj0BR0&dib_tag=se&keywords=Nescafe+coffee+powder&nsdOptOutParam=true&qid=1789844069&sr=8-20,B00O8WUZVK,Nescafe,Nescafe coffee powder,24.0,24.0,,4.92
"NESCAFÉ Frappé Type of Iced Coffee Powder with Lactose and Caffeine Free Instant Coffee, 1 Piece (1 x 275 g) By COUGAR – (Imported-USA)",https://m.media-amazon.com/images/I/718Y+G1XqsL._AC_UL960_FMwebp_QL65_.jpg,1499.0,4.2,425.0,https://www.amazon.in/NESCAF%C3%89-Frapp%C3%A9-Lactose-Caffeine-Instant/dp/B012I6D6MW/ref=sr_1_115?dib=eyJ2IjoiMSJ9.BGDLnNF2DnN9oAZo3R3jF0k06x1QP6RXhDBm7jJ4aO_w88qpRYaPntCFMe4NCS0YcvqcjNVwUR0DJZIf5W2cN1P8DPQGMKg-yBtYL3tXSghoXt6vBV8J4CUizgcbIMdp3tQfJGtkh1f4Gd2VZ5tE27i3TGBl-lrCXPR8GT4AwGmP4hUhkkBqAQB96ONYDymgGbwBzy-b2e9axXKsJinoDMJd7s-WHfml5orUSoQSYlpt-zaV2qEpo8SnIyWMm-i7C3UgeVBXuZnMPxYd7bP1UKcHfkkx9USvgnE-uZmMALA.bMTNnknrrouYg0JX7vQCuo4FqEjkVIOPPdnTfoucQxY&dib_tag=se&keywords=Nescafe+coffee+powder&nsdOptOutParam=true&qid=1789844083&sr=8-115,B012I6D6MW,Nescafe,Nescafe coffee powder,275.0,275.0,1.0,5.45
"Nescafe Classic Double Filtered Coffee Granule, Glass Bottle, 1.76 Oz / 50 Gm",https://m.media-amazon.com/images/I/61ZQW9emtfL._AC_UL960_FMwebp_QL65_.jpg,279.0,4.3,435.0,https://www.amazon.in/Nescafe-Classic-Double-Filtered-Coffee/dp/B0845DM197/ref=sr_1_120?dib=eyJ2IjoiMSJ9.BGDLnNF2DnN9oAZo3R3jF0k06x1QP6RXhDBm7jJ4aO_w88qpRYaPntCFMe4NCS0YcvqcjNVwUR0DJZIf5W2cN1P8DPQGMKg-yBtYL3tXSghoXt6vBV8J4CUizgcbIMdp3tQfJGtkh1f4Gd2VZ5tE27i3TGBl-lrCXPR8GT4AwGmP4hUhkkBqAQB96ONYDymgGbwBzy-b2e9axXKsJinoDMJd7s-WHfml5orUSoQSYlpt-zaV2qEpo8SnIyWMm-i7C3UgeVBXuZnMPxYd7bP1UKcHfkkx9USvgnE-uZmMALA.bMTNnknrrouYg0JX7vQCuo4FqEjkVIOPPdnTfoucQxY&dib_tag=se&keywords=Nescafe+coffee+powder&nsdOptOutParam=true&qid=1789844083&sr=8-120,B0845DM197,Nescafe,Nescafe coffee powder,50.0,50.0,,5.58
"NESCAFÉ Creamy Tiramisu Latte Instant Coffee, Dessert Edition, BY FEBORA, Powder Form, 7 Sachets Pack, 136.5G",https://m.media-amazon.com/images/I/61Hpp-tc-dL._AC_UL960_FMwebp_QL65_.jpg,799.0,4.0,405.0,https://www.amazon.in/NESCAF%C3%89-Tiramisu-Instant-Dessert-Sachets/dp/B0H2PPSHVD/ref=sr_1_96?dib=eyJ2IjoiMSJ9.wAqqMoWApT08FZhDjnwUiBK5X-oak1Oae_H79pmTtFLKgAsM4E4jRJvxeIsHpsZOkeUDrbkv3tUmvWB1SgUb5hFtY22VmWBlyaC1boYDXe-5HGJp3QtCmiHx9Rjpg2H3rZv3OWbNWhqCw85gubT9G4YdwqXSa04MfB7MmZcq1oNH2y9PVQFV3naJxuz2KAOkH6GcR9r6JQEXTS5UIVOuARTeLwT6yT5RpB3bC6HXywgrufKV1ZjAQdSd0VUGQPSeAuhC68voVBylm-pf2iotALTsJImfiA7r1xcYEk3WaSU.QrBodjnYAToX8qkGCaOLdDBqcdE5CHdXgh57mDKR7Nc&dib_tag=se&keywords=Nescafe+coffee+powder&nsdOptOutParam=true&qid=1789844076&sr=8-96,B0H2PPSHVD,Nescafe,Nescafe coffee powder,136.5,19.5,,5.85
"Nescafe Classic Instant Coffee Powder, 48g Bottle",https://m.media-amazon.com/images/I/61BcX08RM2L._AC_UL960_FMwebp_QL65_.jpg,299.0,4.4,445.0,https://www.amazon.in/Nescafe-Classic-Instant-Coffee-Powder/dp/B0CG96Y3WG/ref=sr_1_26?dib=eyJ2IjoiMSJ9.j6Q_oSOX9yuabRURQeFKcXYoQV-TPdGVBI_i_33taGZ7F_xNPCLNul8BNTjmZXMDXoGFLGMaWd9_XZ8Wtd3dJsv8v-W9LUi5HBkrJ3Ku5eTh9J_M7tMDOKOBWYQud6h52dkZTiLHsL3b3PuOqVBkMnE-lnTsdR4yd_ku17ANHwjFOJIXBddcXW4iAu16Bg3c5-LhMEkH5Eo_OudE06VjSYENkbN6QaKvvk6NK35TtbLrMlsDg2qv4eqs38LbyuAtfBFhgQqWTQKf0ine10bxPMvcDE3hJ1bix0L3TH1N79g.74jlGujipnVyzveGZ9hmEj7HeGw1EoqO6EOqZvj0BR0&dib_tag=se&keywords=Nescafe+coffee+powder&nsdOptOutParam=true&qid=1789844069&sr=8-26,B0CG96Y3WG,Nescafe,Nescafe coffee powder,48.0,48.0,,6.23
"Nescafé Roastery Dark Roast Coffee, Freeze-dried, 95g Can | Premium Imported Freeze-dried Coffee Crafted by Master Roaster...",https://m.media-amazon.com/images/I/61nk-qQ0MbL._AC_UL960_FMwebp_QL65_.jpg,600.0,4.2,425.0,https://www.amazon.in/Nescaf%C3%A9-Roastery-Roast-Coffee-Freeze-dried/dp/B0CVN8G65P/ref=sr_1_33?dib=eyJ2IjoiMSJ9.j6Q_oSOX9yuabRURQeFKcXYoQV-TPdGVBI_i_33taGZ7F_xNPCLNul8BNTjmZXMDXoGFLGMaWd9_XZ8Wtd3dJsv8v-W9LUi5HBkrJ3Ku5eTh9J_M7tMDOKOBWYQud6h52dkZTiLHsL3b3PuOqVBkMnE-lnTsdR4yd_ku17ANHwjFOJIXBddcXW4iAu16Bg3c5-LhMEkH5Eo_OudE06VjSYENkbN6QaKvvk6NK35TtbLrMlsDg2qv4eqs38LbyuAtfBFhgQqWTQKf0ine10bxPMvcDE3hJ1bix0L3TH1N79g.74jlGujipnVyzveGZ9hmEj7HeGw1EoqO6EOqZvj0BR0&dib_tag=se&keywords=Nescafe+coffee+powder&nsdOptOutParam=true&qid=1789844069&sr=8-33,B0CVN8G65P,Nescafe,Nescafe coffee powder,95.0,95.0,,6.32
"Nescafé Roastery Medium Roast Coffee, Freeze-dried, 95g Can | Premium Imported Freeze-dried Coffee Crafted by Master Roast...",https://m.media-amazon.com/images/I/61prupJU25L._AC_UL960_FMwebp_QL65_.jpg,600.0,4.3,435.0,https://www.amazon.in/Nescaf%C3%A9-Roastery-Medium-Coffee-Freeze-dried/dp/B0CVN8ZFF1/ref=sr_1_40?dib=eyJ2IjoiMSJ9.j6Q_oSOX9yuabRURQeFKcXYoQV-TPdGVBI_i_33taGZ7F_xNPCLNul8BNTjmZXMDXoGFLGMaWd9_XZ8Wtd3dJsv8v-W9LUi5HBkrJ3Ku5eTh9J_M7tMDOKOBWYQud6h52dkZTiLHsL3b3PuOqVBkMnE-lnTsdR4yd_ku17ANHwjFOJIXBddcXW4iAu16Bg3c5-LhMEkH5Eo_OudE06VjSYENkbN6QaKvvk6NK35TtbLrMlsDg2qv4eqs38LbyuAtfBFhgQqWTQKf0ine10bxPMvcDE3hJ1bix0L3TH1N79g.74jlGujipnVyzveGZ9hmEj7HeGw1EoqO6EOqZvj0BR0&dib_tag=se&keywords=Nescafe+coffee+powder&nsdOptOutParam=true&qid=1789844069&sr=8-40,B0CVN8ZFF1,Nescafe,Nescafe coffee powder,95.0,95.0,,6.32
"Nescafe Rich & Smooth Gold Blend, 100g",https://m.media-amazon.com/images/I/711JEdTmDFL._AC_UL960_FMwebp_QL65_.jpg,638.0,4.3,435.0,https://www.amazon.in/Nescafe-Rich-Smooth-Gold-Blend/dp/B0D45D62SD/ref=sr_1_55?dib=eyJ2IjoiMSJ9.wAqqMoWApT08FZhDjnwUiBK5X-oak1Oae_H79pmTtFLKgAsM4E4jRJvxeIsHpsZOkeUDrbkv3tUmvWB1SgUb5hFtY22VmWBlyaC1boYDXe-5HGJp3QtCmiHx9Rjpg2H3rZv3OWbNWhqCw85gubT9G4YdwqXSa04MfB7MmZcq1oNH2y9PVQFV3naJxuz2KAOkH6GcR9r6JQEXTS5UIVOuARTeLwT6yT5RpB3bC6HXywgrufKV1ZjAQdSd0VUGQPSeAuhC68voVBylm-pf2iotALTsJImfiA7r1xcYEk3WaSU.QrBodjnYAToX8qkGCaOLdDBqcdE5CHdXgh57mDKR7Nc&dib_tag=se&keywords=Nescafe+coffee+powder&nsdOptOutParam=true&qid=1789844076&sr=8-55,B0D45D62SD,Nescafe,Nescafe coffee powder,100.0,100.0,,6.38
"Nescafé Green Triangle Mocha Flavour Instant Coffee, BY FEBORA, Powder, 7 Sachets, 133G",https://m.media-amazon.com/images/I/61qyd3ZCRIL._AC_UL960_FMwebp_QL65_.jpg,899.0,,,https://www.amazon.in/Nescaf%C3%A9-Triangle-Flavour-Instant-Sachets/dp/B0H2PV2NTH/ref=sr_1_71?dib=eyJ2IjoiMSJ9.wAqqMoWApT08FZhDjnwUiBK5X-oak1Oae_H79pmTtFLKgAsM4E4jRJvxeIsHpsZOkeUDrbkv3tUmvWB1SgUb5hFtY22VmWBlyaC1boYDXe-5HGJp3QtCmiHx9Rjpg2H3rZv3OWbNWhqCw85gubT9G4YdwqXSa04MfB7MmZcq1oNH2y9PVQFV3naJxuz2KAOkH6GcR9r6JQEXTS5UIVOuARTeLwT6yT5RpB3bC6HXywgrufKV1ZjAQdSd0VUGQPSeAuhC68voVBylm-pf2iotALTsJImfiA7r1xcYEk3WaSU.QrBodjnYAToX8qkGCaOLdDBqcdE5CHdXgh57mDKR7Nc&dib_tag=se&keywords=Nescafe+coffee+powder&nsdOptOutParam=true&qid=1789844076&sr=8-71,B0H2PV2NTH,Nescafe,Nescafe coffee powder,133.0,19.0,,6.76
"Nescafe Rich Instant Coffee, 95g | 100% Pure Coffee, Responsibly Sourced, 5 Calories per Serving, Product of Brazil, Resea...",https://m.media-amazon.com/images/I/515Vmkk1pkL._AC_UL960_FMwebp_QL65_.jpg,650.0,,,https://www.amazon.in/Nescafe-Rich-Instant-Coffee-95g/dp/B0HBX25VMN/ref=sr_1_82?dib=eyJ2IjoiMSJ9.wAqqMoWApT08FZhDjnwUiBK5X-oak1Oae_H79pmTtFLKgAsM4E4jRJvxeIsHpsZOkeUDrbkv3tUmvWB1SgUb5hFtY22VmWBlyaC1boYDXe-5HGJp3QtCmiHx9Rjpg2H3rZv3OWbNWhqCw85gubT9G4YdwqXSa04MfB7MmZcq1oNH2y9PVQFV3naJxuz2KAOkH6GcR9r6JQEXTS5UIVOuARTeLwT6yT5RpB3bC6HXywgrufKV1ZjAQdSd0VUGQPSeAuhC68voVBylm-pf2iotALTsJImfiA7r1xcYEk3WaSU.QrBodjnYAToX8qkGCaOLdDBqcdE5CHdXgh57mDKR7Nc&dib_tag=se&keywords=Nescafe+coffee+powder&nsdOptOutParam=true&qid=1789844076&sr=8-82,B0HBX25VMN,Nescafe,Nescafe coffee powder,95.0,95.0,,6.84
"Nescafé Peppermint Mocha Flavour Instant Coffee, BY FEBORA, Powder, 7 Sachets, 133g",https://m.media-amazon.com/images/I/61BdrGVwhEL._AC_UL960_FMwebp_QL65_.jpg,925.0,,,https://www.amazon.in/Nescaf%C3%A9-Peppermint-Flavour-Instant-Sachets/dp/B0H2PT8QR2/ref=sr_1_76?dib=eyJ2IjoiMSJ9.wAqqMoWApT08FZhDjnwUiBK5X-oak1Oae_H79pmTtFLKgAsM4E4jRJvxeIsHpsZOkeUDrbkv3tUmvWB1SgUb5hFtY22VmWBlyaC1boYDXe-5HGJp3QtCmiHx9Rjpg2H3rZv3OWbNWhqCw85gubT9G4YdwqXSa04MfB7MmZcq1oNH2y9PVQFV3naJxuz2KAOkH6GcR9r6JQEXTS5UIVOuARTeLwT6yT5RpB3bC6HXywgrufKV1ZjAQdSd0VUGQPSeAuhC68voVBylm-pf2iotALTsJImfiA7r1xcYEk3WaSU.QrBodjnYAToX8qkGCaOLdDBqcdE5CHdXgh57mDKR7Nc&dib_tag=se&keywords=Nescafe+coffee+powder&nsdOptOutParam=true&qid=1789844076&sr=8-76,B0H2PT8QR2,Nescafe,Nescafe coffee powder,133.0,19.0,,6.95
"Nescafe Vanilla Cookie Dough Latte Flavour Instant Coffee, BY FEBORA, Dessert Edition, Powder, 7 Sachets, 136.5g",https://m.media-amazon.com/images/I/51kOqR28QZL._AC_UL960_FMwebp_QL65_.jpg,995.0,,,https://www.amazon.in/Nescafe-Vanilla-Flavour-Instant-Dessert/dp/B0H2PSNRYG/ref=sr_1_119?dib=eyJ2IjoiMSJ9.BGDLnNF2DnN9oAZo3R3jF0k06x1QP6RXhDBm7jJ4aO_w88qpRYaPntCFMe4NCS0YcvqcjNVwUR0DJZIf5W2cN1P8DPQGMKg-yBtYL3tXSghoXt6vBV8J4CUizgcbIMdp3tQfJGtkh1f4Gd2VZ5tE27i3TGBl-lrCXPR8GT4AwGmP4hUhkkBqAQB96ONYDymgGbwBzy-b2e9axXKsJinoDMJd7s-WHfml5orUSoQSYlpt-zaV2qEpo8SnIyWMm-i7C3UgeVBXuZnMPxYd7bP1UKcHfkkx9USvgnE-uZmMALA.bMTNnknrrouYg0JX7vQCuo4FqEjkVIOPPdnTfoucQxY&dib_tag=se&keywords=Nescafe+coffee+powder&nsdOptOutParam=true&qid=1789844083&sr=8-119,B0H2PSNRYG,Nescafe,Nescafe coffee powder,136.5,19.5,,7.29
"NESCAFE Colombian Coffee Powder, 95g",https://m.media-amazon.com/images/I/71z5jjN2rlL._AC_UL960_FMwebp_QL65_.jpg,699.0,4.3,435.0,https://www.amazon.in/Nescafe-Gold-Blend-Colombia-Coffee/dp/B09Q31R7NK/ref=sr_1_41?dib=eyJ2IjoiMSJ9.j6Q_oSOX9yuabRURQeFKcXYoQV-TPdGVBI_i_33taGZ7F_xNPCLNul8BNTjmZXMDXoGFLGMaWd9_XZ8Wtd3dJsv8v-W9LUi5HBkrJ3Ku5eTh9J_M7tMDOKOBWYQud6h52dkZTiLHsL3b3PuOqVBkMnE-lnTsdR4yd_ku17ANHwjFOJIXBddcXW4iAu16Bg3c5-LhMEkH5Eo_OudE06VjSYENkbN6QaKvvk6NK35TtbLrMlsDg2qv4eqs38LbyuAtfBFhgQqWTQKf0ine10bxPMvcDE3hJ1bix0L3TH1N79g.74jlGujipnVyzveGZ9hmEj7HeGw1EoqO6EOqZvj0BR0&dib_tag=se&keywords=Nescafe+coffee+powder&nsdOptOutParam=true&qid=1789844069&sr=8-41,B09Q31R7NK,Nescafe,Nescafe coffee powder,95.0,95.0,,7.36
"Nescafe Cap Colombia Ground Coffee, 3.53 Oz / 100 G - Jar",https://m.media-amazon.com/images/I/718Pl1MWWZL._AC_UL960_FMwebp_QL65_.jpg,758.99,4.4,445.0,https://www.amazon.in/Nescafe-Cap-Colombia-100-g/dp/B074MCSQKY/ref=sr_1_79?dib=eyJ2IjoiMSJ9.wAqqMoWApT08FZhDjnwUiBK5X-oak1Oae_H79pmTtFLKgAsM4E4jRJvxeIsHpsZOkeUDrbkv3tUmvWB1SgUb5hFtY22VmWBlyaC1boYDXe-5HGJp3QtCmiHx9Rjpg2H3rZv3OWbNWhqCw85gubT9G4YdwqXSa04MfB7MmZcq1oNH2y9PVQFV3naJxuz2KAOkH6GcR9r6JQEXTS5UIVOuARTeLwT6yT5RpB3bC6HXywgrufKV1ZjAQdSd0VUGQPSeAuhC68voVBylm-pf2iotALTsJImfiA7r1xcYEk3WaSU.QrBodjnYAToX8qkGCaOLdDBqcdE5CHdXgh57mDKR7Nc&dib_tag=se&keywords=Nescafe+coffee+powder&nsdOptOutParam=true&qid=1789844076&sr=8-79,B074MCSQKY,Nescafe,Nescafe coffee powder,100.0,100.0,,7.59
NESCAFE Classic Instant Coffee Powder | Great Start to Your Morning | 100% Pure Coffee | 180g Dawn Jar (Weight May Vary) (...,https://m.media-amazon.com/images/I/811yWoxLx9L._AC_UL960_FMwebp_QL65_.jpg,1450.0,4.5,455.0,https://www.amazon.in/NESCAFE-Classic-Instant-Coffee-Morning/dp/B0FK983RTY/ref=sr_1_31?dib=eyJ2IjoiMSJ9.j6Q_oSOX9yuabRURQeFKcXYoQV-TPdGVBI_i_33taGZ7F_xNPCLNul8BNTjmZXMDXoGFLGMaWd9_XZ8Wtd3dJsv8v-W9LUi5HBkrJ3Ku5eTh9J_M7tMDOKOBWYQud6h52dkZTiLHsL3b3PuOqVBkMnE-lnTsdR4yd_ku17ANHwjFOJIXBddcXW4iAu16Bg3c5-LhMEkH5Eo_OudE06VjSYENkbN6QaKvvk6NK35TtbLrMlsDg2qv4eqs38LbyuAtfBFhgQqWTQKf0ine10bxPMvcDE3hJ1bix0L3TH1N79g.74jlGujipnVyzveGZ9hmEj7HeGw1EoqO6EOqZvj0BR0&dib_tag=se&keywords=Nescafe+coffee+powder&nsdOptOutParam=true&qid=1789844069&sr=8-31,B0FK983RTY,Nescafe,Nescafe coffee powder,180.0,180.0,,8.06
Nescafe Espresso-100% Pure Arabica Coffee Powder Rich with Velvety Crema - 100 Grams Can,https://m.media-amazon.com/images/I/61FxGJlYJxL._AC_UL960_FMwebp_QL65_.jpg,819.28,4.3,435.0,https://www.amazon.in/Nescafe-Espresso-100-Arabica-Coffee-Velvety/dp/B004AVB6FI/ref=sr_1_52?dib=eyJ2IjoiMSJ9.wAqqMoWApT08FZhDjnwUiBK5X-oak1Oae_H79pmTtFLKgAsM4E4jRJvxeIsHpsZOkeUDrbkv3tUmvWB1SgUb5hFtY22VmWBlyaC1boYDXe-5HGJp3QtCmiHx9Rjpg2H3rZv3OWbNWhqCw85gubT9G4YdwqXSa04MfB7MmZcq1oNH2y9PVQFV3naJxuz2KAOkH6GcR9r6JQEXTS5UIVOuARTeLwT6yT5RpB3bC6HXywgrufKV1ZjAQdSd0VUGQPSeAuhC68voVBylm-pf2iotALTsJImfiA7r1xcYEk3WaSU.QrBodjnYAToX8qkGCaOLdDBqcdE5CHdXgh57mDKR7Nc&dib_tag=se&keywords=Nescafe+coffee+powder&nsdOptOutParam=true&qid=1789844076&sr=8-52,B004AVB6FI,Nescafe,Nescafe coffee powder,100.0,100.0,,8.19
NESCAFÉ - Espresso Original Instant Coffee (100g) By COUGAR | Rich Espresso Style Coffee with Intense Aroma | Premium Instant Coffee Powder | Glass Jar for Hot Coffee – (Imported),https://m.media-amazon.com/images/I/71KL801RSsL._AC_UL960_FMwebp_QL65_.jpg,848.0,4.6,465.0,https://www.amazon.in/NESCAF%C3%89-Espresso-Original-Instant-Intense/dp/B07VQH2VMT/ref=sr_1_65?dib=eyJ2IjoiMSJ9.wAqqMoWApT08FZhDjnwUiBK5X-oak1Oae_H79pmTtFLKgAsM4E4jRJvxeIsHpsZOkeUDrbkv3tUmvWB1SgUb5hFtY22VmWBlyaC1boYDXe-5HGJp3QtCmiHx9Rjpg2H3rZv3OWbNWhqCw85gubT9G4YdwqXSa04MfB7MmZcq1oNH2y9PVQFV3naJxuz2KAOkH6GcR9r6JQEXTS5UIVOuARTeLwT6yT5RpB3bC6HXywgrufKV1ZjAQdSd0VUGQPSeAuhC68voVBylm-pf2iotALTsJImfiA7r1xcYEk3WaSU.QrBodjnYAToX8qkGCaOLdDBqcdE5CHdXgh57mDKR7Nc&dib_tag=se&keywords=Nescafe+coffee+powder&nsdOptOutParam=true&qid=1789844076&sr=8-65,B07VQH2VMT,Nescafe,Nescafe coffee powder,100.0,100.0,,8.48
"Nescafe Classic Instant Coffee, 100 G Jar With Free Red Mug, Powder",https://m.media-amazon.com/images/I/711FEcbdOXL._AC_UL960_FMwebp_QL65_.jpg,870.0,4.4,445.0,https://www.amazon.in/Nescaf%C3%A9-Classic-Coffee-100g-Free/dp/B01HOBPEKI/ref=sr_1_131?dib=eyJ2IjoiMSJ9.BGDLnNF2DnN9oAZo3R3jF0k06x1QP6RXhDBm7jJ4aO_w88qpRYaPntCFMe4NCS0YcvqcjNVwUR0DJZIf5W2cN1P8DPQGMKg-yBtYL3tXSghoXt6vBV8J4CUizgcbIMdp3tQfJGtkh1f4Gd2VZ5tE27i3TGBl-lrCXPR8GT4AwGmP4hUhkkBqAQB96ONYDymgGbwBzy-b2e9axXKsJinoDMJd7s-WHfml5orUSoQSYlpt-zaV2qEpo8SnIyWMm-i7C3UgeVBXuZnMPxYd7bP1UKcHfkkx9USvgnE-uZmMALA.bMTNnknrrouYg0JX7vQCuo4FqEjkVIOPPdnTfoucQxY&dib_tag=se&keywords=Nescafe+coffee+powder&nsdOptOutParam=true&qid=1789844083&sr=8-131,B01HOBPEKI,Nescafe,Nescafe coffee powder,100.0,100.0,,8.7
NESCAFÉ Espresso - Rich Crema Instant Coffee (95g) By COUGAR | Arabica Espresso Style Coffee with Rich Crema & Bold Aroma | Premium Instant Coffee Powder | Glass Jar – (Imported),https://m.media-amazon.com/images/I/51WGlQMJybL._AC_UL960_FMwebp_QL65_.jpg,886.0,4.8,485.0,https://www.amazon.in/NESCAF%C3%89-Espresso-Instant-Arabica-Premium/dp/B09SZB1KZ4/ref=sr_1_61?dib=eyJ2IjoiMSJ9.wAqqMoWApT08FZhDjnwUiBK5X-oak1Oae_H79pmTtFLKgAsM4E4jRJvxeIsHpsZOkeUDrbkv3tUmvWB1SgUb5hFtY22VmWBlyaC1boYDXe-5HGJp3QtCmiHx9Rjpg2H3rZv3OWbNWhqCw85gubT9G4YdwqXSa04MfB7MmZcq1oNH2y9PVQFV3naJxuz2KAOkH6GcR9r6JQEXTS5UIVOuARTeLwT6yT5RpB3bC6HXywgrufKV1ZjAQdSd0VUGQPSeAuhC68voVBylm-pf2iotALTsJImfiA7r1xcYEk3WaSU.QrBodjnYAToX8qkGCaOLdDBqcdE5CHdXgh57mDKR7Nc&dib_tag=se&keywords=Nescafe+coffee+powder&nsdOptOutParam=true&qid=1789844076&sr=8-61,B09SZB1KZ4,Nescafe,Nescafe coffee powder,95.0,95.0,,9.33
NESCAFÉ Espresso Rich Crema Instant Coffee (95g) Glass Jar By COUGAR | Arabica Espresso Style Coffee with Rich Crema & Bold Aroma | Premium Instant Coffee Powder – (Imported),https://m.media-amazon.com/images/I/41Tj6VNZ8aL._AC_UL960_FMwebp_QL65_.jpg,889.0,4.7,475.0,https://www.amazon.in/NESCAF%C3%89-Espresso-Instant-Arabica-Premium/dp/B09Q6J7N58/ref=sr_1_75?dib=eyJ2IjoiMSJ9.wAqqMoWApT08FZhDjnwUiBK5X-oak1Oae_H79pmTtFLKgAsM4E4jRJvxeIsHpsZOkeUDrbkv3tUmvWB1SgUb5hFtY22VmWBlyaC1boYDXe-5HGJp3QtCmiHx9Rjpg2H3rZv3OWbNWhqCw85gubT9G4YdwqXSa04MfB7MmZcq1oNH2y9PVQFV3naJxuz2KAOkH6GcR9r6JQEXTS5UIVOuARTeLwT6yT5RpB3bC6HXywgrufKV1ZjAQdSd0VUGQPSeAuhC68voVBylm-pf2iotALTsJImfiA7r1xcYEk3WaSU.QrBodjnYAToX8qkGCaOLdDBqcdE5CHdXgh57mDKR7Nc&dib_tag=se&keywords=Nescafe+coffee+powder&nsdOptOutParam=true&qid=1789844076&sr=8-75,B09Q6J7N58,Nescafe,Nescafe coffee powder,95.0,95.0,,9.36
"Nescafé Classic Decaf Instant Coffee, Dark Roast, 100% Pure Coffee, Powder Form, by febora foods, 100g",https://m.media-amazon.com/images/I/51-A-VaO4+L._AC_UL960_FMwebp_QL65_.jpg,999.0,5.0,505.0,https://www.amazon.in/Nescaf%C3%A9-Classic-Instant-Coffee-Powder/dp/B0GZHBS6P1/ref=sr_1_93?dib=eyJ2IjoiMSJ9.wAqqMoWApT08FZhDjnwUiBK5X-oak1Oae_H79pmTtFLKgAsM4E4jRJvxeIsHpsZOkeUDrbkv3tUmvWB1SgUb5hFtY22VmWBlyaC1boYDXe-5HGJp3QtCmiHx9Rjpg2H3rZv3OWbNWhqCw85gubT9G4YdwqXSa04MfB7MmZcq1oNH2y9PVQFV3naJxuz2KAOkH6GcR9r6JQEXTS5UIVOuARTeLwT6yT5RpB3bC6HXywgrufKV1ZjAQdSd0VUGQPSeAuhC68voVBylm-pf2iotALTsJImfiA7r1xcYEk3WaSU.QrBodjnYAToX8qkGCaOLdDBqcdE5CHdXgh57mDKR7Nc&dib_tag=se&keywords=Nescafe+coffee+powder&nsdOptOutParam=true&qid=1789844076&sr=8-93,B0GZHBS6P1,Nescafe,Nescafe coffee powder,100.0,100.0,,9.99
NESCAFÉ - Classic Crema Instant Coffee (95g) By COUGAR | Smooth Rich Coffee with Fine Crema | Premium Instant Coffee Powder | Perfect for Hot & Cold Coffee Beverages – (Imported),https://m.media-amazon.com/images/I/61hFZ1nTcNL._AC_UL960_FMwebp_QL65_.jpg,999.0,4.6,465.0,https://www.amazon.in/NESCAF%C3%89-Classic-Instant-Premium-Beverages/dp/B07P7X727Q/ref=sr_1_90?dib=eyJ2IjoiMSJ9.wAqqMoWApT08FZhDjnwUiBK5X-oak1Oae_H79pmTtFLKgAsM4E4jRJvxeIsHpsZOkeUDrbkv3tUmvWB1SgUb5hFtY22VmWBlyaC1boYDXe-5HGJp3QtCmiHx9Rjpg2H3rZv3OWbNWhqCw85gubT9G4YdwqXSa04MfB7MmZcq1oNH2y9PVQFV3naJxuz2KAOkH6GcR9r6JQEXTS5UIVOuARTeLwT6yT5RpB3bC6HXywgrufKV1ZjAQdSd0VUGQPSeAuhC68voVBylm-pf2iotALTsJImfiA7r1xcYEk3WaSU.QrBodjnYAToX8qkGCaOLdDBqcdE5CHdXgh57mDKR7Nc&dib_tag=se&keywords=Nescafe+coffee+powder&nsdOptOutParam=true&qid=1789844076&sr=8-90,B07P7X727Q,Nescafe,Nescafe coffee powder,95.0,95.0,,10.52
"Nescafe Azera Americano, Barista Style Instant Ground Coffee Powder - 100g",https://m.media-amazon.com/images/I/712olNW+mTL._AC_UL960_FMwebp_QL65_.jpg,1264.0,4.2,425.0,https://www.amazon.in/Nescafe-Barista-Americano-Instant-Coffee/dp/B00CSQIM3Q/ref=sr_1_83?dib=eyJ2IjoiMSJ9.wAqqMoWApT08FZhDjnwUiBK5X-oak1Oae_H79pmTtFLKgAsM4E4jRJvxeIsHpsZOkeUDrbkv3tUmvWB1SgUb5hFtY22VmWBlyaC1boYDXe-5HGJp3QtCmiHx9Rjpg2H3rZv3OWbNWhqCw85gubT9G4YdwqXSa04MfB7MmZcq1oNH2y9PVQFV3naJxuz2KAOkH6GcR9r6JQEXTS5UIVOuARTeLwT6yT5RpB3bC6HXywgrufKV1ZjAQdSd0VUGQPSeAuhC68voVBylm-pf2iotALTsJImfiA7r1xcYEk3WaSU.QrBodjnYAToX8qkGCaOLdDBqcdE5CHdXgh57mDKR7Nc&dib_tag=se&keywords=Nescafe+coffee+powder&nsdOptOutParam=true&qid=1789844076&sr=8-83,B00CSQIM3Q,Nescafe,Nescafe coffee powder,100.0,100.0,,12.64
"NESCAFE Roastery Dark Roast Instant Coffee, Rich and Intense, 8 Intensity, 95g",https://m.media-amazon.com/images/I/51vbgii+4GL._AC_UL960_FMwebp_QL65_.jpg,1490.0,5.0,505.0,https://www.amazon.in/NESCAFE-Roastery-Instant-Intense-Intensity/dp/B0GGHTBM4C/ref=sr_1_135?dib=eyJ2IjoiMSJ9.BGDLnNF2DnN9oAZo3R3jF0k06x1QP6RXhDBm7jJ4aO_w88qpRYaPntCFMe4NCS0YcvqcjNVwUR0DJZIf5W2cN1P8DPQGMKg-yBtYL3tXSghoXt6vBV8J4CUizgcbIMdp3tQfJGtkh1f4Gd2VZ5tE27i3TGBl-lrCXPR8GT4AwGmP4hUhkkBqAQB96ONYDymgGbwBzy-b2e9axXKsJinoDMJd7s-WHfml5orUSoQSYlpt-zaV2qEpo8SnIyWMm-i7C3UgeVBXuZnMPxYd7bP1UKcHfkkx9USvgnE-uZmMALA.bMTNnknrrouYg0JX7vQCuo4FqEjkVIOPPdnTfoucQxY&dib_tag=se&keywords=Nescafe+coffee+powder&nsdOptOutParam=true&qid=1789844083&sr=8-135,B0GGHTBM4C,Nescafe,Nescafe coffee powder,95.0,95.0,,15.68
"NESCAFE Red Mug Instant Coffee Powder, Bold and Rich Coffee Flavor, 95g Jar Makes 48 Cups (Product Of Sapin)",https://m.media-amazon.com/images/I/718PObT6ARL._AC_UL960_FMwebp_QL65_.jpg,1499.0,4.2,425.0,https://www.amazon.in/NESCAFE-Instant-Coffee-Powder-Product/dp/B0B5XKWRLH/ref=sr_1_70?dib=eyJ2IjoiMSJ9.wAqqMoWApT08FZhDjnwUiBK5X-oak1Oae_H79pmTtFLKgAsM4E4jRJvxeIsHpsZOkeUDrbkv3tUmvWB1SgUb5hFtY22VmWBlyaC1boYDXe-5HGJp3QtCmiHx9Rjpg2H3rZv3OWbNWhqCw85gubT9G4YdwqXSa04MfB7MmZcq1oNH2y9PVQFV3naJxuz2KAOkH6GcR9r6JQEXTS5UIVOuARTeLwT6yT5RpB3bC6HXywgrufKV1ZjAQdSd0VUGQPSeAuhC68voVBylm-pf2iotALTsJImfiA7r1xcYEk3WaSU.QrBodjnYAToX8qkGCaOLdDBqcdE5CHdXgh57mDKR7Nc&dib_tag=se&keywords=Nescafe+coffee+powder&nsdOptOutParam=true&qid=1789844076&sr=8-70,B0B5XKWRLH,Nescafe,Nescafe coffee powder,95.0,95.0,,15.78
"Nescafe Red Mug Soluble Coffee Powder, 47.5g | Intensity 7",https://m.media-amazon.com/images/I/71QVlRaFZQL._AC_UL960_FMwebp_QL65_.jpg,799.0,4.4,445.0,https://www.amazon.in/Nescafe-Soluble-Coffee-Powder-47-5g/dp/B0B5XKWP3F/ref=sr_1_60?dib=eyJ2IjoiMSJ9.wAqqMoWApT08FZhDjnwUiBK5X-oak1Oae_H79pmTtFLKgAsM4E4jRJvxeIsHpsZOkeUDrbkv3tUmvWB1SgUb5hFtY22VmWBlyaC1boYDXe-5HGJp3QtCmiHx9Rjpg2H3rZv3OWbNWhqCw85gubT9G4YdwqXSa04MfB7MmZcq1oNH2y9PVQFV3naJxuz2KAOkH6GcR9r6JQEXTS5UIVOuARTeLwT6yT5RpB3bC6HXywgrufKV1ZjAQdSd0VUGQPSeAuhC68voVBylm-pf2iotALTsJImfiA7r1xcYEk3WaSU.QrBodjnYAToX8qkGCaOLdDBqcdE5CHdXgh57mDKR7Nc&dib_tag=se&keywords=Nescafe+coffee+powder&nsdOptOutParam=true&qid=1789844076&sr=8-60,B0B5XKWP3F,Nescafe,Nescafe coffee powder,47.5,47.5,,16.82
"Nescafe 3 In 1 Strong Intense & Rich Instant Coffee 10 Sachet Powder (10 X 17Gm), 170Gm",https://m.media-amazon.com/images/I/71rWqU3+mfL._AC_UL960_FMwebp_QL65_.jpg,3613.0,4.0,405.0,https://www.amazon.in/Nescaf%C3%A9-Strong-Intense-Instant-Coffee/dp/B0BTMHMNZW/ref=sr_1_113?dib=eyJ2IjoiMSJ9.BGDLnNF2DnN9oAZo3R3jF0k06x1QP6RXhDBm7jJ4aO_w88qpRYaPntCFMe4NCS0YcvqcjNVwUR0DJZIf5W2cN1P8DPQGMKg-yBtYL3tXSghoXt6vBV8J4CUizgcbIMdp3tQfJGtkh1f4Gd2VZ5tE27i3TGBl-lrCXPR8GT4AwGmP4hUhkkBqAQB96ONYDymgGbwBzy-b2e9axXKsJinoDMJd7s-WHfml5orUSoQSYlpt-zaV2qEpo8SnIyWMm-i7C3UgeVBXuZnMPxYd7bP1UKcHfkkx9USvgnE-uZmMALA.bMTNnknrrouYg0JX7vQCuo4FqEjkVIOPPdnTfoucQxY&dib_tag=se&keywords=Nescafe+coffee+powder&nsdOptOutParam=true&qid=1789844083&sr=8-113,B0BTMHMNZW,Nescafe,Nescafe coffee powder,170.0,17.0,,21.25
"Nescafé Espresso Original Instant Coffee | 100% Arabica, 52 Cups |By Savoy Impex | Fine Velvety Foam, & Fruity Aromas | (95g)",https://m.media-amazon.com/images/I/71NTILLgTqL._AC_UL960_FMwebp_QL65_.jpg,2998.99,4.5,455.0,https://www.amazon.in/Nescaf%C3%A9-Espresso-Original-Instant-Arabica/dp/B01M0OL7GT/ref=sr_1_114?dib=eyJ2IjoiMSJ9.BGDLnNF2DnN9oAZo3R3jF0k06x1QP6RXhDBm7jJ4aO_w88qpRYaPntCFMe4NCS0YcvqcjNVwUR0DJZIf5W2cN1P8DPQGMKg-yBtYL3tXSghoXt6vBV8J4CUizgcbIMdp3tQfJGtkh1f4Gd2VZ5tE27i3TGBl-lrCXPR8GT4AwGmP4hUhkkBqAQB96ONYDymgGbwBzy-b2e9axXKsJinoDMJd7s-WHfml5orUSoQSYlpt-zaV2qEpo8SnIyWMm-i7C3UgeVBXuZnMPxYd7bP1UKcHfkkx9USvgnE-uZmMALA.bMTNnknrrouYg0JX7vQCuo4FqEjkVIOPPdnTfoucQxY&dib_tag=se&keywords=Nescafe+coffee+powder&nsdOptOutParam=true&qid=1789844083&sr=8-114,B01M0OL7GT,Nescafe,Nescafe coffee powder,95.0,95.0,,31.57
Nestle Nescafe Signature Blend Coffee Premix,https://m.media-amazon.com/images/I/61X9TLUgWaL._AC_UL960_FMwebp_QL65_.jpg,629.0,4.1,415.0,https://www.amazon.in/Nestle-Nescafe-Signature-Coffee-Premix/dp/B07DH7Z2J7/ref=sr_1_21?dib=eyJ2IjoiMSJ9.j6Q_oSOX9yuabRURQeFKcXYoQV-TPdGVBI_i_33taGZ7F_xNPCLNul8BNTjmZXMDXoGFLGMaWd9_XZ8Wtd3dJsv8v-W9LUi5HBkrJ3Ku5eTh9J_M7tMDOKOBWYQud6h52dkZTiLHsL3b3PuOqVBkMnE-lnTsdR4yd_ku17ANHwjFOJIXBddcXW4iAu16Bg3c5-LhMEkH5Eo_OudE06VjSYENkbN6QaKvvk6NK35TtbLrMlsDg2qv4eqs38LbyuAtfBFhgQqWTQKf0ine10bxPMvcDE3hJ1bix0L3TH1N79g.74jlGujipnVyzveGZ9hmEj7HeGw1EoqO6EOqZvj0BR0&dib_tag=se&keywords=Nescafe+coffee+powder&nsdOptOutParam=true&qid=1789844069&sr=8-21,B07DH7Z2J7,Nescafe,Nescafe coffee powder,,,,
"Nescafe Zero Sugar Americano Coffee Satchet (27 Satchet) Imported, Powder",https://m.media-amazon.com/images/I/61vJzzfom4L._AC_UL960_FMwebp_QL65_.jpg,832.92,4.3,435.0,https://www.amazon.in/Nescafe-Sugar-Americano-Coffee-Satchet/dp/B0BQWBSZNV/ref=sr_1_62?dib=eyJ2IjoiMSJ9.wAqqMoWApT08FZhDjnwUiBK5X-oak1Oae_H79pmTtFLKgAsM4E4jRJvxeIsHpsZOkeUDrbkv3tUmvWB1SgUb5hFtY22VmWBlyaC1boYDXe-5HGJp3QtCmiHx9Rjpg2H3rZv3OWbNWhqCw85gubT9G4YdwqXSa04MfB7MmZcq1oNH2y9PVQFV3naJxuz2KAOkH6GcR9r6JQEXTS5UIVOuARTeLwT6yT5RpB3bC6HXywgrufKV1ZjAQdSd0VUGQPSeAuhC68voVBylm-pf2iotALTsJImfiA7r1xcYEk3WaSU.QrBodjnYAToX8qkGCaOLdDBqcdE5CHdXgh57mDKR7Nc&dib_tag=se&keywords=Nescafe+coffee+powder&nsdOptOutParam=true&qid=1789844076&sr=8-62,B0BQWBSZNV,Nescafe,Nescafe coffee powder,,,,
"NESCAFÉ Latte Instant Coffee 7 Sachets, 100percent Responsibly Sourced Coffee Pack of 1",https://m.media-amazon.com/images/I/817VoJYtGFL._AC_UL960_FMwebp_QL65_.jpg,,4.6,465.0,https://www.amazon.in/NESCAF%C3%89-Instant-Sachets-100percent-Responsibly/dp/B0F4NQZ8LK/ref=sr_1_123?dib=eyJ2IjoiMSJ9.BGDLnNF2DnN9oAZo3R3jF0k06x1QP6RXhDBm7jJ4aO_w88qpRYaPntCFMe4NCS0YcvqcjNVwUR0DJZIf5W2cN1P8DPQGMKg-yBtYL3tXSghoXt6vBV8J4CUizgcbIMdp3tQfJGtkh1f4Gd2VZ5tE27i3TGBl-lrCXPR8GT4AwGmP4hUhkkBqAQB96ONYDymgGbwBzy-b2e9axXKsJinoDMJd7s-WHfml5orUSoQSYlpt-zaV2qEpo8SnIyWMm-i7C3UgeVBXuZnMPxYd7bP1UKcHfkkx9USvgnE-uZmMALA.bMTNnknrrouYg0JX7vQCuo4FqEjkVIOPPdnTfoucQxY&dib_tag=se&keywords=Nescafe+coffee+powder&nsdOptOutParam=true&qid=1789844083&sr=8-123,B0F4NQZ8LK,Nescafe,Nescafe coffee powder,,,,
Sunrise Instant Coffee Powder by Nescafe | Rich Aroma for the perfect start to your day | Coffee + Sunrise Instant Coffee Powder by Nescafe | Strong Taste for the perfect start to your day |,https://m.media-amazon.com/images/I/51Gd6LFJGLL._AC_UL960_FMwebp_QL65_.jpg,295.0,,,https://www.amazon.in/Sunrise-Instant-Coffee-Nescafe-perfect/dp/B0H1151J4C/ref=sr_1_129?dib=eyJ2IjoiMSJ9.BGDLnNF2DnN9oAZo3R3jF0k06x1QP6RXhDBm7jJ4aO_w88qpRYaPntCFMe4NCS0YcvqcjNVwUR0DJZIf5W2cN1P8DPQGMKg-yBtYL3tXSghoXt6vBV8J4CUizgcbIMdp3tQfJGtkh1f4Gd2VZ5tE27i3TGBl-lrCXPR8GT4AwGmP4hUhkkBqAQB96ONYDymgGbwBzy-b2e9axXKsJinoDMJd7s-WHfml5orUSoQSYlpt-zaV2qEpo8SnIyWMm-i7C3UgeVBXuZnMPxYd7bP1UKcHfkkx9USvgnE-uZmMALA.bMTNnknrrouYg0JX7vQCuo4FqEjkVIOPPdnTfoucQxY&dib_tag=se&keywords=Nescafe+coffee+powder&nsdOptOutParam=true&qid=1789844083&sr=8-129,B0H1151J4C,Nescafe,Nescafe coffee powder,,,,
"NESCAFÉ Mocha Double Chocolate Instant Coffee 7 Sachets, 100percent Responsibly Sourced Coffee Pack of 1 by febora foods",https://m.media-amazon.com/images/I/81xYrd8AbaL._AC_UL960_FMwebp_QL65_.jpg,578.88,4.6,465.0,https://www.amazon.in/NESCAF%C3%89-Chocolate-Instant-100percent-Responsibly/dp/B0F4NR9B3Q/ref=sr_1_140?dib=eyJ2IjoiMSJ9.BGDLnNF2DnN9oAZo3R3jF0k06x1QP6RXhDBm7jJ4aO_w88qpRYaPntCFMe4NCS0YcvqcjNVwUR0DJZIf5W2cN1P8DPQGMKg-yBtYL3tXSghoXt6vBV8J4CUizgcbIMdp3tQfJGtkh1f4Gd2VZ5tE27i3TGBl-lrCXPR8GT4AwGmP4hUhkkBqAQB96ONYDymgGbwBzy-b2e9axXKsJinoDMJd7s-WHfml5orUSoQSYlpt-zaV2qEpo8SnIyWMm-i7C3UgeVBXuZnMPxYd7bP1UKcHfkkx9USvgnE-uZmMALA.bMTNnknrrouYg0JX7vQCuo4FqEjkVIOPPdnTfoucQxY&dib_tag=se&keywords=Nescafe+coffee+powder&nsdOptOutParam=true&qid=1789844083&sr=8-140,B0F4NR9B3Q,Nescafe,Nescafe coffee powder,,,,
"Nescafe Gold Creamy Latte Coffee 12 Sticks (12 X 33g), 396g",https://m.media-amazon.com/images/I/71Er18pJ84L._AC_UL960_FMwebp_QL65_.jpg,499.0,3.8,385.0,https://www.amazon.in/Nescafe-Creamy-Latte-Coffee-Sticks/dp/B07LDCR3XT/ref=sr_1_123?dib=eyJ2IjoiMSJ9.rRPF-V3FHDMOjuILbx2KQfipwCoKslsIMIAyfbxr_-qGU4nKyGswv94cGwWrWkeONNxTLdTnbDpZlLUJpVOvm-u-qfk7-_7tSBXk4CZhWvBJZbPAA02zGX6UJ2gylmTGt077f7TkwMa0NG9eplDX1OLOHc98_OpphibTNZxWt3sBLd8ot-F_xZVmcFBblrThxfqaFj-vyzk_5qqRn4_xvM-_mppeLotXdE_SsoSRpcrj5-DCU97AFVWQ1EG6wx9UcK5ee5ZyHSnwd86bQKS1ZFoSgYMdMQcB3XzueOfuc-8.z16Vfsbus1GR8pBt_CV56DTZDTFMZdN3nLgOBiGgvG8&dib_tag=se&keywords=Nescafe+Gold+coffee+powder&nsdOptOutParam=true&qid=1789844057&sr=8-123,B07LDCR3XT,Nescafe Gold,Nescafe Gold coffee powder,396.0,33.0,,1.26
"Nescafe Gold Decaf Cappuccino Pouch, 6 X 120 g",https://m.media-amazon.com/images/I/71EjMBeu1mL._AC_UL960_FMwebp_QL65_.jpg,1499.0,4.6,465.0,https://www.amazon.in/NESCAF%C3%89-Gold-Cappuccino-Decaf-Sachets/dp/B00JFLM97W/ref=sr_1_84?dib=eyJ2IjoiMSJ9.lXG0xmhOan_uebdSEzJrDz1rQOIFwC2dT20ekonnd8c6Vh7pHODM2fwXzKeZXE4c0xRjM_7ygpb7LY9kEca21uYzFcip1zmxgSxQb4iWqIwWjkkMotU88hbmtxAEXbNQlIenOqM0BFIArWInIgl7HrwuU9A4H2AFuHoI5cHZGYJxi7qnv_JzEaTjtKTos0X2ztMtjCzmPmkB32_vfwEguqh44vo8a2yu4FCPfwS7arjcToolWJHpN94O2Cb6bORp6PGin3c4hH4BsT9WhaW3Jc6oIwi1yT2L5POm3TaVVh4.RRXx3XpTaVQRWTnL6d5gjSf9mTIP9Uz1B-KL8Y-57mw&dib_tag=se&keywords=Nescafe+Gold+coffee+powder&nsdOptOutParam=true&qid=1789844052&sr=8-84,B00JFLM97W,Nescafe Gold,Nescafe Gold coffee powder,720.0,120.0,6.0,2.08
"Nescafe Gold Mocha, 176 g",https://m.media-amazon.com/images/I/61NUT86NwNL._AC_UL960_FMwebp_QL65_.jpg,429.0,3.5,355.0,https://www.amazon.in/Nescafe-Cafe-Menu-Mocha-Pack/dp/B00J7QW790/ref=sr_1_79?dib=eyJ2IjoiMSJ9.lXG0xmhOan_uebdSEzJrDz1rQOIFwC2dT20ekonnd8c6Vh7pHODM2fwXzKeZXE4c0xRjM_7ygpb7LY9kEca21uYzFcip1zmxgSxQb4iWqIwWjkkMotU88hbmtxAEXbNQlIenOqM0BFIArWInIgl7HrwuU9A4H2AFuHoI5cHZGYJxi7qnv_JzEaTjtKTos0X2ztMtjCzmPmkB32_vfwEguqh44vo8a2yu4FCPfwS7arjcToolWJHpN94O2Cb6bORp6PGin3c4hH4BsT9WhaW3Jc6oIwi1yT2L5POm3TaVVh4.RRXx3XpTaVQRWTnL6d5gjSf9mTIP9Uz1B-KL8Y-57mw&dib_tag=se&keywords=Nescafe+Gold+coffee+powder&nsdOptOutParam=true&qid=1789844052&sr=8-79,B00J7QW790,Nescafe Gold,Nescafe Gold coffee powder,176.0,176.0,,2.44
"NESCAFÉ Gold 3 in 1 Dark Latte Instant Coffee Mix – 12 Sachets (34g Each) 408g Bag, Strong & Intense – Rich Creamy Latte Premix with Bold Coffee Flavor – Convenient Single Serve Sachets for Home, Office & Travel, By COUGAR – (Imported-MALAYSIA)",https://m.media-amazon.com/images/I/61QF8pMxW0L._AC_UL960_FMwebp_QL65_.jpg,999.0,,,https://www.amazon.in/NESCAF%C3%89-Latte-Instant-Coffee-MALAYSIA/dp/B0GPJ7YQSF/ref=sr_1_96?dib=eyJ2IjoiMSJ9.lXG0xmhOan_uebdSEzJrDz1rQOIFwC2dT20ekonnd8c6Vh7pHODM2fwXzKeZXE4c0xRjM_7ygpb7LY9kEca21uYzFcip1zmxgSxQb4iWqIwWjkkMotU88hbmtxAEXbNQlIenOqM0BFIArWInIgl7HrwuU9A4H2AFuHoI5cHZGYJxi7qnv_JzEaTjtKTos0X2ztMtjCzmPmkB32_vfwEguqh44vo8a2yu4FCPfwS7arjcToolWJHpN94O2Cb6bORp6PGin3c4hH4BsT9WhaW3Jc6oIwi1yT2L5POm3TaVVh4.RRXx3XpTaVQRWTnL6d5gjSf9mTIP9Uz1B-KL8Y-57mw&dib_tag=se&keywords=Nescafe+Gold+coffee+powder&nsdOptOutParam=true&qid=1789844052&sr=8-96,B0GPJ7YQSF,Nescafe Gold,Nescafe Gold coffee powder,408.0,34.0,,2.45
"Nescafe Gold, Creamy Latte, Coffee, 372 g",https://m.media-amazon.com/images/I/61rwW8pPk-L._AC_UL960_FMwebp_QL65_.jpg,998.0,3.8,385.0,https://www.amazon.in/Nescafe-Gold-Creamy-Latte-Coffee/dp/B0883SK2F4/ref=sr_1_93?dib=eyJ2IjoiMSJ9.lXG0xmhOan_uebdSEzJrDz1rQOIFwC2dT20ekonnd8c6Vh7pHODM2fwXzKeZXE4c0xRjM_7ygpb7LY9kEca21uYzFcip1zmxgSxQb4iWqIwWjkkMotU88hbmtxAEXbNQlIenOqM0BFIArWInIgl7HrwuU9A4H2AFuHoI5cHZGYJxi7qnv_JzEaTjtKTos0X2ztMtjCzmPmkB32_vfwEguqh44vo8a2yu4FCPfwS7arjcToolWJHpN94O2Cb6bORp6PGin3c4hH4BsT9WhaW3Jc6oIwi1yT2L5POm3TaVVh4.RRXx3XpTaVQRWTnL6d5gjSf9mTIP9Uz1B-KL8Y-57mw&dib_tag=se&keywords=Nescafe+Gold+coffee+powder&nsdOptOutParam=true&qid=1789844052&sr=8-93,B0883SK2F4,Nescafe Gold,Nescafe Gold coffee powder,372.0,372.0,,2.68
"Nescafe Gold Double Choc Mocha - 2 Pack Pouch, 2 x 184 g",https://m.media-amazon.com/images/I/719bu9gdX-L._AC_UL960_FMwebp_QL65_.jpg,990.0,4.2,425.0,https://www.amazon.in/Nescafe-Gold-Double-Choc-Mocha/dp/B083T3VFP8/ref=sr_1_92_mod_primary_new?dib=eyJ2IjoiMSJ9.lXG0xmhOan_uebdSEzJrDz1rQOIFwC2dT20ekonnd8c6Vh7pHODM2fwXzKeZXE4c0xRjM_7ygpb7LY9kEca21uYzFcip1zmxgSxQb4iWqIwWjkkMotU88hbmtxAEXbNQlIenOqM0BFIArWInIgl7HrwuU9A4H2AFuHoI5cHZGYJxi7qnv_JzEaTjtKTos0X2ztMtjCzmPmkB32_vfwEguqh44vo8a2yu4FCPfwS7arjcToolWJHpN94O2Cb6bORp6PGin3c4hH4BsT9WhaW3Jc6oIwi1yT2L5POm3TaVVh4.RRXx3XpTaVQRWTnL6d5gjSf9mTIP9Uz1B-KL8Y-57mw&dib_tag=se&keywords=Nescafe+Gold+coffee+powder&nsdOptOutParam=true&qid=1789844052&sbo=RZvfv%2F%2FHxDF%2BO5021pAnSA%3D%3D&sr=8-92,B083T3VFP8,Nescafe Gold,Nescafe Gold coffee powder,368.0,184.0,2.0,2.69
"Nescafe Gold Cappuccino - 2 Pack Pouch, 2 x 136 g",https://m.media-amazon.com/images/I/71XGny7vVHL._AC_UL960_FMwebp_QL65_.jpg,745.0,3.3,335.0,https://www.amazon.in/Nescafe-Gold-Cappuccino-Pack-Pouch/dp/B083T45HPD/ref=sr_1_100?dib=eyJ2IjoiMSJ9.rRPF-V3FHDMOjuILbx2KQfipwCoKslsIMIAyfbxr_-qGU4nKyGswv94cGwWrWkeONNxTLdTnbDpZlLUJpVOvm-u-qfk7-_7tSBXk4CZhWvBJZbPAA02zGX6UJ2gylmTGt077f7TkwMa0NG9eplDX1OLOHc98_OpphibTNZxWt3sBLd8ot-F_xZVmcFBblrThxfqaFj-vyzk_5qqRn4_xvM-_mppeLotXdE_SsoSRpcrj5-DCU97AFVWQ1EG6wx9UcK5ee5ZyHSnwd86bQKS1ZFoSgYMdMQcB3XzueOfuc-8.z16Vfsbus1GR8pBt_CV56DTZDTFMZdN3nLgOBiGgvG8&dib_tag=se&keywords=Nescafe+Gold+coffee+powder&nsdOptOutParam=true&qid=1789844057&sr=8-100,B083T45HPD,Nescafe Gold,Nescafe Gold coffee powder,272.0,136.0,2.0,2.74
"Nescafe Gold Decaf Cappuccino Unsweetened Coffee, 120 g",https://m.media-amazon.com/images/I/71uW+uDRarL._AC_UL960_FMwebp_QL65_.jpg,375.0,4.3,435.0,https://www.amazon.in/Nescafe-Gold-Decaffeinated-Cappuccino-Unsweetened/dp/B07NMKHDTL/ref=sr_1_108?dib=eyJ2IjoiMSJ9.rRPF-V3FHDMOjuILbx2KQfipwCoKslsIMIAyfbxr_-qGU4nKyGswv94cGwWrWkeONNxTLdTnbDpZlLUJpVOvm-u-qfk7-_7tSBXk4CZhWvBJZbPAA02zGX6UJ2gylmTGt077f7TkwMa0NG9eplDX1OLOHc98_OpphibTNZxWt3sBLd8ot-F_xZVmcFBblrThxfqaFj-vyzk_5qqRn4_xvM-_mppeLotXdE_SsoSRpcrj5-DCU97AFVWQ1EG6wx9UcK5ee5ZyHSnwd86bQKS1ZFoSgYMdMQcB3XzueOfuc-8.z16Vfsbus1GR8pBt_CV56DTZDTFMZdN3nLgOBiGgvG8&dib_tag=se&keywords=Nescafe+Gold+coffee+powder&nsdOptOutParam=true&qid=1789844057&sr=8-108,B07NMKHDTL,Nescafe Gold,Nescafe Gold coffee powder,120.0,120.0,,3.12
"Nescafe Gold Double Choc Mocha Powder Pouch, 184 gram, Bag",https://m.media-amazon.com/images/I/712N+N2WdoL._AC_UL960_FMwebp_QL65_.jpg,649.0,4.1,415.0,https://www.amazon.in/Nescafe-Gold-Double-Choca-Mocha/dp/B00J7QWAEC/ref=sr_1_75_mod_primary_new?dib=eyJ2IjoiMSJ9.lXG0xmhOan_uebdSEzJrDz1rQOIFwC2dT20ekonnd8c6Vh7pHODM2fwXzKeZXE4c0xRjM_7ygpb7LY9kEca21uYzFcip1zmxgSxQb4iWqIwWjkkMotU88hbmtxAEXbNQlIenOqM0BFIArWInIgl7HrwuU9A4H2AFuHoI5cHZGYJxi7qnv_JzEaTjtKTos0X2ztMtjCzmPmkB32_vfwEguqh44vo8a2yu4FCPfwS7arjcToolWJHpN94O2Cb6bORp6PGin3c4hH4BsT9WhaW3Jc6oIwi1yT2L5POm3TaVVh4.RRXx3XpTaVQRWTnL6d5gjSf9mTIP9Uz1B-KL8Y-57mw&dib_tag=se&keywords=Nescafe+Gold+coffee+powder&nsdOptOutParam=true&qid=1789844052&sbo=RZvfv%2F%2FHxDF%2BO5021pAnSA%3D%3D&sr=8-75,B00J7QWAEC,Nescafe Gold,Nescafe Gold coffee powder,184.0,184.0,,3.53
"Nescafe Gold Caramel Latte, 17G X 8, Powder, Box, 136 Gram",https://m.media-amazon.com/images/I/71Vomd-WlkL._AC_UL960_FMwebp_QL65_.jpg,488.0,4.0,405.0,https://www.amazon.in/Nescafe-Gold-Caramel-Latte-136g/dp/B06WD69MSK/ref=sr_1_68_mod_primary_new?dib=eyJ2IjoiMSJ9.lXG0xmhOan_uebdSEzJrDz1rQOIFwC2dT20ekonnd8c6Vh7pHODM2fwXzKeZXE4c0xRjM_7ygpb7LY9kEca21uYzFcip1zmxgSxQb4iWqIwWjkkMotU88hbmtxAEXbNQlIenOqM0BFIArWInIgl7HrwuU9A4H2AFuHoI5cHZGYJxi7qnv_JzEaTjtKTos0X2ztMtjCzmPmkB32_vfwEguqh44vo8a2yu4FCPfwS7arjcToolWJHpN94O2Cb6bORp6PGin3c4hH4BsT9WhaW3Jc6oIwi1yT2L5POm3TaVVh4.RRXx3XpTaVQRWTnL6d5gjSf9mTIP9Uz1B-KL8Y-57mw&dib_tag=se&keywords=Nescafe+Gold+coffee+powder&nsdOptOutParam=true&qid=1789844052&sbo=RZvfv%2F%2FHxDF%2BO5021pAnSA%3D%3D&sr=8-68,B06WD69MSK,Nescafe Gold,Nescafe Gold coffee powder,136.0,17.0,8.0,3.59
"Nescafe Gold Cappuccino Pouch, 136 Gram| Powder",https://m.media-amazon.com/images/I/71jULJAzr9L._AC_UL960_FMwebp_QL65_.jpg,498.0,4.0,405.0,https://www.amazon.in/Nescafe-Gold-Cappuccino-Pouch-136/dp/B083T3HZWF/ref=sr_1_63?dib=eyJ2IjoiMSJ9.lXG0xmhOan_uebdSEzJrDz1rQOIFwC2dT20ekonnd8c6Vh7pHODM2fwXzKeZXE4c0xRjM_7ygpb7LY9kEca21uYzFcip1zmxgSxQb4iWqIwWjkkMotU88hbmtxAEXbNQlIenOqM0BFIArWInIgl7HrwuU9A4H2AFuHoI5cHZGYJxi7qnv_JzEaTjtKTos0X2ztMtjCzmPmkB32_vfwEguqh44vo8a2yu4FCPfwS7arjcToolWJHpN94O2Cb6bORp6PGin3c4hH4BsT9WhaW3Jc6oIwi1yT2L5POm3TaVVh4.RRXx3XpTaVQRWTnL6d5gjSf9mTIP9Uz1B-KL8Y-57mw&dib_tag=se&keywords=Nescafe+Gold+coffee+powder&nsdOptOutParam=true&qid=1789844052&sr=8-63,B083T3HZWF,Nescafe Gold,Nescafe Gold coffee powder,136.0,136.0,,3.66
"Nescafe Gold Cappuccino Unsweetened Taste Sachet Powder, 113.6 Grams",https://m.media-amazon.com/images/I/61xyTfBgMrL._AC_UL960_FMwebp_QL65_.jpg,500.0,4.4,445.0,https://www.amazon.in/Nescafe-Cappuccino-Unsweetened-Taste-113-6/dp/B08SXW9D3Z/ref=sr_1_42?dib=eyJ2IjoiMSJ9.7IcXSoLI4U1ezNd5dZMjcelVDTivddKeyA6TJ0mswAfSZCoHiWbAvdQpUiml6MbYFKvB1KvYZUSLkLrHZmTO6YnIx3mpoPvHG1oNS4j-VXlSiGWrJnrazee8GM_Z-U8T4I8QmHV3217bznVMki_kS1TocyGdG4ErOzBn0iGwyIZ-mmJTcmiaOej4Iww8_ylEj5KUM3Qaf5J26Agz5jes5HYIbpefLRYjHCUIoiiaepStYczgaCsArho8rVwbVOkykJ_2o1YIYDP_T39qRyQAeScxDoJ_r16OjVxCoBRsaNc._9BcdWuvk2C0yicIbsz-jRUQThEIa0XDsdp6eVH2u2E&dib_tag=se&keywords=Nescafe+Gold+coffee+powder&nsdOptOutParam=true&qid=1789844044&sr=8-42,B08SXW9D3Z,Nescafe Gold,Nescafe Gold coffee powder,113.6,113.6,,4.4
"Nescafe Gold Caramel Latte, 136 g",https://m.media-amazon.com/images/I/51gMLAFXM9L._AC_UL960_FMwebp_QL65_.jpg,599.0,4.2,425.0,https://www.amazon.in/Nescafe-Cafe-Menu-Latte-Caramel/dp/B00J7QW6TQ/ref=sr_1_80?dib=eyJ2IjoiMSJ9.lXG0xmhOan_uebdSEzJrDz1rQOIFwC2dT20ekonnd8c6Vh7pHODM2fwXzKeZXE4c0xRjM_7ygpb7LY9kEca21uYzFcip1zmxgSxQb4iWqIwWjkkMotU88hbmtxAEXbNQlIenOqM0BFIArWInIgl7HrwuU9A4H2AFuHoI5cHZGYJxi7qnv_JzEaTjtKTos0X2ztMtjCzmPmkB32_vfwEguqh44vo8a2yu4FCPfwS7arjcToolWJHpN94O2Cb6bORp6PGin3c4hH4BsT9WhaW3Jc6oIwi1yT2L5POm3TaVVh4.RRXx3XpTaVQRWTnL6d5gjSf9mTIP9Uz1B-KL8Y-57mw&dib_tag=se&keywords=Nescafe+Gold+coffee+powder&nsdOptOutParam=true&qid=1789844052&sr=8-80,B00J7QW6TQ,Nescafe Gold,Nescafe Gold coffee powder,136.0,136.0,,4.4
"Nescafe Gold Original Powder 190 Gram, Glass Bottle",https://m.media-amazon.com/images/I/51oXEeme9iS._AC_UL960_FMwebp_QL65_.jpg,899.0,4.4,445.0,https://www.amazon.in/Nestle-Nescafe-Gold-Original-190g/dp/B09PYVRCGG/ref=sr_1_3?dib=eyJ2IjoiMSJ9.7IcXSoLI4U1ezNd5dZMjcelVDTivddKeyA6TJ0mswAfSZCoHiWbAvdQpUiml6MbYFKvB1KvYZUSLkLrHZmTO6YnIx3mpoPvHG1oNS4j-VXlSiGWrJnrazee8GM_Z-U8T4I8QmHV3217bznVMki_kS1TocyGdG4ErOzBn0iGwyIZ-mmJTcmiaOej4Iww8_ylEj5KUM3Qaf5J26Agz5jes5HYIbpefLRYjHCUIoiiaepStYczgaCsArho8rVwbVOkykJ_2o1YIYDP_T39qRyQAeScxDoJ_r16OjVxCoBRsaNc._9BcdWuvk2C0yicIbsz-jRUQThEIa0XDsdp6eVH2u2E&dib_tag=se&keywords=Nescafe+Gold+coffee+powder&nsdOptOutParam=true&qid=1789844044&sr=8-3,B09PYVRCGG,Nescafe Gold,Nescafe Gold coffee powder,190.0,190.0,,4.73
Nescafe Gold Dark Roast Instant Soluble Coffee By Savoy impex 190g,https://m.media-amazon.com/images/I/71RJPeqCwZL._AC_UL960_FMwebp_QL65_.jpg,905.0,4.5,455.0,https://www.amazon.in/Nescafe-Roast-Instant-Soluble-Coffee/dp/B0B5XGM32Z/ref=sr_1_8?dib=eyJ2IjoiMSJ9.7IcXSoLI4U1ezNd5dZMjcelVDTivddKeyA6TJ0mswAfSZCoHiWbAvdQpUiml6MbYFKvB1KvYZUSLkLrHZmTO6YnIx3mpoPvHG1oNS4j-VXlSiGWrJnrazee8GM_Z-U8T4I8QmHV3217bznVMki_kS1TocyGdG4ErOzBn0iGwyIZ-mmJTcmiaOej4Iww8_ylEj5KUM3Qaf5J26Agz5jes5HYIbpefLRYjHCUIoiiaepStYczgaCsArho8rVwbVOkykJ_2o1YIYDP_T39qRyQAeScxDoJ_r16OjVxCoBRsaNc._9BcdWuvk2C0yicIbsz-jRUQThEIa0XDsdp6eVH2u2E&dib_tag=se&keywords=Nescafe+Gold+coffee+powder&nsdOptOutParam=true&qid=1789844044&sr=8-8,B0B5XGM32Z,Nescafe Gold,Nescafe Gold coffee powder,190.0,190.0,,4.76
"Nescafé Gold Deluxe Instant Coffee, By Febora, 200g | Smooth & Refined, Carefully Roasted, Rich Aroma, Glass Jar, Instant ...",https://m.media-amazon.com/images/I/415+pcBvteL._AC_UL960_FMwebp_QL65_.jpg,975.0,,,https://www.amazon.in/Nescaf%C3%A9-Deluxe-Instant-Coffee-Febora/dp/B0HHX3QT6J/ref=sr_1_21?dib=eyJ2IjoiMSJ9.7IcXSoLI4U1ezNd5dZMjcelVDTivddKeyA6TJ0mswAfSZCoHiWbAvdQpUiml6MbYFKvB1KvYZUSLkLrHZmTO6YnIx3mpoPvHG1oNS4j-VXlSiGWrJnrazee8GM_Z-U8T4I8QmHV3217bznVMki_kS1TocyGdG4ErOzBn0iGwyIZ-mmJTcmiaOej4Iww8_ylEj5KUM3Qaf5J26Agz5jes5HYIbpefLRYjHCUIoiiaepStYczgaCsArho8rVwbVOkykJ_2o1YIYDP_T39qRyQAeScxDoJ_r16OjVxCoBRsaNc._9BcdWuvk2C0yicIbsz-jRUQThEIa0XDsdp6eVH2u2E&dib_tag=se&keywords=Nescafe+Gold+coffee+powder&nsdOptOutParam=true&qid=1789844044&sr=8-21,B0HHX3QT6J,Nescafe Gold,Nescafe Gold coffee powder,200.0,200.0,,4.88
"Nescafe Gold Blend Instant Coffee Powder, 200 Grams Eden Jar",https://m.media-amazon.com/images/I/71WaT6JvKwL._AC_UL960_FMwebp_QL65_.jpg,995.0,4.4,445.0,https://www.amazon.in/Nescafe-Blend-Instant-Coffee-Powder/dp/B00MNAGUGS/ref=sr_1_32?dib=eyJ2IjoiMSJ9.j6Q_oSOX9yuabRURQeFKcXYoQV-TPdGVBI_i_33taGZ7F_xNPCLNul8BNTjmZXMDXoGFLGMaWd9_XZ8Wtd3dJsv8v-W9LUi5HBkrJ3Ku5eTh9J_M7tMDOKOBWYQud6h52dkZTiLHsL3b3PuOqVBkMnE-lnTsdR4yd_ku17ANHwjFOJIXBddcXW4iAu16Bg3c5-LhMEkH5Eo_OudE06VjSYENkbN6QaKvvk6NK35TtbLrMlsDg2qv4eqs38LbyuAtfBFhgQqWTQKf0ine10bxPMvcDE3hJ1bix0L3TH1N79g.74jlGujipnVyzveGZ9hmEj7HeGw1EoqO6EOqZvj0BR0&dib_tag=se&keywords=Nescafe+coffee+powder&nsdOptOutParam=true&qid=1789844069&sr=8-32,B00MNAGUGS,Nescafe Gold,Nescafe coffee powder,200.0,200.0,,4.97
"Nescafe Gold Instant Coffee, Rich and Fragrant, By febora, Intensity Level 7, Glass Jar, 190g",https://m.media-amazon.com/images/I/51oXEeme9iS._AC_UL960_FMwebp_QL65_.jpg,949.0,4.3,435.0,https://www.amazon.in/Nescafe-Instant-Coffee-Fragrant-Intensity/dp/B0GY5H4DRH/ref=sr_1_12?dib=eyJ2IjoiMSJ9.7IcXSoLI4U1ezNd5dZMjcelVDTivddKeyA6TJ0mswAfSZCoHiWbAvdQpUiml6MbYFKvB1KvYZUSLkLrHZmTO6YnIx3mpoPvHG1oNS4j-VXlSiGWrJnrazee8GM_Z-U8T4I8QmHV3217bznVMki_kS1TocyGdG4ErOzBn0iGwyIZ-mmJTcmiaOej4Iww8_ylEj5KUM3Qaf5J26Agz5jes5HYIbpefLRYjHCUIoiiaepStYczgaCsArho8rVwbVOkykJ_2o1YIYDP_T39qRyQAeScxDoJ_r16OjVxCoBRsaNc._9BcdWuvk2C0yicIbsz-jRUQThEIa0XDsdp6eVH2u2E&dib_tag=se&keywords=Nescafe+Gold+coffee+powder&nsdOptOutParam=true&qid=1789844044&sr=8-12,B0GY5H4DRH,Nescafe Gold,Nescafe Gold coffee powder,190.0,190.0,,4.99
"Nescafe Gold Blend Rich and Smooth Instant Coffee Powder, 200g Jar",https://m.media-amazon.com/images/I/51LBsd6JYJL._AC_UL960_FMwebp_QL65_.jpg,999.0,4.5,455.0,https://www.amazon.in/Nescafe-Smooth-Instant-Coffee-Powder/dp/B0CND3CW64/ref=sr_1_4?dib=eyJ2IjoiMSJ9.7IcXSoLI4U1ezNd5dZMjcelVDTivddKeyA6TJ0mswAfSZCoHiWbAvdQpUiml6MbYFKvB1KvYZUSLkLrHZmTO6YnIx3mpoPvHG1oNS4j-VXlSiGWrJnrazee8GM_Z-U8T4I8QmHV3217bznVMki_kS1TocyGdG4ErOzBn0iGwyIZ-mmJTcmiaOej4Iww8_ylEj5KUM3Qaf5J26Agz5jes5HYIbpefLRYjHCUIoiiaepStYczgaCsArho8rVwbVOkykJ_2o1YIYDP_T39qRyQAeScxDoJ_r16OjVxCoBRsaNc._9BcdWuvk2C0yicIbsz-jRUQThEIa0XDsdp6eVH2u2E&dib_tag=se&keywords=Nescafe+Gold+coffee+powder&nsdOptOutParam=true&qid=1789844044&sr=8-4,B0CND3CW64,Nescafe Gold,Nescafe Gold coffee powder,200.0,200.0,,5.0
"Nescafe gold Rich and Smooth Blend Powder Coffee 190 gm - Pack of 2, Jar",https://m.media-amazon.com/images/I/61ZRYK+4nUL._AC_UL960_FMwebp_QL65_.jpg,1945.0,4.5,455.0,https://www.amazon.in/Nescafe-gold-Rich-Smooth-Blend/dp/B08WHVG1SM/ref=sr_1_14?dib=eyJ2IjoiMSJ9.7IcXSoLI4U1ezNd5dZMjcelVDTivddKeyA6TJ0mswAfSZCoHiWbAvdQpUiml6MbYFKvB1KvYZUSLkLrHZmTO6YnIx3mpoPvHG1oNS4j-VXlSiGWrJnrazee8GM_Z-U8T4I8QmHV3217bznVMki_kS1TocyGdG4ErOzBn0iGwyIZ-mmJTcmiaOej4Iww8_ylEj5KUM3Qaf5J26Agz5jes5HYIbpefLRYjHCUIoiiaepStYczgaCsArho8rVwbVOkykJ_2o1YIYDP_T39qRyQAeScxDoJ_r16OjVxCoBRsaNc._9BcdWuvk2C0yicIbsz-jRUQThEIa0XDsdp6eVH2u2E&dib_tag=se&keywords=Nescafe+Gold+coffee+powder&nsdOptOutParam=true&qid=1789844044&sr=8-14,B08WHVG1SM,Nescafe Gold,Nescafe Gold coffee powder,380.0,190.0,2.0,5.12
NESCAFÉ Gold - Premium Instant Coffee (6 x 190g) By COUGAR | Rich Velvety Aroma with Finely Roasted Arabica Coffee | Smooth Instant Coffee Powder – (Imported),https://m.media-amazon.com/images/I/81LOId4wYVL._AC_UL960_FMwebp_QL65_.jpg,5849.0,4.6,465.0,https://www.amazon.in/NESCAF%C3%89-Gold-Premium-Instant-Velvety/dp/B07C9JJ1C9/ref=sr_1_35?dib=eyJ2IjoiMSJ9.7IcXSoLI4U1ezNd5dZMjcelVDTivddKeyA6TJ0mswAfSZCoHiWbAvdQpUiml6MbYFKvB1KvYZUSLkLrHZmTO6YnIx3mpoPvHG1oNS4j-VXlSiGWrJnrazee8GM_Z-U8T4I8QmHV3217bznVMki_kS1TocyGdG4ErOzBn0iGwyIZ-mmJTcmiaOej4Iww8_ylEj5KUM3Qaf5J26Agz5jes5HYIbpefLRYjHCUIoiiaepStYczgaCsArho8rVwbVOkykJ_2o1YIYDP_T39qRyQAeScxDoJ_r16OjVxCoBRsaNc._9BcdWuvk2C0yicIbsz-jRUQThEIa0XDsdp6eVH2u2E&dib_tag=se&keywords=Nescafe+Gold+coffee+powder&nsdOptOutParam=true&qid=1789844044&sr=8-35,B07C9JJ1C9,Nescafe Gold,Nescafe Gold coffee powder,1140.0,190.0,6.0,5.13
NESCAFÉ Gold - Premium Instant Coffee (190g) By COUGAR | Rich Aroma & Smooth Taste with Golden Roasted Arabica | Instant Coffee Powder | Perfect for Hot Coffee & Café Style Drinks – (Imported),https://m.media-amazon.com/images/I/61D7pMDlWOL._AC_UL960_FMwebp_QL65_.jpg,979.0,4.4,445.0,https://www.amazon.in/NESCAF%C3%89-Gold-Premium-Instant-Roasted/dp/B0CTML6CRZ/ref=sr_1_24?dib=eyJ2IjoiMSJ9.7IcXSoLI4U1ezNd5dZMjcelVDTivddKeyA6TJ0mswAfSZCoHiWbAvdQpUiml6MbYFKvB1KvYZUSLkLrHZmTO6YnIx3mpoPvHG1oNS4j-VXlSiGWrJnrazee8GM_Z-U8T4I8QmHV3217bznVMki_kS1TocyGdG4ErOzBn0iGwyIZ-mmJTcmiaOej4Iww8_ylEj5KUM3Qaf5J26Agz5jes5HYIbpefLRYjHCUIoiiaepStYczgaCsArho8rVwbVOkykJ_2o1YIYDP_T39qRyQAeScxDoJ_r16OjVxCoBRsaNc._9BcdWuvk2C0yicIbsz-jRUQThEIa0XDsdp6eVH2u2E&dib_tag=se&keywords=Nescafe+Gold+coffee+powder&nsdOptOutParam=true&qid=1789844044&sr=8-24,B0CTML6CRZ,Nescafe Gold,Nescafe Gold coffee powder,190.0,190.0,,5.15
NESCAFÉ GOLD - Rich & Aromatic Instant Coffee (Pack Of 6) 190g each By COUGAR | Premium Freeze-Dried Soluble Coffee | Smooth Rich Aroma & Balanced Taste | FREE 6 PRESTIGE PISTACHIO WAFFI BARS INCLUDED | Perfect For Hot & Cold Coffee – (Imported),https://m.media-amazon.com/images/I/71ryyOAOsLL._AC_UL960_FMwebp_QL65_.jpg,5919.0,4.0,405.0,https://www.amazon.in/NESCAF%C3%89-GOLD-Aromatic-Freeze-Dried-PISTACHIO/dp/B0GBXTBXX8/ref=sr_1_46?dib=eyJ2IjoiMSJ9.7IcXSoLI4U1ezNd5dZMjcelVDTivddKeyA6TJ0mswAfSZCoHiWbAvdQpUiml6MbYFKvB1KvYZUSLkLrHZmTO6YnIx3mpoPvHG1oNS4j-VXlSiGWrJnrazee8GM_Z-U8T4I8QmHV3217bznVMki_kS1TocyGdG4ErOzBn0iGwyIZ-mmJTcmiaOej4Iww8_ylEj5KUM3Qaf5J26Agz5jes5HYIbpefLRYjHCUIoiiaepStYczgaCsArho8rVwbVOkykJ_2o1YIYDP_T39qRyQAeScxDoJ_r16OjVxCoBRsaNc._9BcdWuvk2C0yicIbsz-jRUQThEIa0XDsdp6eVH2u2E&dib_tag=se&keywords=Nescafe+Gold+coffee+powder&nsdOptOutParam=true&qid=1789844044&sr=8-46,B0GBXTBXX8,Nescafe Gold,Nescafe Gold coffee powder,1140.0,190.0,6.0,5.19
"NESCAFÉ GOLD Instant Coffee,Fervor Winter Design Edition, Rich Aroma & Smooth Taste, Intensity 7, Golden Roasted Arabica Coffee 190g (Product Of UK)",https://m.media-amazon.com/images/I/51m0DIh2DCL._AC_UL960_FMwebp_QL65_.jpg,989.0,4.4,445.0,https://www.amazon.in/NESCAF%C3%89-Instant-Intensity-Roasted-Arabica/dp/B0151IDKWK/ref=sr_1_18?dib=eyJ2IjoiMSJ9.7IcXSoLI4U1ezNd5dZMjcelVDTivddKeyA6TJ0mswAfSZCoHiWbAvdQpUiml6MbYFKvB1KvYZUSLkLrHZmTO6YnIx3mpoPvHG1oNS4j-VXlSiGWrJnrazee8GM_Z-U8T4I8QmHV3217bznVMki_kS1TocyGdG4ErOzBn0iGwyIZ-mmJTcmiaOej4Iww8_ylEj5KUM3Qaf5J26Agz5jes5HYIbpefLRYjHCUIoiiaepStYczgaCsArho8rVwbVOkykJ_2o1YIYDP_T39qRyQAeScxDoJ_r16OjVxCoBRsaNc._9BcdWuvk2C0yicIbsz-jRUQThEIa0XDsdp6eVH2u2E&dib_tag=se&keywords=Nescafe+Gold+coffee+powder&nsdOptOutParam=true&qid=1789844044&sr=8-18,B0151IDKWK,Nescafe Gold,Nescafe Gold coffee powder,190.0,190.0,,5.21
"NESCAFE Gold Barista Latte Style Instant Coffee, Caramel and Biscuit Flavour, 95g (Product Of United Kingdom) DECADENT FOODS",https://m.media-amazon.com/images/I/51YIygXtkrL._AC_UL960_FMwebp_QL65_.jpg,499.0,5.0,505.0,https://www.amazon.in/NESCAFE-Barista-Instant-Caramel-DECADENT/dp/B0G4JWVFTW/ref=sr_1_74?dib=eyJ2IjoiMSJ9.lXG0xmhOan_uebdSEzJrDz1rQOIFwC2dT20ekonnd8c6Vh7pHODM2fwXzKeZXE4c0xRjM_7ygpb7LY9kEca21uYzFcip1zmxgSxQb4iWqIwWjkkMotU88hbmtxAEXbNQlIenOqM0BFIArWInIgl7HrwuU9A4H2AFuHoI5cHZGYJxi7qnv_JzEaTjtKTos0X2ztMtjCzmPmkB32_vfwEguqh44vo8a2yu4FCPfwS7arjcToolWJHpN94O2Cb6bORp6PGin3c4hH4BsT9WhaW3Jc6oIwi1yT2L5POm3TaVVh4.RRXx3XpTaVQRWTnL6d5gjSf9mTIP9Uz1B-KL8Y-57mw&dib_tag=se&keywords=Nescafe+Gold+coffee+powder&nsdOptOutParam=true&qid=1789844052&sr=8-74,B0G4JWVFTW,Nescafe Gold,Nescafe Gold coffee powder,95.0,95.0,,5.25
NESCAFÉ Gold - Premium Instant Coffee (190g) By COUGAR | Rich Velvety Aroma with Finely Roasted Arabica Coffee | Smooth Instant Coffee Powder – (Imported),https://m.media-amazon.com/images/I/61Amu2xWG5L._AC_UL960_FMwebp_QL65_.jpg,999.0,4.8,485.0,https://www.amazon.in/NESCAF%C3%89-Gold-Premium-Instant-Velvety/dp/B0F67BNWM9/ref=sr_1_15?dib=eyJ2IjoiMSJ9.7IcXSoLI4U1ezNd5dZMjcelVDTivddKeyA6TJ0mswAfSZCoHiWbAvdQpUiml6MbYFKvB1KvYZUSLkLrHZmTO6YnIx3mpoPvHG1oNS4j-VXlSiGWrJnrazee8GM_Z-U8T4I8QmHV3217bznVMki_kS1TocyGdG4ErOzBn0iGwyIZ-mmJTcmiaOej4Iww8_ylEj5KUM3Qaf5J26Agz5jes5HYIbpefLRYjHCUIoiiaepStYczgaCsArho8rVwbVOkykJ_2o1YIYDP_T39qRyQAeScxDoJ_r16OjVxCoBRsaNc._9BcdWuvk2C0yicIbsz-jRUQThEIa0XDsdp6eVH2u2E&dib_tag=se&keywords=Nescafe+Gold+coffee+powder&nsdOptOutParam=true&qid=1789844044&sr=8-15,B0F67BNWM9,Nescafe Gold,Nescafe Gold coffee powder,190.0,190.0,,5.26
NESCAFÉ Gold - Premium Instant Coffee (190g) By COUGAR | Rich Velvety Aroma with Finely Roasted Arabica Coffee | Smooth Instant Coffee Powder – (Imported),https://m.media-amazon.com/images/I/61vAA-AI3uL._AC_UL960_FMwebp_QL65_.jpg,999.0,4.5,455.0,https://www.amazon.in/NESCAF%C3%89-Gold-Premium-Instant-Velvety/dp/B0151IELQY/ref=sr_1_30?dib=eyJ2IjoiMSJ9.7IcXSoLI4U1ezNd5dZMjcelVDTivddKeyA6TJ0mswAfSZCoHiWbAvdQpUiml6MbYFKvB1KvYZUSLkLrHZmTO6YnIx3mpoPvHG1oNS4j-VXlSiGWrJnrazee8GM_Z-U8T4I8QmHV3217bznVMki_kS1TocyGdG4ErOzBn0iGwyIZ-mmJTcmiaOej4Iww8_ylEj5KUM3Qaf5J26Agz5jes5HYIbpefLRYjHCUIoiiaepStYczgaCsArho8rVwbVOkykJ_2o1YIYDP_T39qRyQAeScxDoJ_r16OjVxCoBRsaNc._9BcdWuvk2C0yicIbsz-jRUQThEIa0XDsdp6eVH2u2E&dib_tag=se&keywords=Nescafe+Gold+coffee+powder&nsdOptOutParam=true&qid=1789844044&sr=8-30,B0151IELQY,Nescafe Gold,Nescafe Gold coffee powder,190.0,190.0,,5.26
NESCAFÉ Gold Instant Coffee (190g) Glass Jar By COUGAR | Rich Aroma with Smooth Taste Roasted Arabica Coffee | Smooth Instant Coffee Powder – (Imported),https://m.media-amazon.com/images/I/71DNg5ifIsL._AC_UL960_FMwebp_QL65_.jpg,999.0,4.9,495.0,https://www.amazon.in/NESCAF%C3%89-Instant-Coffee-Roasted-Arabica/dp/B0F2J886BB/ref=sr_1_31?dib=eyJ2IjoiMSJ9.7IcXSoLI4U1ezNd5dZMjcelVDTivddKeyA6TJ0mswAfSZCoHiWbAvdQpUiml6MbYFKvB1KvYZUSLkLrHZmTO6YnIx3mpoPvHG1oNS4j-VXlSiGWrJnrazee8GM_Z-U8T4I8QmHV3217bznVMki_kS1TocyGdG4ErOzBn0iGwyIZ-mmJTcmiaOej4Iww8_ylEj5KUM3Qaf5J26Agz5jes5HYIbpefLRYjHCUIoiiaepStYczgaCsArho8rVwbVOkykJ_2o1YIYDP_T39qRyQAeScxDoJ_r16OjVxCoBRsaNc._9BcdWuvk2C0yicIbsz-jRUQThEIa0XDsdp6eVH2u2E&dib_tag=se&keywords=Nescafe+Gold+coffee+powder&nsdOptOutParam=true&qid=1789844044&sr=8-31,B0F2J886BB,Nescafe Gold,Nescafe Gold coffee powder,190.0,190.0,,5.26
"Nescafe gold Rich and Smooth Blend Powder Coffee 190 gm - Pack of Twin, Jar Fervor",https://m.media-amazon.com/images/I/51oXEeme9iS._AC_UL960_FMwebp_QL65_.jpg,2050.0,5.0,505.0,https://www.amazon.in/Nescafe-Smooth-Blend-Powder-Coffee/dp/B0GVZGBV5B/ref=sr_1_40?dib=eyJ2IjoiMSJ9.7IcXSoLI4U1ezNd5dZMjcelVDTivddKeyA6TJ0mswAfSZCoHiWbAvdQpUiml6MbYFKvB1KvYZUSLkLrHZmTO6YnIx3mpoPvHG1oNS4j-VXlSiGWrJnrazee8GM_Z-U8T4I8QmHV3217bznVMki_kS1TocyGdG4ErOzBn0iGwyIZ-mmJTcmiaOej4Iww8_ylEj5KUM3Qaf5J26Agz5jes5HYIbpefLRYjHCUIoiiaepStYczgaCsArho8rVwbVOkykJ_2o1YIYDP_T39qRyQAeScxDoJ_r16OjVxCoBRsaNc._9BcdWuvk2C0yicIbsz-jRUQThEIa0XDsdp6eVH2u2E&dib_tag=se&keywords=Nescafe+Gold+coffee+powder&nsdOptOutParam=true&qid=1789844044&sr=8-40,B0GVZGBV5B,Nescafe Gold,Nescafe Gold coffee powder,380.0,190.0,2.0,5.39
"Nescafe Gold Instant Coffee, Rich and Fragrant, Intensity Level 7, Glass Jar, by febora foods, Pack of 3 X 190g",https://m.media-amazon.com/images/I/61b9rBsh4eL._AC_UL960_FMwebp_QL65_.jpg,3098.97,3.5,355.0,https://www.amazon.in/Nescafe-Instant-Coffee-Fragrant-Intensity/dp/B0GY5BXP3H/ref=sr_1_26?dib=eyJ2IjoiMSJ9.7IcXSoLI4U1ezNd5dZMjcelVDTivddKeyA6TJ0mswAfSZCoHiWbAvdQpUiml6MbYFKvB1KvYZUSLkLrHZmTO6YnIx3mpoPvHG1oNS4j-VXlSiGWrJnrazee8GM_Z-U8T4I8QmHV3217bznVMki_kS1TocyGdG4ErOzBn0iGwyIZ-mmJTcmiaOej4Iww8_ylEj5KUM3Qaf5J26Agz5jes5HYIbpefLRYjHCUIoiiaepStYczgaCsArho8rVwbVOkykJ_2o1YIYDP_T39qRyQAeScxDoJ_r16OjVxCoBRsaNc._9BcdWuvk2C0yicIbsz-jRUQThEIa0XDsdp6eVH2u2E&dib_tag=se&keywords=Nescafe+Gold+coffee+powder&nsdOptOutParam=true&qid=1789844044&sr=8-26,B0GY5BXP3H,Nescafe Gold,Nescafe Gold coffee powder,570.0,190.0,3.0,5.44
Nescafé Gold Deluxe Instant Coffee | Smooth Arabica Blend | Premium Soluble Coffee | 200g Glass Jar (Pack of 2),https://m.media-amazon.com/images/I/514IOa4jHIL._AC_UL960_FMwebp_QL65_.jpg,2224.0,5.0,505.0,https://www.amazon.in/Nescaf%C3%A9-Instant-Arabica-Premium-Soluble/dp/B0H4CV1R97/ref=sr_1_43?dib=eyJ2IjoiMSJ9.7IcXSoLI4U1ezNd5dZMjcelVDTivddKeyA6TJ0mswAfSZCoHiWbAvdQpUiml6MbYFKvB1KvYZUSLkLrHZmTO6YnIx3mpoPvHG1oNS4j-VXlSiGWrJnrazee8GM_Z-U8T4I8QmHV3217bznVMki_kS1TocyGdG4ErOzBn0iGwyIZ-mmJTcmiaOej4Iww8_ylEj5KUM3Qaf5J26Agz5jes5HYIbpefLRYjHCUIoiiaepStYczgaCsArho8rVwbVOkykJ_2o1YIYDP_T39qRyQAeScxDoJ_r16OjVxCoBRsaNc._9BcdWuvk2C0yicIbsz-jRUQThEIa0XDsdp6eVH2u2E&dib_tag=se&keywords=Nescafe+Gold+coffee+powder&nsdOptOutParam=true&qid=1789844044&sr=8-43,B0H4CV1R97,Nescafe Gold,Nescafe Gold coffee powder,400.0,200.0,2.0,5.56
NESCAFÉ GOLD - Rich & Aromatic Instant Coffee (Pack Of 3) 190g Each By COUGAR | Premium Freeze-Dried Soluble Coffee | Smooth Rich Aroma & Balanced Taste | Perfect For Hot & Cold Coffee | FREE 3 Prestige Wafi – (Imported),https://m.media-amazon.com/images/I/71IB4E+lisL._AC_UL960_FMwebp_QL65_.jpg,3195.0,5.0,505.0,https://www.amazon.in/NESCAF%C3%89-GOLD-Aromatic-Freeze-Dried-PISTACHIO/dp/B0GBYGCGMZ/ref=sr_1_33?dib=eyJ2IjoiMSJ9.7IcXSoLI4U1ezNd5dZMjcelVDTivddKeyA6TJ0mswAfSZCoHiWbAvdQpUiml6MbYFKvB1KvYZUSLkLrHZmTO6YnIx3mpoPvHG1oNS4j-VXlSiGWrJnrazee8GM_Z-U8T4I8QmHV3217bznVMki_kS1TocyGdG4ErOzBn0iGwyIZ-mmJTcmiaOej4Iww8_ylEj5KUM3Qaf5J26Agz5jes5HYIbpefLRYjHCUIoiiaepStYczgaCsArho8rVwbVOkykJ_2o1YIYDP_T39qRyQAeScxDoJ_r16OjVxCoBRsaNc._9BcdWuvk2C0yicIbsz-jRUQThEIa0XDsdp6eVH2u2E&dib_tag=se&keywords=Nescafe+Gold+coffee+powder&nsdOptOutParam=true&qid=1789844044&sr=8-33,B0GBYGCGMZ,Nescafe Gold,Nescafe Gold coffee powder,570.0,190.0,3.0,5.61
NESCAFÉ GOLD - Rich & Aromatic Instant Coffee (Pack Of 2) 190g Each By COUGAR | Premium Freeze-Dried Soluble Coffee | Smooth Rich Aroma & Balanced Taste | FREE 2 PRESTIGE PISTACHIO WAFFI BARS INCLUDED | Perfect For Hot & Cold Coffee – (Imported),https://m.media-amazon.com/images/I/71xfFSIxaZL._AC_UL960_FMwebp_QL65_.jpg,2160.0,4.5,455.0,https://www.amazon.in/NESCAF%C3%89-GOLD-Aromatic-Freeze-Dried-PISTACHIO/dp/B0GBXLVWV7/ref=sr_1_20?dib=eyJ2IjoiMSJ9.7IcXSoLI4U1ezNd5dZMjcelVDTivddKeyA6TJ0mswAfSZCoHiWbAvdQpUiml6MbYFKvB1KvYZUSLkLrHZmTO6YnIx3mpoPvHG1oNS4j-VXlSiGWrJnrazee8GM_Z-U8T4I8QmHV3217bznVMki_kS1TocyGdG4ErOzBn0iGwyIZ-mmJTcmiaOej4Iww8_ylEj5KUM3Qaf5J26Agz5jes5HYIbpefLRYjHCUIoiiaepStYczgaCsArho8rVwbVOkykJ_2o1YIYDP_T39qRyQAeScxDoJ_r16OjVxCoBRsaNc._9BcdWuvk2C0yicIbsz-jRUQThEIa0XDsdp6eVH2u2E&dib_tag=se&keywords=Nescafe+Gold+coffee+powder&nsdOptOutParam=true&qid=1789844044&sr=8-20,B0GBXLVWV7,Nescafe Gold,Nescafe Gold coffee powder,380.0,190.0,2.0,5.68
"Nescafé Gold Blend Instant Coffee, Freeze Dried, Premium Coffee, 200g Jar | Premium Imported Freeze-dried coffee, Rich Aro...",https://m.media-amazon.com/images/I/71v0Vae-CbL._AC_UL960_FMwebp_QL65_.jpg,1191.0,4.5,455.0,https://www.amazon.in/Nescafe-Gold-Smooth-Coffee-Powder/dp/B07K6L3KC6/ref=sr_1_5?dib=eyJ2IjoiMSJ9.7IcXSoLI4U1ezNd5dZMjcelVDTivddKeyA6TJ0mswAfSZCoHiWbAvdQpUiml6MbYFKvB1KvYZUSLkLrHZmTO6YnIx3mpoPvHG1oNS4j-VXlSiGWrJnrazee8GM_Z-U8T4I8QmHV3217bznVMki_kS1TocyGdG4ErOzBn0iGwyIZ-mmJTcmiaOej4Iww8_ylEj5KUM3Qaf5J26Agz5jes5HYIbpefLRYjHCUIoiiaepStYczgaCsArho8rVwbVOkykJ_2o1YIYDP_T39qRyQAeScxDoJ_r16OjVxCoBRsaNc._9BcdWuvk2C0yicIbsz-jRUQThEIa0XDsdp6eVH2u2E&dib_tag=se&keywords=Nescafe+Gold+coffee+powder&nsdOptOutParam=true&qid=1789844044&sr=8-5,B07K6L3KC6,Nescafe Gold,Nescafe Gold coffee powder,200.0,200.0,,5.96
"Nescafe Gold Rich And Smooth Instant Coffee Powder, Jar, 200g (Pack Of 2)",https://m.media-amazon.com/images/I/81qRI9-aAiL._AC_UL960_FMwebp_QL65_.jpg,2382.0,4.5,455.0,https://www.amazon.in/Nescafe-Smooth-Instant-Coffee-Powder/dp/B0CKLPDFNN/ref=sr_1_7?dib=eyJ2IjoiMSJ9.7IcXSoLI4U1ezNd5dZMjcelVDTivddKeyA6TJ0mswAfSZCoHiWbAvdQpUiml6MbYFKvB1KvYZUSLkLrHZmTO6YnIx3mpoPvHG1oNS4j-VXlSiGWrJnrazee8GM_Z-U8T4I8QmHV3217bznVMki_kS1TocyGdG4ErOzBn0iGwyIZ-mmJTcmiaOej4Iww8_ylEj5KUM3Qaf5J26Agz5jes5HYIbpefLRYjHCUIoiiaepStYczgaCsArho8rVwbVOkykJ_2o1YIYDP_T39qRyQAeScxDoJ_r16OjVxCoBRsaNc._9BcdWuvk2C0yicIbsz-jRUQThEIa0XDsdp6eVH2u2E&dib_tag=se&keywords=Nescafe+Gold+coffee+powder&nsdOptOutParam=true&qid=1789844044&sr=8-7,B0CKLPDFNN,Nescafe Gold,Nescafe Gold coffee powder,400.0,200.0,2.0,5.96
"Nescafe Gold Blend Rich And Smooth Coffee Powder, 200g Glass Jar + Blend Rich And Smooth Coffee Powder, 100g Glass Jar",https://m.media-amazon.com/images/I/81swr2QjfrL._AC_UL960_FMwebp_QL65_.jpg,1791.0,4.3,435.0,https://www.amazon.in/Nescafe-Gold-Smooth-Coffee-Powder/dp/B08HM86GP2/ref=sr_1_47?dib=eyJ2IjoiMSJ9.7IcXSoLI4U1ezNd5dZMjcelVDTivddKeyA6TJ0mswAfSZCoHiWbAvdQpUiml6MbYFKvB1KvYZUSLkLrHZmTO6YnIx3mpoPvHG1oNS4j-VXlSiGWrJnrazee8GM_Z-U8T4I8QmHV3217bznVMki_kS1TocyGdG4ErOzBn0iGwyIZ-mmJTcmiaOej4Iww8_ylEj5KUM3Qaf5J26Agz5jes5HYIbpefLRYjHCUIoiiaepStYczgaCsArho8rVwbVOkykJ_2o1YIYDP_T39qRyQAeScxDoJ_r16OjVxCoBRsaNc._9BcdWuvk2C0yicIbsz-jRUQThEIa0XDsdp6eVH2u2E&dib_tag=se&keywords=Nescafe+Gold+coffee+powder&nsdOptOutParam=true&qid=1789844044&sr=8-47,B08HM86GP2,Nescafe Gold,Nescafe Gold coffee powder,300.0,,2.0,5.97
"Nescafé Gold Blend Instant Coffee, Freeze Dried, Premium Coffee, 100g Jar | Premium Imported Freeze-dried Coffee, Rich Aro...",https://m.media-amazon.com/images/I/71v0Vae-CbL._AC_UL960_FMwebp_QL65_.jpg,600.0,4.4,445.0,https://www.amazon.in/Nescafe-Gold-Smooth-Coffee-Powder/dp/B07K6J8VV4/ref=sr_1_1?dib=eyJ2IjoiMSJ9.7IcXSoLI4U1ezNd5dZMjcelVDTivddKeyA6TJ0mswAfSZCoHiWbAvdQpUiml6MbYFKvB1KvYZUSLkLrHZmTO6YnIx3mpoPvHG1oNS4j-VXlSiGWrJnrazee8GM_Z-U8T4I8QmHV3217bznVMki_kS1TocyGdG4ErOzBn0iGwyIZ-mmJTcmiaOej4Iww8_ylEj5KUM3Qaf5J26Agz5jes5HYIbpefLRYjHCUIoiiaepStYczgaCsArho8rVwbVOkykJ_2o1YIYDP_T39qRyQAeScxDoJ_r16OjVxCoBRsaNc._9BcdWuvk2C0yicIbsz-jRUQThEIa0XDsdp6eVH2u2E&dib_tag=se&keywords=Nescafe+Gold+coffee+powder&nsdOptOutParam=true&qid=1789844044&sr=8-1,B07K6J8VV4,Nescafe Gold,Nescafe Gold coffee powder,100.0,100.0,,6.0
"NESCAFE Gold Instant Coffee Powder | Premium Imported Coffee | Freeze Dried | Rich & Smooth Taste | 100g, Jar (Pack of 2)",https://m.media-amazon.com/images/I/717JgnqRhpL._AC_UL960_FMwebp_QL65_.jpg,1200.0,4.4,445.0,https://www.amazon.in/NESCAFE-Instant-Coffee-Powder-Premium/dp/B0GLFC54BB/ref=sr_1_10?dib=eyJ2IjoiMSJ9.7IcXSoLI4U1ezNd5dZMjcelVDTivddKeyA6TJ0mswAfSZCoHiWbAvdQpUiml6MbYFKvB1KvYZUSLkLrHZmTO6YnIx3mpoPvHG1oNS4j-VXlSiGWrJnrazee8GM_Z-U8T4I8QmHV3217bznVMki_kS1TocyGdG4ErOzBn0iGwyIZ-mmJTcmiaOej4Iww8_ylEj5KUM3Qaf5J26Agz5jes5HYIbpefLRYjHCUIoiiaepStYczgaCsArho8rVwbVOkykJ_2o1YIYDP_T39qRyQAeScxDoJ_r16OjVxCoBRsaNc._9BcdWuvk2C0yicIbsz-jRUQThEIa0XDsdp6eVH2u2E&dib_tag=se&keywords=Nescafe+Gold+coffee+powder&nsdOptOutParam=true&qid=1789844044&sr=8-10,B0GLFC54BB,Nescafe Gold,Nescafe Gold coffee powder,200.0,100.0,2.0,6.0
NESCAFÉ Gold Deluxe Instant Coffee | Smooth & Refined Taste | Carefully Roasted Arabica Coffee Beans | Premium Soluble Coffee | 200g Glass Jar,https://m.media-amazon.com/images/I/71d2LvQ2CnL._AC_UL960_FMwebp_QL65_.jpg,1300.0,4.4,445.0,https://www.amazon.in/NESCAF%C3%89-Instant-Refined-Carefully-Roasted/dp/B0H4CK55BG/ref=sr_1_11?dib=eyJ2IjoiMSJ9.7IcXSoLI4U1ezNd5dZMjcelVDTivddKeyA6TJ0mswAfSZCoHiWbAvdQpUiml6MbYFKvB1KvYZUSLkLrHZmTO6YnIx3mpoPvHG1oNS4j-VXlSiGWrJnrazee8GM_Z-U8T4I8QmHV3217bznVMki_kS1TocyGdG4ErOzBn0iGwyIZ-mmJTcmiaOej4Iww8_ylEj5KUM3Qaf5J26Agz5jes5HYIbpefLRYjHCUIoiiaepStYczgaCsArho8rVwbVOkykJ_2o1YIYDP_T39qRyQAeScxDoJ_r16OjVxCoBRsaNc._9BcdWuvk2C0yicIbsz-jRUQThEIa0XDsdp6eVH2u2E&dib_tag=se&keywords=Nescafe+Gold+coffee+powder&nsdOptOutParam=true&qid=1789844044&sr=8-11,B0H4CK55BG,Nescafe Gold,Nescafe Gold coffee powder,200.0,200.0,,6.5
"Nescafe Gold Blend Coffee, 95G Bottle, Ground",https://m.media-amazon.com/images/I/61iC7wjfK2L._AC_UL960_FMwebp_QL65_.jpg,639.0,4.4,445.0,https://www.amazon.in/NESCAF%C3%89-Original-Nescafe-Gold-Blend/dp/B08L9NX2Z7/ref=sr_1_39?dib=eyJ2IjoiMSJ9.7IcXSoLI4U1ezNd5dZMjcelVDTivddKeyA6TJ0mswAfSZCoHiWbAvdQpUiml6MbYFKvB1KvYZUSLkLrHZmTO6YnIx3mpoPvHG1oNS4j-VXlSiGWrJnrazee8GM_Z-U8T4I8QmHV3217bznVMki_kS1TocyGdG4ErOzBn0iGwyIZ-mmJTcmiaOej4Iww8_ylEj5KUM3Qaf5J26Agz5jes5HYIbpefLRYjHCUIoiiaepStYczgaCsArho8rVwbVOkykJ_2o1YIYDP_T39qRyQAeScxDoJ_r16OjVxCoBRsaNc._9BcdWuvk2C0yicIbsz-jRUQThEIa0XDsdp6eVH2u2E&dib_tag=se&keywords=Nescafe+Gold+coffee+powder&nsdOptOutParam=true&qid=1789844044&sr=8-39,B08L9NX2Z7,Nescafe Gold,Nescafe Gold coffee powder,95.0,95.0,,6.73
"Nescafe Gold Blend Instant Ground Coffee Jar, 100 g",https://m.media-amazon.com/images/I/71D-kMDqqbS._AC_UL960_FMwebp_QL65_.jpg,712.0,4.3,435.0,https://www.amazon.in/Nescafe-Gold-Blend-Smooth-Coffee/dp/B07PRK3LVD/ref=sr_1_17_mod_primary_new?dib=eyJ2IjoiMSJ9.7IcXSoLI4U1ezNd5dZMjcelVDTivddKeyA6TJ0mswAfSZCoHiWbAvdQpUiml6MbYFKvB1KvYZUSLkLrHZmTO6YnIx3mpoPvHG1oNS4j-VXlSiGWrJnrazee8GM_Z-U8T4I8QmHV3217bznVMki_kS1TocyGdG4ErOzBn0iGwyIZ-mmJTcmiaOej4Iww8_ylEj5KUM3Qaf5J26Agz5jes5HYIbpefLRYjHCUIoiiaepStYczgaCsArho8rVwbVOkykJ_2o1YIYDP_T39qRyQAeScxDoJ_r16OjVxCoBRsaNc._9BcdWuvk2C0yicIbsz-jRUQThEIa0XDsdp6eVH2u2E&dib_tag=se&keywords=Nescafe+Gold+coffee+powder&nsdOptOutParam=true&qid=1789844044&sbo=RZvfv%2F%2FHxDF%2BO5021pAnSA%3D%3D&sr=8-17,B07PRK3LVD,Nescafe Gold,Nescafe Gold coffee powder,100.0,100.0,,7.12
NESCAFÉ Gold - Premium Instant Coffee (95g) By COUGAR | Rich Velvety Aroma with Finely Roasted Arabica Coffee | Smooth Instant Coffee Powder | Perfect for Hot Coffee & Café Style Drinks – (Imported),https://m.media-amazon.com/images/I/7195zcr3NYL._AC_UL960_FMwebp_QL65_.jpg,689.0,4.6,465.0,https://www.amazon.in/NESCAF%C3%89-Gold-Premium-Instant-Velvety/dp/B00XUOOUVI/ref=sr_1_27?dib=eyJ2IjoiMSJ9.7IcXSoLI4U1ezNd5dZMjcelVDTivddKeyA6TJ0mswAfSZCoHiWbAvdQpUiml6MbYFKvB1KvYZUSLkLrHZmTO6YnIx3mpoPvHG1oNS4j-VXlSiGWrJnrazee8GM_Z-U8T4I8QmHV3217bznVMki_kS1TocyGdG4ErOzBn0iGwyIZ-mmJTcmiaOej4Iww8_ylEj5KUM3Qaf5J26Agz5jes5HYIbpefLRYjHCUIoiiaepStYczgaCsArho8rVwbVOkykJ_2o1YIYDP_T39qRyQAeScxDoJ_r16OjVxCoBRsaNc._9BcdWuvk2C0yicIbsz-jRUQThEIa0XDsdp6eVH2u2E&dib_tag=se&keywords=Nescafe+Gold+coffee+powder&nsdOptOutParam=true&qid=1789844044&sr=8-27,B00XUOOUVI,Nescafe Gold,Nescafe Gold coffee powder,95.0,95.0,,7.25
"NESCAFE Gold Blend Decaf Coffee Granule Bottle, 95 Grams",https://m.media-amazon.com/images/I/519mhgNEfpL._AC_UL960_FMwebp_QL65_.jpg,688.44,4.5,455.0,https://www.amazon.in/NESCAFE-Blend-Coffee-Granule-Bottle/dp/B0DXD76HFK/ref=sr_1_28?dib=eyJ2IjoiMSJ9.7IcXSoLI4U1ezNd5dZMjcelVDTivddKeyA6TJ0mswAfSZCoHiWbAvdQpUiml6MbYFKvB1KvYZUSLkLrHZmTO6YnIx3mpoPvHG1oNS4j-VXlSiGWrJnrazee8GM_Z-U8T4I8QmHV3217bznVMki_kS1TocyGdG4ErOzBn0iGwyIZ-mmJTcmiaOej4Iww8_ylEj5KUM3Qaf5J26Agz5jes5HYIbpefLRYjHCUIoiiaepStYczgaCsArho8rVwbVOkykJ_2o1YIYDP_T39qRyQAeScxDoJ_r16OjVxCoBRsaNc._9BcdWuvk2C0yicIbsz-jRUQThEIa0XDsdp6eVH2u2E&dib_tag=se&keywords=Nescafe+Gold+coffee+powder&nsdOptOutParam=true&qid=1789844044&sr=8-28,B0DXD76HFK,Nescafe Gold,Nescafe Gold coffee powder,95.0,95.0,,7.25
"Nescafe Gold Blend Decaf, 95g By Febora Foods",https://m.media-amazon.com/images/I/51ha4-ro9lL._AC_UL960_FMwebp_QL65_.jpg,689.0,4.6,465.0,https://www.amazon.in/Nescafe-Blend-Decaf-Febora-Foods/dp/B0F337BFX1/ref=sr_1_67?dib=eyJ2IjoiMSJ9.lXG0xmhOan_uebdSEzJrDz1rQOIFwC2dT20ekonnd8c6Vh7pHODM2fwXzKeZXE4c0xRjM_7ygpb7LY9kEca21uYzFcip1zmxgSxQb4iWqIwWjkkMotU88hbmtxAEXbNQlIenOqM0BFIArWInIgl7HrwuU9A4H2AFuHoI5cHZGYJxi7qnv_JzEaTjtKTos0X2ztMtjCzmPmkB32_vfwEguqh44vo8a2yu4FCPfwS7arjcToolWJHpN94O2Cb6bORp6PGin3c4hH4BsT9WhaW3Jc6oIwi1yT2L5POm3TaVVh4.RRXx3XpTaVQRWTnL6d5gjSf9mTIP9Uz1B-KL8Y-57mw&dib_tag=se&keywords=Nescafe+Gold+coffee+powder&nsdOptOutParam=true&qid=1789844052&sr=8-67,B0F337BFX1,Nescafe Gold,Nescafe Gold coffee powder,95.0,95.0,,7.25
Nescafe Gold Decaf 100g Imported,https://m.media-amazon.com/images/I/61iNboxqZCL._AC_UL960_FMwebp_QL65_.jpg,734.99,4.5,455.0,https://www.amazon.in/Nescafe-Gold-Decaf-100g-Imported/dp/B09VH32YP4/ref=sr_1_97?dib=eyJ2IjoiMSJ9.rRPF-V3FHDMOjuILbx2KQfipwCoKslsIMIAyfbxr_-qGU4nKyGswv94cGwWrWkeONNxTLdTnbDpZlLUJpVOvm-u-qfk7-_7tSBXk4CZhWvBJZbPAA02zGX6UJ2gylmTGt077f7TkwMa0NG9eplDX1OLOHc98_OpphibTNZxWt3sBLd8ot-F_xZVmcFBblrThxfqaFj-vyzk_5qqRn4_xvM-_mppeLotXdE_SsoSRpcrj5-DCU97AFVWQ1EG6wx9UcK5ee5ZyHSnwd86bQKS1ZFoSgYMdMQcB3XzueOfuc-8.z16Vfsbus1GR8pBt_CV56DTZDTFMZdN3nLgOBiGgvG8&dib_tag=se&keywords=Nescafe+Gold+coffee+powder&nsdOptOutParam=true&qid=1789844057&sr=8-97,B09VH32YP4,Nescafe Gold,Nescafe Gold coffee powder,100.0,100.0,,7.35
"Nescafe Gold Coffee Intensity 6, 7.05 oz ℮ 200 g",https://m.media-amazon.com/images/I/71-YJo1mFeL._AC_UL960_FMwebp_QL65_.jpg,1495.0,4.5,455.0,https://www.amazon.in/Nescafe-Gold-Coffee-7-05-200/dp/B07JFG8X1W/ref=sr_1_45?dib=eyJ2IjoiMSJ9.7IcXSoLI4U1ezNd5dZMjcelVDTivddKeyA6TJ0mswAfSZCoHiWbAvdQpUiml6MbYFKvB1KvYZUSLkLrHZmTO6YnIx3mpoPvHG1oNS4j-VXlSiGWrJnrazee8GM_Z-U8T4I8QmHV3217bznVMki_kS1TocyGdG4ErOzBn0iGwyIZ-mmJTcmiaOej4Iww8_ylEj5KUM3Qaf5J26Agz5jes5HYIbpefLRYjHCUIoiiaepStYczgaCsArho8rVwbVOkykJ_2o1YIYDP_T39qRyQAeScxDoJ_r16OjVxCoBRsaNc._9BcdWuvk2C0yicIbsz-jRUQThEIa0XDsdp6eVH2u2E&dib_tag=se&keywords=Nescafe+Gold+coffee+powder&nsdOptOutParam=true&qid=1789844044&sr=8-45,B07JFG8X1W,Nescafe Gold,Nescafe Gold coffee powder,200.0,200.0,,7.47
"Nescafe Gold Blend Decaf Instant Coffee, Rich Aroma and Smooth Taste, 95g BY FEBORA FOODS",https://m.media-amazon.com/images/I/61MuPqYubdL._AC_UL960_FMwebp_QL65_.jpg,710.0,5.0,505.0,https://www.amazon.in/Nescafe-Instant-Coffee-Smooth-FEBORA/dp/B0GGR7LLXS/ref=sr_1_70?dib=eyJ2IjoiMSJ9.lXG0xmhOan_uebdSEzJrDz1rQOIFwC2dT20ekonnd8c6Vh7pHODM2fwXzKeZXE4c0xRjM_7ygpb7LY9kEca21uYzFcip1zmxgSxQb4iWqIwWjkkMotU88hbmtxAEXbNQlIenOqM0BFIArWInIgl7HrwuU9A4H2AFuHoI5cHZGYJxi7qnv_JzEaTjtKTos0X2ztMtjCzmPmkB32_vfwEguqh44vo8a2yu4FCPfwS7arjcToolWJHpN94O2Cb6bORp6PGin3c4hH4BsT9WhaW3Jc6oIwi1yT2L5POm3TaVVh4.RRXx3XpTaVQRWTnL6d5gjSf9mTIP9Uz1B-KL8Y-57mw&dib_tag=se&keywords=Nescafe+Gold+coffee+powder&nsdOptOutParam=true&qid=1789844052&sr=8-70,B0GGR7LLXS,Nescafe Gold,Nescafe Gold coffee powder,95.0,95.0,,7.47
"Nestle Nescafe Gold Premium Blend Coffee Bottle, 100 g",https://m.media-amazon.com/images/I/71dTPiFm1BL._AC_UL960_FMwebp_QL65_.jpg,749.0,4.6,465.0,https://www.amazon.in/Nescafe-Premium-Blend-Coffee-Bottle/dp/B07F3ZV8F3/ref=sr_1_51?dib=eyJ2IjoiMSJ9.lXG0xmhOan_uebdSEzJrDz1rQOIFwC2dT20ekonnd8c6Vh7pHODM2fwXzKeZXE4c0xRjM_7ygpb7LY9kEca21uYzFcip1zmxgSxQb4iWqIwWjkkMotU88hbmtxAEXbNQlIenOqM0BFIArWInIgl7HrwuU9A4H2AFuHoI5cHZGYJxi7qnv_JzEaTjtKTos0X2ztMtjCzmPmkB32_vfwEguqh44vo8a2yu4FCPfwS7arjcToolWJHpN94O2Cb6bORp6PGin3c4hH4BsT9WhaW3Jc6oIwi1yT2L5POm3TaVVh4.RRXx3XpTaVQRWTnL6d5gjSf9mTIP9Uz1B-KL8Y-57mw&dib_tag=se&keywords=Nescafe+Gold+coffee+powder&nsdOptOutParam=true&qid=1789844052&sr=8-51,B07F3ZV8F3,Nescafe Gold,Nescafe Gold coffee powder,100.0,100.0,,7.49
"Nescafe Gold Blend Decaff Coffee, Rich Aroma & Smooth Taste, 95g INTENSITY 7 By Febora foods PACK OF 3",https://m.media-amazon.com/images/I/614kh7cwxIL._AC_UL960_FMwebp_QL65_.jpg,2150.0,5.0,505.0,https://www.amazon.in/Nescafe-Decaff-Coffee-Smooth-INTENSITY/dp/B0GWLYFJB5/ref=sr_1_61?dib=eyJ2IjoiMSJ9.lXG0xmhOan_uebdSEzJrDz1rQOIFwC2dT20ekonnd8c6Vh7pHODM2fwXzKeZXE4c0xRjM_7ygpb7LY9kEca21uYzFcip1zmxgSxQb4iWqIwWjkkMotU88hbmtxAEXbNQlIenOqM0BFIArWInIgl7HrwuU9A4H2AFuHoI5cHZGYJxi7qnv_JzEaTjtKTos0X2ztMtjCzmPmkB32_vfwEguqh44vo8a2yu4FCPfwS7arjcToolWJHpN94O2Cb6bORp6PGin3c4hH4BsT9WhaW3Jc6oIwi1yT2L5POm3TaVVh4.RRXx3XpTaVQRWTnL6d5gjSf9mTIP9Uz1B-KL8Y-57mw&dib_tag=se&keywords=Nescafe+Gold+coffee+powder&nsdOptOutParam=true&qid=1789844052&sr=8-61,B0GWLYFJB5,Nescafe Gold,Nescafe Gold coffee powder,285.0,95.0,3.0,7.54
Nescafe Gold Blend Instant Coffee Powder - 100g Glass Jar with Free Glass Mug (Limited Edition Pack),https://m.media-amazon.com/images/I/71QtHMgp+LL._AC_UL960_FMwebp_QL65_.jpg,755.0,,,https://www.amazon.in/Nescafe-Gold-Instant-Coffee-Powder/dp/B0839PJ7MB/ref=sr_1_6?dib=eyJ2IjoiMSJ9.7IcXSoLI4U1ezNd5dZMjcelVDTivddKeyA6TJ0mswAfSZCoHiWbAvdQpUiml6MbYFKvB1KvYZUSLkLrHZmTO6YnIx3mpoPvHG1oNS4j-VXlSiGWrJnrazee8GM_Z-U8T4I8QmHV3217bznVMki_kS1TocyGdG4ErOzBn0iGwyIZ-mmJTcmiaOej4Iww8_ylEj5KUM3Qaf5J26Agz5jes5HYIbpefLRYjHCUIoiiaepStYczgaCsArho8rVwbVOkykJ_2o1YIYDP_T39qRyQAeScxDoJ_r16OjVxCoBRsaNc._9BcdWuvk2C0yicIbsz-jRUQThEIa0XDsdp6eVH2u2E&dib_tag=se&keywords=Nescafe+Gold+coffee+powder&nsdOptOutParam=true&qid=1789844044&sr=8-6,B0839PJ7MB,Nescafe Gold,Nescafe Gold coffee powder,100.0,100.0,,7.55
NESCAFE Gold Blend Decaf Rich Aroma and Smooth with Golden Roasted Arabica Instant Coffee 190g,https://m.media-amazon.com/images/I/31YFasW+nDL._AC_UL684_FMwebp_QL65_.jpg,1448.99,4.2,425.0,https://www.amazon.in/NESCAFE-Smooth-Roasted-Arabica-Instant/dp/B0G8KV8HTT/ref=sr_1_57?dib=eyJ2IjoiMSJ9.lXG0xmhOan_uebdSEzJrDz1rQOIFwC2dT20ekonnd8c6Vh7pHODM2fwXzKeZXE4c0xRjM_7ygpb7LY9kEca21uYzFcip1zmxgSxQb4iWqIwWjkkMotU88hbmtxAEXbNQlIenOqM0BFIArWInIgl7HrwuU9A4H2AFuHoI5cHZGYJxi7qnv_JzEaTjtKTos0X2ztMtjCzmPmkB32_vfwEguqh44vo8a2yu4FCPfwS7arjcToolWJHpN94O2Cb6bORp6PGin3c4hH4BsT9WhaW3Jc6oIwi1yT2L5POm3TaVVh4.RRXx3XpTaVQRWTnL6d5gjSf9mTIP9Uz1B-KL8Y-57mw&dib_tag=se&keywords=Nescafe+Gold+coffee+powder&nsdOptOutParam=true&qid=1789844052&sr=8-57,B0G8KV8HTT,Nescafe Gold,Nescafe Gold coffee powder,190.0,190.0,,7.63
Nescafe Gold Blend Espresso Rich Crema 100% Arabica Coffee 95g,https://m.media-amazon.com/images/I/51PXiE3NyML._AC_UL960_FMwebp_QL65_.jpg,734.0,4.4,445.0,https://www.amazon.in/Nescafe-Blend-Espresso-Arabica-Coffee/dp/B09Q31PBG5/ref=sr_1_25?dib=eyJ2IjoiMSJ9.7IcXSoLI4U1ezNd5dZMjcelVDTivddKeyA6TJ0mswAfSZCoHiWbAvdQpUiml6MbYFKvB1KvYZUSLkLrHZmTO6YnIx3mpoPvHG1oNS4j-VXlSiGWrJnrazee8GM_Z-U8T4I8QmHV3217bznVMki_kS1TocyGdG4ErOzBn0iGwyIZ-mmJTcmiaOej4Iww8_ylEj5KUM3Qaf5J26Agz5jes5HYIbpefLRYjHCUIoiiaepStYczgaCsArho8rVwbVOkykJ_2o1YIYDP_T39qRyQAeScxDoJ_r16OjVxCoBRsaNc._9BcdWuvk2C0yicIbsz-jRUQThEIa0XDsdp6eVH2u2E&dib_tag=se&keywords=Nescafe+Gold+coffee+powder&nsdOptOutParam=true&qid=1789844044&sr=8-25,B09Q31PBG5,Nescafe Gold,Nescafe Gold coffee powder,95.0,95.0,,7.73
"Nescafé Gold Blend Instant Coffee, Freeze Dried, Premium Coffee, 50g Jar | Premium Imported Freeze-dried coffee, Rich Arom...",https://m.media-amazon.com/images/I/71LBrYNr5UL._AC_UL960_FMwebp_QL65_.jpg,387.0,4.4,445.0,https://www.amazon.in/Nescafe-Gold-Smooth-Coffee-Powder/dp/B07K6L3KC7/ref=sr_1_2?dib=eyJ2IjoiMSJ9.7IcXSoLI4U1ezNd5dZMjcelVDTivddKeyA6TJ0mswAfSZCoHiWbAvdQpUiml6MbYFKvB1KvYZUSLkLrHZmTO6YnIx3mpoPvHG1oNS4j-VXlSiGWrJnrazee8GM_Z-U8T4I8QmHV3217bznVMki_kS1TocyGdG4ErOzBn0iGwyIZ-mmJTcmiaOej4Iww8_ylEj5KUM3Qaf5J26Agz5jes5HYIbpefLRYjHCUIoiiaepStYczgaCsArho8rVwbVOkykJ_2o1YIYDP_T39qRyQAeScxDoJ_r16OjVxCoBRsaNc._9BcdWuvk2C0yicIbsz-jRUQThEIa0XDsdp6eVH2u2E&dib_tag=se&keywords=Nescafe+Gold+coffee+powder&nsdOptOutParam=true&qid=1789844044&sr=8-2,B07K6L3KC7,Nescafe Gold,Nescafe Gold coffee powder,50.0,50.0,,7.74
"NESCAFE Gold Instant Coffee Powder | Premium Imported Coffee | Freeze Dried | Rich & Smooth Taste | 50g, Jar (Pack of 2)",https://m.media-amazon.com/images/I/81O6XqteBLL._AC_UL960_FMwebp_QL65_.jpg,774.0,4.4,445.0,https://www.amazon.in/NESCAFE-Instant-Coffee-Powder-Premium/dp/B0H6G78J9B/ref=sr_1_16?dib=eyJ2IjoiMSJ9.7IcXSoLI4U1ezNd5dZMjcelVDTivddKeyA6TJ0mswAfSZCoHiWbAvdQpUiml6MbYFKvB1KvYZUSLkLrHZmTO6YnIx3mpoPvHG1oNS4j-VXlSiGWrJnrazee8GM_Z-U8T4I8QmHV3217bznVMki_kS1TocyGdG4ErOzBn0iGwyIZ-mmJTcmiaOej4Iww8_ylEj5KUM3Qaf5J26Agz5jes5HYIbpefLRYjHCUIoiiaepStYczgaCsArho8rVwbVOkykJ_2o1YIYDP_T39qRyQAeScxDoJ_r16OjVxCoBRsaNc._9BcdWuvk2C0yicIbsz-jRUQThEIa0XDsdp6eVH2u2E&dib_tag=se&keywords=Nescafe+Gold+coffee+powder&nsdOptOutParam=true&qid=1789844044&sr=8-16,B0H6G78J9B,Nescafe Gold,Nescafe Gold coffee powder,100.0,50.0,2.0,7.74
"NESCAFE Gold Instant Coffee Powder | Premium Imported Coffee | Freeze Dried | Rich & Smooth Taste | 50g, Jar (Pack of 3)",https://m.media-amazon.com/images/I/51BkMjh8N0L._AC_UL960_FMwebp_QL65_.jpg,1161.0,,,https://www.amazon.in/NESCAFE-Instant-Coffee-Powder-Premium/dp/B0H6GYMMVB/ref=sr_1_34?dib=eyJ2IjoiMSJ9.7IcXSoLI4U1ezNd5dZMjcelVDTivddKeyA6TJ0mswAfSZCoHiWbAvdQpUiml6MbYFKvB1KvYZUSLkLrHZmTO6YnIx3mpoPvHG1oNS4j-VXlSiGWrJnrazee8GM_Z-U8T4I8QmHV3217bznVMki_kS1TocyGdG4ErOzBn0iGwyIZ-mmJTcmiaOej4Iww8_ylEj5KUM3Qaf5J26Agz5jes5HYIbpefLRYjHCUIoiiaepStYczgaCsArho8rVwbVOkykJ_2o1YIYDP_T39qRyQAeScxDoJ_r16OjVxCoBRsaNc._9BcdWuvk2C0yicIbsz-jRUQThEIa0XDsdp6eVH2u2E&dib_tag=se&keywords=Nescafe+Gold+coffee+powder&nsdOptOutParam=true&qid=1789844044&sr=8-34,B0H6GYMMVB,Nescafe Gold,Nescafe Gold coffee powder,150.0,50.0,3.0,7.74
"Nescafe Gold, 2 X 95 Grams - Granule, Gold, Glass Bottle",https://m.media-amazon.com/images/I/610KTgS-PWL._AC_UL960_FMwebp_QL65_.jpg,1495.0,4.4,445.0,https://www.amazon.in/Nescaf%C3%A9-Nescafe-Gold-95/dp/B08SXRH81V/ref=sr_1_50?dib=eyJ2IjoiMSJ9.lXG0xmhOan_uebdSEzJrDz1rQOIFwC2dT20ekonnd8c6Vh7pHODM2fwXzKeZXE4c0xRjM_7ygpb7LY9kEca21uYzFcip1zmxgSxQb4iWqIwWjkkMotU88hbmtxAEXbNQlIenOqM0BFIArWInIgl7HrwuU9A4H2AFuHoI5cHZGYJxi7qnv_JzEaTjtKTos0X2ztMtjCzmPmkB32_vfwEguqh44vo8a2yu4FCPfwS7arjcToolWJHpN94O2Cb6bORp6PGin3c4hH4BsT9WhaW3Jc6oIwi1yT2L5POm3TaVVh4.RRXx3XpTaVQRWTnL6d5gjSf9mTIP9Uz1B-KL8Y-57mw&dib_tag=se&keywords=Nescafe+Gold+coffee+powder&nsdOptOutParam=true&qid=1789844052&sr=8-50,B08SXRH81V,Nescafe Gold,Nescafe Gold coffee powder,190.0,95.0,2.0,7.87
NESCAFÉ Gold Vanilla Jar | 95g (Pack of 1),https://m.media-amazon.com/images/I/81vOsqLY2-L._AC_UL960_FMwebp_QL65_.jpg,748.99,4.4,445.0,https://www.amazon.in/NESCAF%C3%89-Gold-Vanilla-Flavoured-Intensity/dp/B0DB8NBW39/ref=sr_1_77?dib=eyJ2IjoiMSJ9.lXG0xmhOan_uebdSEzJrDz1rQOIFwC2dT20ekonnd8c6Vh7pHODM2fwXzKeZXE4c0xRjM_7ygpb7LY9kEca21uYzFcip1zmxgSxQb4iWqIwWjkkMotU88hbmtxAEXbNQlIenOqM0BFIArWInIgl7HrwuU9A4H2AFuHoI5cHZGYJxi7qnv_JzEaTjtKTos0X2ztMtjCzmPmkB32_vfwEguqh44vo8a2yu4FCPfwS7arjcToolWJHpN94O2Cb6bORp6PGin3c4hH4BsT9WhaW3Jc6oIwi1yT2L5POm3TaVVh4.RRXx3XpTaVQRWTnL6d5gjSf9mTIP9Uz1B-KL8Y-57mw&dib_tag=se&keywords=Nescafe+Gold+coffee+powder&nsdOptOutParam=true&qid=1789844052&sr=8-77,B0DB8NBW39,Nescafe Gold,Nescafe Gold coffee powder,95.0,95.0,1.0,7.88
Nestle Nescafe Gold Blend 50G,https://m.media-amazon.com/images/I/31KrzSlanJL._AC_UL628_FMwebp_QL65_.jpg,399.0,4.1,415.0,https://www.amazon.in/Nestle-Nescafe-Gold-Blend-50G/dp/B0796V33NN/ref=sr_1_90?dib=eyJ2IjoiMSJ9.lXG0xmhOan_uebdSEzJrDz1rQOIFwC2dT20ekonnd8c6Vh7pHODM2fwXzKeZXE4c0xRjM_7ygpb7LY9kEca21uYzFcip1zmxgSxQb4iWqIwWjkkMotU88hbmtxAEXbNQlIenOqM0BFIArWInIgl7HrwuU9A4H2AFuHoI5cHZGYJxi7qnv_JzEaTjtKTos0X2ztMtjCzmPmkB32_vfwEguqh44vo8a2yu4FCPfwS7arjcToolWJHpN94O2Cb6bORp6PGin3c4hH4BsT9WhaW3Jc6oIwi1yT2L5POm3TaVVh4.RRXx3XpTaVQRWTnL6d5gjSf9mTIP9Uz1B-KL8Y-57mw&dib_tag=se&keywords=Nescafe+Gold+coffee+powder&nsdOptOutParam=true&qid=1789844052&sr=8-90,B0796V33NN,Nescafe Gold,Nescafe Gold coffee powder,50.0,50.0,,7.98
"Nescafe Gold Blend Smooth Vanilla Instant Coffee 7 Intensity, 95G Jar",https://m.media-amazon.com/images/I/51FR+5+YsAL._AC_UL960_FMwebp_QL65_.jpg,798.0,3.5,355.0,https://www.amazon.in/Nescafe-Smooth-Vanilla-Instant-Intensity/dp/B0G947P7TM/ref=sr_1_69?dib=eyJ2IjoiMSJ9.lXG0xmhOan_uebdSEzJrDz1rQOIFwC2dT20ekonnd8c6Vh7pHODM2fwXzKeZXE4c0xRjM_7ygpb7LY9kEca21uYzFcip1zmxgSxQb4iWqIwWjkkMotU88hbmtxAEXbNQlIenOqM0BFIArWInIgl7HrwuU9A4H2AFuHoI5cHZGYJxi7qnv_JzEaTjtKTos0X2ztMtjCzmPmkB32_vfwEguqh44vo8a2yu4FCPfwS7arjcToolWJHpN94O2Cb6bORp6PGin3c4hH4BsT9WhaW3Jc6oIwi1yT2L5POm3TaVVh4.RRXx3XpTaVQRWTnL6d5gjSf9mTIP9Uz1B-KL8Y-57mw&dib_tag=se&keywords=Nescafe+Gold+coffee+powder&nsdOptOutParam=true&qid=1789844052&sr=8-69,B0G947P7TM,Nescafe Gold,Nescafe Gold coffee powder,95.0,95.0,,8.4
"Nescafé Gold Decaff Instant Ground Coffee, 3.53 oz ℮ 100 g",https://m.media-amazon.com/images/I/51EvlkfJP5L._AC_UL960_FMwebp_QL65_.jpg,850.0,4.5,455.0,https://www.amazon.in/Nescafe-Gold-Decaff-Instant-Coffee/dp/B0151ICRM4/ref=sr_1_95?dib=eyJ2IjoiMSJ9.lXG0xmhOan_uebdSEzJrDz1rQOIFwC2dT20ekonnd8c6Vh7pHODM2fwXzKeZXE4c0xRjM_7ygpb7LY9kEca21uYzFcip1zmxgSxQb4iWqIwWjkkMotU88hbmtxAEXbNQlIenOqM0BFIArWInIgl7HrwuU9A4H2AFuHoI5cHZGYJxi7qnv_JzEaTjtKTos0X2ztMtjCzmPmkB32_vfwEguqh44vo8a2yu4FCPfwS7arjcToolWJHpN94O2Cb6bORp6PGin3c4hH4BsT9WhaW3Jc6oIwi1yT2L5POm3TaVVh4.RRXx3XpTaVQRWTnL6d5gjSf9mTIP9Uz1B-KL8Y-57mw&dib_tag=se&keywords=Nescafe+Gold+coffee+powder&nsdOptOutParam=true&qid=1789844052&sr=8-95,B0151ICRM4,Nescafe Gold,Nescafe Gold coffee powder,100.0,100.0,,8.5
"Nescafe Gold Origins Alta Rica Coffee. 100 Gram, Ground, Jar",https://m.media-amazon.com/images/I/710BYa3aWLL._AC_UL960_FMwebp_QL65_.jpg,878.0,4.4,445.0,https://www.amazon.in/Nescafe-Gold-Origins-Alta-Coffee/dp/B085NKMP54/ref=sr_1_62?dib=eyJ2IjoiMSJ9.lXG0xmhOan_uebdSEzJrDz1rQOIFwC2dT20ekonnd8c6Vh7pHODM2fwXzKeZXE4c0xRjM_7ygpb7LY9kEca21uYzFcip1zmxgSxQb4iWqIwWjkkMotU88hbmtxAEXbNQlIenOqM0BFIArWInIgl7HrwuU9A4H2AFuHoI5cHZGYJxi7qnv_JzEaTjtKTos0X2ztMtjCzmPmkB32_vfwEguqh44vo8a2yu4FCPfwS7arjcToolWJHpN94O2Cb6bORp6PGin3c4hH4BsT9WhaW3Jc6oIwi1yT2L5POm3TaVVh4.RRXx3XpTaVQRWTnL6d5gjSf9mTIP9Uz1B-KL8Y-57mw&dib_tag=se&keywords=Nescafe+Gold+coffee+powder&nsdOptOutParam=true&qid=1789844052&sr=8-62,B085NKMP54,Nescafe Gold,Nescafe Gold coffee powder,100.0,100.0,,8.78
"Nescafe Gold Alta Rica Instant Ground Coffee Jar, 100 G",https://m.media-amazon.com/images/I/71zk7wDgS-L._AC_UL960_FMwebp_QL65_.jpg,899.0,4.4,445.0,https://www.amazon.in/NESCAF%C3%89-ALTA-RICA-Instant-Coffee/dp/B074MBZ3N1/ref=sr_1_64?dib=eyJ2IjoiMSJ9.lXG0xmhOan_uebdSEzJrDz1rQOIFwC2dT20ekonnd8c6Vh7pHODM2fwXzKeZXE4c0xRjM_7ygpb7LY9kEca21uYzFcip1zmxgSxQb4iWqIwWjkkMotU88hbmtxAEXbNQlIenOqM0BFIArWInIgl7HrwuU9A4H2AFuHoI5cHZGYJxi7qnv_JzEaTjtKTos0X2ztMtjCzmPmkB32_vfwEguqh44vo8a2yu4FCPfwS7arjcToolWJHpN94O2Cb6bORp6PGin3c4hH4BsT9WhaW3Jc6oIwi1yT2L5POm3TaVVh4.RRXx3XpTaVQRWTnL6d5gjSf9mTIP9Uz1B-KL8Y-57mw&dib_tag=se&keywords=Nescafe+Gold+coffee+powder&nsdOptOutParam=true&qid=1789844052&sr=8-64,B074MBZ3N1,Nescafe Gold,Nescafe Gold coffee powder,100.0,100.0,,8.99
"Nescafe Gold Blend Rich Caramel Flavoured Instant Coffee, Intensity 7, 95g",https://m.media-amazon.com/images/I/31fA1YK-+pL._AC_UL960_FMwebp_QL65_.jpg,856.0,,,https://www.amazon.in/Nescafe-Caramel-Flavoured-Instant-Intensity/dp/B0GPD5TLWC/ref=sr_1_56?dib=eyJ2IjoiMSJ9.lXG0xmhOan_uebdSEzJrDz1rQOIFwC2dT20ekonnd8c6Vh7pHODM2fwXzKeZXE4c0xRjM_7ygpb7LY9kEca21uYzFcip1zmxgSxQb4iWqIwWjkkMotU88hbmtxAEXbNQlIenOqM0BFIArWInIgl7HrwuU9A4H2AFuHoI5cHZGYJxi7qnv_JzEaTjtKTos0X2ztMtjCzmPmkB32_vfwEguqh44vo8a2yu4FCPfwS7arjcToolWJHpN94O2Cb6bORp6PGin3c4hH4BsT9WhaW3Jc6oIwi1yT2L5POm3TaVVh4.RRXx3XpTaVQRWTnL6d5gjSf9mTIP9Uz1B-KL8Y-57mw&dib_tag=se&keywords=Nescafe+Gold+coffee+powder&nsdOptOutParam=true&qid=1789844052&sr=8-56,B0GPD5TLWC,Nescafe Gold,Nescafe Gold coffee powder,95.0,95.0,,9.01
"Nescafe Gold Espresso Italian Style Ground Rich with Crema, 100 g, Bottle",https://m.media-amazon.com/images/I/61XwHx3S2CL._AC_UL960_FMwebp_QL65_.jpg,989.0,4.3,435.0,https://www.amazon.in/Nescafe-Gold-Espresso-Italian-Style/dp/B087Z7MMC8/ref=sr_1_73?dib=eyJ2IjoiMSJ9.lXG0xmhOan_uebdSEzJrDz1rQOIFwC2dT20ekonnd8c6Vh7pHODM2fwXzKeZXE4c0xRjM_7ygpb7LY9kEca21uYzFcip1zmxgSxQb4iWqIwWjkkMotU88hbmtxAEXbNQlIenOqM0BFIArWInIgl7HrwuU9A4H2AFuHoI5cHZGYJxi7qnv_JzEaTjtKTos0X2ztMtjCzmPmkB32_vfwEguqh44vo8a2yu4FCPfwS7arjcToolWJHpN94O2Cb6bORp6PGin3c4hH4BsT9WhaW3Jc6oIwi1yT2L5POm3TaVVh4.RRXx3XpTaVQRWTnL6d5gjSf9mTIP9Uz1B-KL8Y-57mw&dib_tag=se&keywords=Nescafe+Gold+coffee+powder&nsdOptOutParam=true&qid=1789844052&sr=8-73,B087Z7MMC8,Nescafe Gold,Nescafe Gold coffee powder,100.0,100.0,,9.89
"NESCAFÉ Gold Caramel Jar | 95g (Pack of 1) | Premium Glass Jar, UK",https://m.media-amazon.com/images/I/81I9o1WotzL._AC_UL960_FMwebp_QL65_.jpg,980.0,4.5,455.0,https://www.amazon.in/NESCAF%C3%89-Gold-Caramel-Jar-Pack/dp/B0DB8LFJ55/ref=sr_1_59?dib=eyJ2IjoiMSJ9.lXG0xmhOan_uebdSEzJrDz1rQOIFwC2dT20ekonnd8c6Vh7pHODM2fwXzKeZXE4c0xRjM_7ygpb7LY9kEca21uYzFcip1zmxgSxQb4iWqIwWjkkMotU88hbmtxAEXbNQlIenOqM0BFIArWInIgl7HrwuU9A4H2AFuHoI5cHZGYJxi7qnv_JzEaTjtKTos0X2ztMtjCzmPmkB32_vfwEguqh44vo8a2yu4FCPfwS7arjcToolWJHpN94O2Cb6bORp6PGin3c4hH4BsT9WhaW3Jc6oIwi1yT2L5POm3TaVVh4.RRXx3XpTaVQRWTnL6d5gjSf9mTIP9Uz1B-KL8Y-57mw&dib_tag=se&keywords=Nescafe+Gold+coffee+powder&nsdOptOutParam=true&qid=1789844052&sr=8-59,B0DB8LFJ55,Nescafe Gold,Nescafe Gold coffee powder,95.0,95.0,1.0,10.32
"Nescafé Gold Premium Instant Coffee, By febora, Glass Jar, 47.5g",https://m.media-amazon.com/images/I/415MXJ7zgcL._AC_UL848_FMwebp_QL65_.jpg,499.0,,,https://www.amazon.in/Nescaf%C3%A9-Gold-Premium-Instant-Coffee/dp/B0H8CWQ3L9/ref=sr_1_48?dib=eyJ2IjoiMSJ9.7IcXSoLI4U1ezNd5dZMjcelVDTivddKeyA6TJ0mswAfSZCoHiWbAvdQpUiml6MbYFKvB1KvYZUSLkLrHZmTO6YnIx3mpoPvHG1oNS4j-VXlSiGWrJnrazee8GM_Z-U8T4I8QmHV3217bznVMki_kS1TocyGdG4ErOzBn0iGwyIZ-mmJTcmiaOej4Iww8_ylEj5KUM3Qaf5J26Agz5jes5HYIbpefLRYjHCUIoiiaepStYczgaCsArho8rVwbVOkykJ_2o1YIYDP_T39qRyQAeScxDoJ_r16OjVxCoBRsaNc._9BcdWuvk2C0yicIbsz-jRUQThEIa0XDsdp6eVH2u2E&dib_tag=se&keywords=Nescafe+Gold+coffee+powder&nsdOptOutParam=true&qid=1789844044&sr=8-48,B0H8CWQ3L9,Nescafe Gold,Nescafe Gold coffee powder,47.5,47.5,,10.51
"NESCAFE GOLD BLEND Decaf Instant Coffee, 95g",https://m.media-amazon.com/images/I/71K6bC4DdRL._AC_UL960_FMwebp_QL65_.jpg,999.0,,,https://www.amazon.in/NESCAFE-BLEND-Decaf-Instant-Coffee/dp/B0HDJ5CFTX/ref=sr_1_66?dib=eyJ2IjoiMSJ9.lXG0xmhOan_uebdSEzJrDz1rQOIFwC2dT20ekonnd8c6Vh7pHODM2fwXzKeZXE4c0xRjM_7ygpb7LY9kEca21uYzFcip1zmxgSxQb4iWqIwWjkkMotU88hbmtxAEXbNQlIenOqM0BFIArWInIgl7HrwuU9A4H2AFuHoI5cHZGYJxi7qnv_JzEaTjtKTos0X2ztMtjCzmPmkB32_vfwEguqh44vo8a2yu4FCPfwS7arjcToolWJHpN94O2Cb6bORp6PGin3c4hH4BsT9WhaW3Jc6oIwi1yT2L5POm3TaVVh4.RRXx3XpTaVQRWTnL6d5gjSf9mTIP9Uz1B-KL8Y-57mw&dib_tag=se&keywords=Nescafe+Gold+coffee+powder&nsdOptOutParam=true&qid=1789844052&sr=8-66,B0HDJ5CFTX,Nescafe Gold,Nescafe Gold coffee powder,95.0,95.0,,10.52
NESCAFÉ Gold Blend Instant Coffee Refill Pouch 250g | Premium Soluble Coffee By S.I Rich Aroma & Smooth Taste 250g,https://m.media-amazon.com/images/I/713mFw+XDNL._AC_UL960_FMwebp_QL65_.jpg,3298.0,4.9,495.0,https://www.amazon.in/NESCAF%C3%89-Instant-Coffee-Premium-Soluble/dp/B0GX7HYB3Q/ref=sr_1_41?dib=eyJ2IjoiMSJ9.7IcXSoLI4U1ezNd5dZMjcelVDTivddKeyA6TJ0mswAfSZCoHiWbAvdQpUiml6MbYFKvB1KvYZUSLkLrHZmTO6YnIx3mpoPvHG1oNS4j-VXlSiGWrJnrazee8GM_Z-U8T4I8QmHV3217bznVMki_kS1TocyGdG4ErOzBn0iGwyIZ-mmJTcmiaOej4Iww8_ylEj5KUM3Qaf5J26Agz5jes5HYIbpefLRYjHCUIoiiaepStYczgaCsArho8rVwbVOkykJ_2o1YIYDP_T39qRyQAeScxDoJ_r16OjVxCoBRsaNc._9BcdWuvk2C0yicIbsz-jRUQThEIa0XDsdp6eVH2u2E&dib_tag=se&keywords=Nescafe+Gold+coffee+powder&nsdOptOutParam=true&qid=1789844044&sr=8-41,B0GX7HYB3Q,Nescafe Gold,Nescafe Gold coffee powder,250.0,250.0,,13.19
"Nescafe Gold Blend Roastery Collection Powder Can, 95Gm (Light Roasted)",https://m.media-amazon.com/images/I/61S3NHPY-TL._AC_UL960_FMwebp_QL65_.jpg,1359.0,4.1,415.0,https://www.amazon.in/Nescafe-Blend-Roastery-Collection-Roasted/dp/B09Q325YZH/ref=sr_1_58?dib=eyJ2IjoiMSJ9.lXG0xmhOan_uebdSEzJrDz1rQOIFwC2dT20ekonnd8c6Vh7pHODM2fwXzKeZXE4c0xRjM_7ygpb7LY9kEca21uYzFcip1zmxgSxQb4iWqIwWjkkMotU88hbmtxAEXbNQlIenOqM0BFIArWInIgl7HrwuU9A4H2AFuHoI5cHZGYJxi7qnv_JzEaTjtKTos0X2ztMtjCzmPmkB32_vfwEguqh44vo8a2yu4FCPfwS7arjcToolWJHpN94O2Cb6bORp6PGin3c4hH4BsT9WhaW3Jc6oIwi1yT2L5POm3TaVVh4.RRXx3XpTaVQRWTnL6d5gjSf9mTIP9Uz1B-KL8Y-57mw&dib_tag=se&keywords=Nescafe+Gold+coffee+powder&nsdOptOutParam=true&qid=1789844052&sr=8-58,B09Q325YZH,Nescafe Gold,Nescafe Gold coffee powder,95.0,95.0,,14.31
Nescafe Gold Organic Coffee Powder 100g Glass Bottle (Roasted Coffee).,https://m.media-amazon.com/images/I/81sFlV35xeL._AC_UL960_FMwebp_QL65_.jpg,2599.0,4.5,455.0,https://www.amazon.in/Nescafe-Organic-Coffee-Powder-Bottle/dp/B07RHN25Q5/ref=sr_1_37?dib=eyJ2IjoiMSJ9.7IcXSoLI4U1ezNd5dZMjcelVDTivddKeyA6TJ0mswAfSZCoHiWbAvdQpUiml6MbYFKvB1KvYZUSLkLrHZmTO6YnIx3mpoPvHG1oNS4j-VXlSiGWrJnrazee8GM_Z-U8T4I8QmHV3217bznVMki_kS1TocyGdG4ErOzBn0iGwyIZ-mmJTcmiaOej4Iww8_ylEj5KUM3Qaf5J26Agz5jes5HYIbpefLRYjHCUIoiiaepStYczgaCsArho8rVwbVOkykJ_2o1YIYDP_T39qRyQAeScxDoJ_r16OjVxCoBRsaNc._9BcdWuvk2C0yicIbsz-jRUQThEIa0XDsdp6eVH2u2E&dib_tag=se&keywords=Nescafe+Gold+coffee+powder&nsdOptOutParam=true&qid=1789844044&sr=8-37,B07RHN25Q5,Nescafe Gold,Nescafe Gold coffee powder,100.0,100.0,,25.99
"Nescafé Gold Deluxe Instant Coffee | Smooth & Refined Arabica Blend, Rich Aroma & Premium Taste, Freeze-Dried Soluble Coff...",https://m.media-amazon.com/images/I/71d2LvQ2CnL._AC_UL960_FMwebp_QL65_.jpg,999.0,,,https://www.amazon.in/Nescaf%C3%A9-Gold-Deluxe-Instant-Coffee/dp/B0H4CRGCDZ/ref=sr_1_19?dib=eyJ2IjoiMSJ9.7IcXSoLI4U1ezNd5dZMjcelVDTivddKeyA6TJ0mswAfSZCoHiWbAvdQpUiml6MbYFKvB1KvYZUSLkLrHZmTO6YnIx3mpoPvHG1oNS4j-VXlSiGWrJnrazee8GM_Z-U8T4I8QmHV3217bznVMki_kS1TocyGdG4ErOzBn0iGwyIZ-mmJTcmiaOej4Iww8_ylEj5KUM3Qaf5J26Agz5jes5HYIbpefLRYjHCUIoiiaepStYczgaCsArho8rVwbVOkykJ_2o1YIYDP_T39qRyQAeScxDoJ_r16OjVxCoBRsaNc._9BcdWuvk2C0yicIbsz-jRUQThEIa0XDsdp6eVH2u2E&dib_tag=se&keywords=Nescafe+Gold+coffee+powder&nsdOptOutParam=true&qid=1789844044&sr=8-19,B0H4CRGCDZ,Nescafe Gold,Nescafe Gold coffee powder,,,,
NESCAFÉ GOLD - Rich & Aromatic Instant Coffee (Pack Of 3) By COUGAR | Premium Freeze-Dried Soluble Coffee | Smooth Rich Aroma & Balanced Taste | FREE 3 PRESTIGE PISTACHIO WAFFI BARS INCLUDED | Perfect For Hot & Cold Coffee – (Imported),https://m.media-amazon.com/images/I/71IB4E+lisL._AC_UL960_FMwebp_QL65_.jpg,3399.0,,,https://www.amazon.in/NESCAF%C3%89-GOLD-Aromatic-Freeze-Dried-PISTACHIO/dp/B0G1HL637B/ref=sr_1_60?dib=eyJ2IjoiMSJ9.lXG0xmhOan_uebdSEzJrDz1rQOIFwC2dT20ekonnd8c6Vh7pHODM2fwXzKeZXE4c0xRjM_7ygpb7LY9kEca21uYzFcip1zmxgSxQb4iWqIwWjkkMotU88hbmtxAEXbNQlIenOqM0BFIArWInIgl7HrwuU9A4H2AFuHoI5cHZGYJxi7qnv_JzEaTjtKTos0X2ztMtjCzmPmkB32_vfwEguqh44vo8a2yu4FCPfwS7arjcToolWJHpN94O2Cb6bORp6PGin3c4hH4BsT9WhaW3Jc6oIwi1yT2L5POm3TaVVh4.RRXx3XpTaVQRWTnL6d5gjSf9mTIP9Uz1B-KL8Y-57mw&dib_tag=se&keywords=Nescafe+Gold+coffee+powder&nsdOptOutParam=true&qid=1789844052&sr=8-60,B0G1HL637B,Nescafe Gold,Nescafe Gold coffee powder,,,3.0,
"Nescafe Gold Blend Rich Caramel Flavoured Instant Coffee, Intensity 7, Premium Glass Jar (UK)",https://m.media-amazon.com/images/I/51tsaItf2tL._AC_UL960_FMwebp_QL65_.jpg,845.0,4.0,405.0,https://www.amazon.in/Nescafe-Caramel-Flavoured-Instant-Intensity/dp/B0FZ41H94T/ref=sr_1_65?dib=eyJ2IjoiMSJ9.lXG0xmhOan_uebdSEzJrDz1rQOIFwC2dT20ekonnd8c6Vh7pHODM2fwXzKeZXE4c0xRjM_7ygpb7LY9kEca21uYzFcip1zmxgSxQb4iWqIwWjkkMotU88hbmtxAEXbNQlIenOqM0BFIArWInIgl7HrwuU9A4H2AFuHoI5cHZGYJxi7qnv_JzEaTjtKTos0X2ztMtjCzmPmkB32_vfwEguqh44vo8a2yu4FCPfwS7arjcToolWJHpN94O2Cb6bORp6PGin3c4hH4BsT9WhaW3Jc6oIwi1yT2L5POm3TaVVh4.RRXx3XpTaVQRWTnL6d5gjSf9mTIP9Uz1B-KL8Y-57mw&dib_tag=se&keywords=Nescafe+Gold+coffee+powder&nsdOptOutParam=true&qid=1789844052&sr=8-65,B0FZ41H94T,Nescafe Gold,Nescafe Gold coffee powder,,,,
Nescafe Gold Blend Alta Rica Instant Coffee(Jar),https://m.media-amazon.com/images/I/51ULMleubJL._AC_UL960_FMwebp_QL65_.jpg,784.82,4.4,445.0,https://www.amazon.in/Nescafe-Gold-Blend-Alta-Coffee/dp/B09PZBWTD6/ref=sr_1_76?dib=eyJ2IjoiMSJ9.lXG0xmhOan_uebdSEzJrDz1rQOIFwC2dT20ekonnd8c6Vh7pHODM2fwXzKeZXE4c0xRjM_7ygpb7LY9kEca21uYzFcip1zmxgSxQb4iWqIwWjkkMotU88hbmtxAEXbNQlIenOqM0BFIArWInIgl7HrwuU9A4H2AFuHoI5cHZGYJxi7qnv_JzEaTjtKTos0X2ztMtjCzmPmkB32_vfwEguqh44vo8a2yu4FCPfwS7arjcToolWJHpN94O2Cb6bORp6PGin3c4hH4BsT9WhaW3Jc6oIwi1yT2L5POm3TaVVh4.RRXx3XpTaVQRWTnL6d5gjSf9mTIP9Uz1B-KL8Y-57mw&dib_tag=se&keywords=Nescafe+Gold+coffee+powder&nsdOptOutParam=true&qid=1789844052&sr=8-76,B09PZBWTD6,Nescafe Gold,Nescafe Gold coffee powder,,,,
