brand,title,weight_g,price_inr,cost_per_gram,rating,review_count,url,search_query
Bru Gold,BRU Gold Pure Instant Coffee Powder 500g Pack,500.0,1249.0,2.5,,,https://www.amazon.in/Gold-Pure-Instant-Coffee-Powder/dp/B0HFG7RVBP/ref=sr_1_7?dib=eyJ2IjoiMSJ9.cNEDa0YYSFUquDxU8v2b73nNJ8jcJflhB_MlsaFfd7CJSjsXD--RT8QHBjbl5MTd93WT5FHvyBTtIUve7AoHwn3ERgEipmHGyxEIsOfuhTMBFKh_hV-AnI_uLRlznaJLwvlfM3Ht8188B_Ct3Lzt4YMqaNsOM8Wn9e12dykDhbfAAHZaFYf-LIslu9Y26i-l6okz0xiQVCAhMnsg3piwR8A39pVZqfpBfhn8yL6W5KXEuREAhaAEo8z3cOkDmSS8iL-C0jvip241lLjim03xZdUXzzvWxx87b6_a1c6mjTI.mSl-uKiSolPqDr8bctQb6eizHqJ541-R-Ve3tIVcjL0&dib_tag=se&keywords=Bru+Gold+coffee&nsdOptOutParam=true&qid=1789840716&sr=8-7,Bru Gold coffee
Davidoff,"Davidoff Espresso 57 Dark & Chocolatey Instant Coffee – 100% Arabica, Rich Premium Coffee 100g Jar | Imported from Germany",100.0,767.0,7.67,4.5,,https://www.amazon.in/Davidoff-Espresso-Chocolatey-Instant-Coffee/dp/B0G12G1QZ7/ref=sr_1_12?dib=eyJ2IjoiMSJ9.umIbmiqO3ANRJpq7r8oy-084P2O58u51Nm5mue2WVoRqr7j9t4WcN8s82m4vg7A2zaE9bmCIhK_r9l3T33foQ5cADAaZZN6TKIHqTXEnORnJ6slm7e5CmUYYfjbjzGcb1LHnInrparq5jBD50f8giK0jeyD7rn0Sr7cKREgaHBkDexIHTXQv9cq-dBvc9w_g46omSUWIEhVb15j9bcQA7ZOAWZM0se6H9J-SdXPTA8RCFkjqpJkLrD2rYiEDtd2hT31fcapT1Qfb9OBg-oZqpUytwnZqkh2UQ94izblvSXM.JNC_tB1CudIwZ7NkuGS41VJ3hZFQEqvGsBuPPZIqNs8&dib_tag=se&keywords=Davidoff+coffee+powder&nsdOptOutParam=true&qid=1789840735&sr=8-12,Davidoff coffee powder
Davidoff,"DAVIDOFF Espresso 57 Instant Coffee, 100% Arabica, Dark & Chocolatey, 90g",90.0,754.0,8.38,4.6,100.0,https://www.amazon.in/DAVIDOFF-Espresso-Instant-Arabica-Chocolatey/dp/B0GJT171LQ/ref=sr_1_24?dib=eyJ2IjoiMSJ9.umIbmiqO3ANRJpq7r8oy-084P2O58u51Nm5mue2WVoRqr7j9t4WcN8s82m4vg7A2zaE9bmCIhK_r9l3T33foQ5cADAaZZN6TKIHqTXEnORnJ6slm7e5CmUYYfjbjzGcb1LHnInrparq5jBD50f8giK0jeyD7rn0Sr7cKREgaHBkDexIHTXQv9cq-dBvc9w_g46omSUWIEhVb15j9bcQA7ZOAWZM0se6H9J-SdXPTA8RCFkjqpJkLrD2rYiEDtd2hT31fcapT1Qfb9OBg-oZqpUytwnZqkh2UQ94izblvSXM.JNC_tB1CudIwZ7NkuGS41VJ3hZFQEqvGsBuPPZIqNs8&dib_tag=se&keywords=Davidoff+coffee+powder&nsdOptOutParam=true&qid=1789840735&sr=8-24,Davidoff coffee powder
Davidoff,"Davidoff Decaf Elegant Instant Coffee (100g) Jar By FEBORA - Velvety & Delightful Flavor, Medium Intensity 6 | Smooth Aroma Coffee for Anytime Enjoyment...",100.0,970.0,9.7,4.4,,https://www.amazon.in/Davidoff-Elegant-Instant-Coffee-FEBORA/dp/B0GTV671TT/ref=sr_1_21?dib=eyJ2IjoiMSJ9.umIbmiqO3ANRJpq7r8oy-084P2O58u51Nm5mue2WVoRqr7j9t4WcN8s82m4vg7A2zaE9bmCIhK_r9l3T33foQ5cADAaZZN6TKIHqTXEnORnJ6slm7e5CmUYYfjbjzGcb1LHnInrparq5jBD50f8giK0jeyD7rn0Sr7cKREgaHBkDexIHTXQv9cq-dBvc9w_g46omSUWIEhVb15j9bcQA7ZOAWZM0se6H9J-SdXPTA8RCFkjqpJkLrD2rYiEDtd2hT31fcapT1Qfb9OBg-oZqpUytwnZqkh2UQ94izblvSXM.JNC_tB1CudIwZ7NkuGS41VJ3hZFQEqvGsBuPPZIqNs8&dib_tag=se&keywords=Davidoff+coffee+powder&nsdOptOutParam=true&qid=1789840735&sr=8-21,Davidoff coffee powder
Davidoff,Davidoff,,849.0,,4.6,,https://www.amazon.in/Davidoff-Espresso-Intense-Instant-Arabica/dp/B09G5BS32M/ref=sr_1_1?dib=eyJ2IjoiMSJ9.umIbmiqO3ANRJpq7r8oy-084P2O58u51Nm5mue2WVoRqr7j9t4WcN8s82m4vg7A2zaE9bmCIhK_r9l3T33foQ5cADAaZZN6TKIHqTXEnORnJ6slm7e5CmUYYfjbjzGcb1LHnInrparq5jBD50f8giK0jeyD7rn0Sr7cKREgaHBkDexIHTXQv9cq-dBvc9w_g46omSUWIEhVb15j9bcQA7ZOAWZM0se6H9J-SdXPTA8RCFkjqpJkLrD2rYiEDtd2hT31fcapT1Qfb9OBg-oZqpUytwnZqkh2UQ94izblvSXM.JNC_tB1CudIwZ7NkuGS41VJ3hZFQEqvGsBuPPZIqNs8&dib_tag=se&keywords=Davidoff+coffee+powder&nsdOptOutParam=true&qid=1789840735&sr=8-1,Davidoff coffee powder
Davidoff,Davidoff,,835.0,,4.4,,https://www.amazon.in/Davidoff-Aroma-Instant-Coffee-Arabica/dp/B09G5DNBK4/ref=sr_1_2_mod_primary_new?dib=eyJ2IjoiMSJ9.umIbmiqO3ANRJpq7r8oy-084P2O58u51Nm5mue2WVoRqr7j9t4WcN8s82m4vg7A2zaE9bmCIhK_r9l3T33foQ5cADAaZZN6TKIHqTXEnORnJ6slm7e5CmUYYfjbjzGcb1LHnInrparq5jBD50f8giK0jeyD7rn0Sr7cKREgaHBkDexIHTXQv9cq-dBvc9w_g46omSUWIEhVb15j9bcQA7ZOAWZM0se6H9J-SdXPTA8RCFkjqpJkLrD2rYiEDtd2hT31fcapT1Qfb9OBg-oZqpUytwnZqkh2UQ94izblvSXM.JNC_tB1CudIwZ7NkuGS41VJ3hZFQEqvGsBuPPZIqNs8&dib_tag=se&keywords=Davidoff+coffee+powder&nsdOptOutParam=true&qid=1789840735&sbo=RZvfv%2F%2FHxDF%2BO5021pAnSA%3D%3D&sr=8-2,Davidoff coffee powder
Davidoff,Davidoff,,749.0,,4.1,,https://www.amazon.in/Davidoff-Crema-Intense-Bottle-90/dp/B07NQDJFJN/ref=sr_1_3?dib=eyJ2IjoiMSJ9.umIbmiqO3ANRJpq7r8oy-084P2O58u51Nm5mue2WVoRqr7j9t4WcN8s82m4vg7A2zaE9bmCIhK_r9l3T33foQ5cADAaZZN6TKIHqTXEnORnJ6slm7e5CmUYYfjbjzGcb1LHnInrparq5jBD50f8giK0jeyD7rn0Sr7cKREgaHBkDexIHTXQv9cq-dBvc9w_g46omSUWIEhVb15j9bcQA7ZOAWZM0se6H9J-SdXPTA8RCFkjqpJkLrD2rYiEDtd2hT31fcapT1Qfb9OBg-oZqpUytwnZqkh2UQ94izblvSXM.JNC_tB1CudIwZ7NkuGS41VJ3hZFQEqvGsBuPPZIqNs8&dib_tag=se&keywords=Davidoff+coffee+powder&nsdOptOutParam=true&qid=1789840735&sr=8-3,Davidoff coffee powder
Davidoff,Davidoff,,769.0,,4.6,,https://www.amazon.in/Davidoff-Espresso-Intense-Instant-Intensity/dp/B0FNX13ZBK/ref=sr_1_4?dib=eyJ2IjoiMSJ9.umIbmiqO3ANRJpq7r8oy-084P2O58u51Nm5mue2WVoRqr7j9t4WcN8s82m4vg7A2zaE9bmCIhK_r9l3T33foQ5cADAaZZN6TKIHqTXEnORnJ6slm7e5CmUYYfjbjzGcb1LHnInrparq5jBD50f8giK0jeyD7rn0Sr7cKREgaHBkDexIHTXQv9cq-dBvc9w_g46omSUWIEhVb15j9bcQA7ZOAWZM0se6H9J-SdXPTA8RCFkjqpJkLrD2rYiEDtd2hT31fcapT1Qfb9OBg-oZqpUytwnZqkh2UQ94izblvSXM.JNC_tB1CudIwZ7NkuGS41VJ3hZFQEqvGsBuPPZIqNs8&dib_tag=se&keywords=Davidoff+coffee+powder&nsdOptOutParam=true&qid=1789840735&sr=8-4,Davidoff coffee powder
Davidoff,Davidoff,,449.0,,4.4,,https://www.amazon.in/Davidoff-Espresso-Arabica-Intensity-Granules/dp/B0FHKZKM6H/ref=sr_1_5?dib=eyJ2IjoiMSJ9.umIbmiqO3ANRJpq7r8oy-084P2O58u51Nm5mue2WVoRqr7j9t4WcN8s82m4vg7A2zaE9bmCIhK_r9l3T33foQ5cADAaZZN6TKIHqTXEnORnJ6slm7e5CmUYYfjbjzGcb1LHnInrparq5jBD50f8giK0jeyD7rn0Sr7cKREgaHBkDexIHTXQv9cq-dBvc9w_g46omSUWIEhVb15j9bcQA7ZOAWZM0se6H9J-SdXPTA8RCFkjqpJkLrD2rYiEDtd2hT31fcapT1Qfb9OBg-oZqpUytwnZqkh2UQ94izblvSXM.JNC_tB1CudIwZ7NkuGS41VJ3hZFQEqvGsBuPPZIqNs8&dib_tag=se&keywords=Davidoff+coffee+powder&nsdOptOutParam=true&qid=1789840735&sr=8-5,Davidoff coffee powder
Davidoff,Davidoff,,499.0,,,,https://www.amazon.in/Davidoff-Intensity-Pistachio-Chocolate-Switzerland/dp/B0HJCTGMHL/ref=sr_1_7?dib=eyJ2IjoiMSJ9.umIbmiqO3ANRJpq7r8oy-084P2O58u51Nm5mue2WVoRqr7j9t4WcN8s82m4vg7A2zaE9bmCIhK_r9l3T33foQ5cADAaZZN6TKIHqTXEnORnJ6slm7e5CmUYYfjbjzGcb1LHnInrparq5jBD50f8giK0jeyD7rn0Sr7cKREgaHBkDexIHTXQv9cq-dBvc9w_g46omSUWIEhVb15j9bcQA7ZOAWZM0se6H9J-SdXPTA8RCFkjqpJkLrD2rYiEDtd2hT31fcapT1Qfb9OBg-oZqpUytwnZqkh2UQ94izblvSXM.JNC_tB1CudIwZ7NkuGS41VJ3hZFQEqvGsBuPPZIqNs8&dib_tag=se&keywords=Davidoff+coffee+powder&nsdOptOutParam=true&qid=1789840735&sr=8-7,Davidoff coffee powder
Davidoff,Davidoff,,830.0,,4.6,,https://www.amazon.in/DAVIDOFF-AROMA-INSTANT-COFFEE-INTENSITY/dp/B00STKLN1S/ref=sr_1_8?dib=eyJ2IjoiMSJ9.umIbmiqO3ANRJpq7r8oy-084P2O58u51Nm5mue2WVoRqr7j9t4WcN8s82m4vg7A2zaE9bmCIhK_r9l3T33foQ5cADAaZZN6TKIHqTXEnORnJ6slm7e5CmUYYfjbjzGcb1LHnInrparq5jBD50f8giK0jeyD7rn0Sr7cKREgaHBkDexIHTXQv9cq-dBvc9w_g46omSUWIEhVb15j9bcQA7ZOAWZM0se6H9J-SdXPTA8RCFkjqpJkLrD2rYiEDtd2hT31fcapT1Qfb9OBg-oZqpUytwnZqkh2UQ94izblvSXM.JNC_tB1CudIwZ7NkuGS41VJ3hZFQEqvGsBuPPZIqNs8&dib_tag=se&keywords=Davidoff+coffee+powder&nsdOptOutParam=true&qid=1789840735&sr=8-8,Davidoff coffee powder
Davidoff,Davidoff,,724.0,,4.6,,https://www.amazon.in/Davidoff-Instant-Coffee-Arabica-Intensity/dp/B0FNWY477N/ref=sr_1_9?dib=eyJ2IjoiMSJ9.umIbmiqO3ANRJpq7r8oy-084P2O58u51Nm5mue2WVoRqr7j9t4WcN8s82m4vg7A2zaE9bmCIhK_r9l3T33foQ5cADAaZZN6TKIHqTXEnORnJ6slm7e5CmUYYfjbjzGcb1LHnInrparq5jBD50f8giK0jeyD7rn0Sr7cKREgaHBkDexIHTXQv9cq-dBvc9w_g46omSUWIEhVb15j9bcQA7ZOAWZM0se6H9J-SdXPTA8RCFkjqpJkLrD2rYiEDtd2hT31fcapT1Qfb9OBg-oZqpUytwnZqkh2UQ94izblvSXM.JNC_tB1CudIwZ7NkuGS41VJ3hZFQEqvGsBuPPZIqNs8&dib_tag=se&keywords=Davidoff+coffee+powder&nsdOptOutParam=true&qid=1789840735&sr=8-9,Davidoff coffee powder
Davidoff,Davidoff,,758.0,,4.2,,https://www.amazon.in/Davidoff-Crema-Intense-Instant-Coffee/dp/B094742C7W/ref=sr_1_10?dib=eyJ2IjoiMSJ9.umIbmiqO3ANRJpq7r8oy-084P2O58u51Nm5mue2WVoRqr7j9t4WcN8s82m4vg7A2zaE9bmCIhK_r9l3T33foQ5cADAaZZN6TKIHqTXEnORnJ6slm7e5CmUYYfjbjzGcb1LHnInrparq5jBD50f8giK0jeyD7rn0Sr7cKREgaHBkDexIHTXQv9cq-dBvc9w_g46omSUWIEhVb15j9bcQA7ZOAWZM0se6H9J-SdXPTA8RCFkjqpJkLrD2rYiEDtd2hT31fcapT1Qfb9OBg-oZqpUytwnZqkh2UQ94izblvSXM.JNC_tB1CudIwZ7NkuGS41VJ3hZFQEqvGsBuPPZIqNs8&dib_tag=se&keywords=Davidoff+coffee+powder&nsdOptOutParam=true&qid=1789840735&sr=8-10,Davidoff coffee powder
Davidoff,Davidoff,,1699.0,,3.9,,https://www.amazon.in/Davidoff-Instant-Coffee-Premium-Granules/dp/B0GRMVD6T2/ref=sr_1_11?dib=eyJ2IjoiMSJ9.umIbmiqO3ANRJpq7r8oy-084P2O58u51Nm5mue2WVoRqr7j9t4WcN8s82m4vg7A2zaE9bmCIhK_r9l3T33foQ5cADAaZZN6TKIHqTXEnORnJ6slm7e5CmUYYfjbjzGcb1LHnInrparq5jBD50f8giK0jeyD7rn0Sr7cKREgaHBkDexIHTXQv9cq-dBvc9w_g46omSUWIEhVb15j9bcQA7ZOAWZM0se6H9J-SdXPTA8RCFkjqpJkLrD2rYiEDtd2hT31fcapT1Qfb9OBg-oZqpUytwnZqkh2UQ94izblvSXM.JNC_tB1CudIwZ7NkuGS41VJ3hZFQEqvGsBuPPZIqNs8&dib_tag=se&keywords=Davidoff+coffee+powder&nsdOptOutParam=true&qid=1789840735&sr=8-11,Davidoff coffee powder
Davidoff,Davidoff,,760.0,,4.7,,https://www.amazon.in/Davidoff-Aroma-Instant-Coffee-Intensity/dp/B0FNWZ3YVV/ref=sr_1_14?dib=eyJ2IjoiMSJ9.umIbmiqO3ANRJpq7r8oy-084P2O58u51Nm5mue2WVoRqr7j9t4WcN8s82m4vg7A2zaE9bmCIhK_r9l3T33foQ5cADAaZZN6TKIHqTXEnORnJ6slm7e5CmUYYfjbjzGcb1LHnInrparq5jBD50f8giK0jeyD7rn0Sr7cKREgaHBkDexIHTXQv9cq-dBvc9w_g46omSUWIEhVb15j9bcQA7ZOAWZM0se6H9J-SdXPTA8RCFkjqpJkLrD2rYiEDtd2hT31fcapT1Qfb9OBg-oZqpUytwnZqkh2UQ94izblvSXM.JNC_tB1CudIwZ7NkuGS41VJ3hZFQEqvGsBuPPZIqNs8&dib_tag=se&keywords=Davidoff+coffee+powder&nsdOptOutParam=true&qid=1789840735&sr=8-14,Davidoff coffee powder
Davidoff,Davidoff,,1787.0,,4.4,,https://www.amazon.in/Davidoff-Cafe-Aroma-Instant-Coffee/dp/B00WBAQL8W/ref=sr_1_15?dib=eyJ2IjoiMSJ9.umIbmiqO3ANRJpq7r8oy-084P2O58u51Nm5mue2WVoRqr7j9t4WcN8s82m4vg7A2zaE9bmCIhK_r9l3T33foQ5cADAaZZN6TKIHqTXEnORnJ6slm7e5CmUYYfjbjzGcb1LHnInrparq5jBD50f8giK0jeyD7rn0Sr7cKREgaHBkDexIHTXQv9cq-dBvc9w_g46omSUWIEhVb15j9bcQA7ZOAWZM0se6H9J-SdXPTA8RCFkjqpJkLrD2rYiEDtd2hT31fcapT1Qfb9OBg-oZqpUytwnZqkh2UQ94izblvSXM.JNC_tB1CudIwZ7NkuGS41VJ3hZFQEqvGsBuPPZIqNs8&dib_tag=se&keywords=Davidoff+coffee+powder&nsdOptOutParam=true&qid=1789840735&sr=8-15,Davidoff coffee powder
Davidoff,Davidoff,,768.0,,4.5,,https://www.amazon.in/Davidoff-Espresso-Instant-Coffee-3-5-Ounce/dp/B00WB9A8PU/ref=sr_1_19?dib=eyJ2IjoiMSJ9.umIbmiqO3ANRJpq7r8oy-084P2O58u51Nm5mue2WVoRqr7j9t4WcN8s82m4vg7A2zaE9bmCIhK_r9l3T33foQ5cADAaZZN6TKIHqTXEnORnJ6slm7e5CmUYYfjbjzGcb1LHnInrparq5jBD50f8giK0jeyD7rn0Sr7cKREgaHBkDexIHTXQv9cq-dBvc9w_g46omSUWIEhVb15j9bcQA7ZOAWZM0se6H9J-SdXPTA8RCFkjqpJkLrD2rYiEDtd2hT31fcapT1Qfb9OBg-oZqpUytwnZqkh2UQ94izblvSXM.JNC_tB1CudIwZ7NkuGS41VJ3hZFQEqvGsBuPPZIqNs8&dib_tag=se&keywords=Davidoff+coffee+powder&nsdOptOutParam=true&qid=1789840735&sr=8-19,Davidoff coffee powder
Davidoff,Davidoff,,3289.0,,4.4,,https://www.amazon.in/Davidoff-Instant-Espresso-Intense-Premium/dp/B0GKVCYF1J/ref=sr_1_22?dib=eyJ2IjoiMSJ9.umIbmiqO3ANRJpq7r8oy-084P2O58u51Nm5mue2WVoRqr7j9t4WcN8s82m4vg7A2zaE9bmCIhK_r9l3T33foQ5cADAaZZN6TKIHqTXEnORnJ6slm7e5CmUYYfjbjzGcb1LHnInrparq5jBD50f8giK0jeyD7rn0Sr7cKREgaHBkDexIHTXQv9cq-dBvc9w_g46omSUWIEhVb15j9bcQA7ZOAWZM0se6H9J-SdXPTA8RCFkjqpJkLrD2rYiEDtd2hT31fcapT1Qfb9OBg-oZqpUytwnZqkh2UQ94izblvSXM.JNC_tB1CudIwZ7NkuGS41VJ3hZFQEqvGsBuPPZIqNs8&dib_tag=se&keywords=Davidoff+coffee+powder&nsdOptOutParam=true&qid=1789840735&sr=8-22,Davidoff coffee powder
Davidoff,Davidoff,,1800.0,,4.5,,https://www.amazon.in/Davidoff-Rich-Aroma-Instant-Coffee/dp/B0991T8KGS/ref=sr_1_23?dib=eyJ2IjoiMSJ9.umIbmiqO3ANRJpq7r8oy-084P2O58u51Nm5mue2WVoRqr7j9t4WcN8s82m4vg7A2zaE9bmCIhK_r9l3T33foQ5cADAaZZN6TKIHqTXEnORnJ6slm7e5CmUYYfjbjzGcb1LHnInrparq5jBD50f8giK0jeyD7rn0Sr7cKREgaHBkDexIHTXQv9cq-dBvc9w_g46omSUWIEhVb15j9bcQA7ZOAWZM0se6H9J-SdXPTA8RCFkjqpJkLrD2rYiEDtd2hT31fcapT1Qfb9OBg-oZqpUytwnZqkh2UQ94izblvSXM.JNC_tB1CudIwZ7NkuGS41VJ3hZFQEqvGsBuPPZIqNs8&dib_tag=se&keywords=Davidoff+coffee+powder&nsdOptOutParam=true&qid=1789840735&sr=8-23,Davidoff coffee powder
Davidoff,Davidoff,,1677.0,,4.6,,https://www.amazon.in/Davidoff-Fine-Aroma-Coffee-Bottle/dp/B087N68YT2/ref=sr_1_25?dib=eyJ2IjoiMSJ9.umIbmiqO3ANRJpq7r8oy-084P2O58u51Nm5mue2WVoRqr7j9t4WcN8s82m4vg7A2zaE9bmCIhK_r9l3T33foQ5cADAaZZN6TKIHqTXEnORnJ6slm7e5CmUYYfjbjzGcb1LHnInrparq5jBD50f8giK0jeyD7rn0Sr7cKREgaHBkDexIHTXQv9cq-dBvc9w_g46omSUWIEhVb15j9bcQA7ZOAWZM0se6H9J-SdXPTA8RCFkjqpJkLrD2rYiEDtd2hT31fcapT1Qfb9OBg-oZqpUytwnZqkh2UQ94izblvSXM.JNC_tB1CudIwZ7NkuGS41VJ3hZFQEqvGsBuPPZIqNs8&dib_tag=se&keywords=Davidoff+coffee+powder&nsdOptOutParam=true&qid=1789840735&sr=8-25,Davidoff coffee powder
Davidoff,Davidoff,,779.0,,4.6,,https://www.amazon.in/Davidoff-Fine-Aroma-100Gm/dp/B00N3VCKUG/ref=sr_1_26?dib=eyJ2IjoiMSJ9.umIbmiqO3ANRJpq7r8oy-084P2O58u51Nm5mue2WVoRqr7j9t4WcN8s82m4vg7A2zaE9bmCIhK_r9l3T33foQ5cADAaZZN6TKIHqTXEnORnJ6slm7e5CmUYYfjbjzGcb1LHnInrparq5jBD50f8giK0jeyD7rn0Sr7cKREgaHBkDexIHTXQv9cq-dBvc9w_g46omSUWIEhVb15j9bcQA7ZOAWZM0se6H9J-SdXPTA8RCFkjqpJkLrD2rYiEDtd2hT31fcapT1Qfb9OBg-oZqpUytwnZqkh2UQ94izblvSXM.JNC_tB1CudIwZ7NkuGS41VJ3hZFQEqvGsBuPPZIqNs8&dib_tag=se&keywords=Davidoff+coffee+powder&nsdOptOutParam=true&qid=1789840735&sr=8-26,Davidoff coffee powder
Davidoff,"Davidoff Rich Aroma Instant Coffee Vivid & Spicy Flavour, By febora, 100% Arabica Coffee, 90g",90.0,,,4.5,,https://www.amazon.in/Davidoff-Instant-Coffee-Flavour-Arabica/dp/B0GJT95JMT/ref=sr_1_27?dib=eyJ2IjoiMSJ9.umIbmiqO3ANRJpq7r8oy-084P2O58u51Nm5mue2WVoRqr7j9t4WcN8s82m4vg7A2zaE9bmCIhK_r9l3T33foQ5cADAaZZN6TKIHqTXEnORnJ6slm7e5CmUYYfjbjzGcb1LHnInrparq5jBD50f8giK0jeyD7rn0Sr7cKREgaHBkDexIHTXQv9cq-dBvc9w_g46omSUWIEhVb15j9bcQA7ZOAWZM0se6H9J-SdXPTA8RCFkjqpJkLrD2rYiEDtd2hT31fcapT1Qfb9OBg-oZqpUytwnZqkh2UQ94izblvSXM.JNC_tB1CudIwZ7NkuGS41VJ3hZFQEqvGsBuPPZIqNs8&dib_tag=se&keywords=Davidoff+coffee+powder&nsdOptOutParam=true&qid=1789840735&sr=8-27,Davidoff coffee powder
Davidoff,Davidoff,,800.0,,4.4,,https://www.amazon.in/Davidoff-Intense-Instant-Coffee-Bottle/dp/B07NXSMB56/ref=sr_1_29?dib=eyJ2IjoiMSJ9.umIbmiqO3ANRJpq7r8oy-084P2O58u51Nm5mue2WVoRqr7j9t4WcN8s82m4vg7A2zaE9bmCIhK_r9l3T33foQ5cADAaZZN6TKIHqTXEnORnJ6slm7e5CmUYYfjbjzGcb1LHnInrparq5jBD50f8giK0jeyD7rn0Sr7cKREgaHBkDexIHTXQv9cq-dBvc9w_g46omSUWIEhVb15j9bcQA7ZOAWZM0se6H9J-SdXPTA8RCFkjqpJkLrD2rYiEDtd2hT31fcapT1Qfb9OBg-oZqpUytwnZqkh2UQ94izblvSXM.JNC_tB1CudIwZ7NkuGS41VJ3hZFQEqvGsBuPPZIqNs8&dib_tag=se&keywords=Davidoff+coffee+powder&nsdOptOutParam=true&qid=1789840735&sr=8-29,Davidoff coffee powder
Davidoff,Davidoff,,949.0,,3.8,,https://www.amazon.in/Davidoff-Colombia-Instant-Nourishing-Colombian/dp/B0GNMMZRJ9/ref=sr_1_30?dib=eyJ2IjoiMSJ9.umIbmiqO3ANRJpq7r8oy-084P2O58u51Nm5mue2WVoRqr7j9t4WcN8s82m4vg7A2zaE9bmCIhK_r9l3T33foQ5cADAaZZN6TKIHqTXEnORnJ6slm7e5CmUYYfjbjzGcb1LHnInrparq5jBD50f8giK0jeyD7rn0Sr7cKREgaHBkDexIHTXQv9cq-dBvc9w_g46omSUWIEhVb15j9bcQA7ZOAWZM0se6H9J-SdXPTA8RCFkjqpJkLrD2rYiEDtd2hT31fcapT1Qfb9OBg-oZqpUytwnZqkh2UQ94izblvSXM.JNC_tB1CudIwZ7NkuGS41VJ3hZFQEqvGsBuPPZIqNs8&dib_tag=se&keywords=Davidoff+coffee+powder&nsdOptOutParam=true&qid=1789840735&sr=8-30,Davidoff coffee powder
Davidoff,Davidoff,,1740.0,,4.3,,https://www.amazon.in/Davidoff-Espresso-Instant-Chocolaty-Intensity/dp/B0GKVW86KZ/ref=sr_1_31_mod_primary_new?dib=eyJ2IjoiMSJ9.umIbmiqO3ANRJpq7r8oy-084P2O58u51Nm5mue2WVoRqr7j9t4WcN8s82m4vg7A2zaE9bmCIhK_r9l3T33foQ5cADAaZZN6TKIHqTXEnORnJ6slm7e5CmUYYfjbjzGcb1LHnInrparq5jBD50f8giK0jeyD7rn0Sr7cKREgaHBkDexIHTXQv9cq-dBvc9w_g46omSUWIEhVb15j9bcQA7ZOAWZM0se6H9J-SdXPTA8RCFkjqpJkLrD2rYiEDtd2hT31fcapT1Qfb9OBg-oZqpUytwnZqkh2UQ94izblvSXM.JNC_tB1CudIwZ7NkuGS41VJ3hZFQEqvGsBuPPZIqNs8&dib_tag=se&keywords=Davidoff+coffee+powder&nsdOptOutParam=true&qid=1789840735&sbo=RZvfv%2F%2FHxDF%2BO5021pAnSA%3D%3D&sr=8-31,Davidoff coffee powder
Davidoff,Davidoff,,999.0,,,,https://www.amazon.in/Davidoff-Chocolatey-Pistachio-Chocolate-Switzerland/dp/B0HH8XN3D3/ref=sr_1_32?dib=eyJ2IjoiMSJ9.umIbmiqO3ANRJpq7r8oy-084P2O58u51Nm5mue2WVoRqr7j9t4WcN8s82m4vg7A2zaE9bmCIhK_r9l3T33foQ5cADAaZZN6TKIHqTXEnORnJ6slm7e5CmUYYfjbjzGcb1LHnInrparq5jBD50f8giK0jeyD7rn0Sr7cKREgaHBkDexIHTXQv9cq-dBvc9w_g46omSUWIEhVb15j9bcQA7ZOAWZM0se6H9J-SdXPTA8RCFkjqpJkLrD2rYiEDtd2hT31fcapT1Qfb9OBg-oZqpUytwnZqkh2UQ94izblvSXM.JNC_tB1CudIwZ7NkuGS41VJ3hZFQEqvGsBuPPZIqNs8&dib_tag=se&keywords=Davidoff+coffee+powder&nsdOptOutParam=true&qid=1789840735&sr=8-32,Davidoff coffee powder
Davidoff,Davidoff,,2752.0,,2.2,,https://www.amazon.in/DAVIDOFF-Premium-Espresso-Aromatic-Experience/dp/B0GX9LFWJY/ref=sr_1_33?dib=eyJ2IjoiMSJ9.umIbmiqO3ANRJpq7r8oy-084P2O58u51Nm5mue2WVoRqr7j9t4WcN8s82m4vg7A2zaE9bmCIhK_r9l3T33foQ5cADAaZZN6TKIHqTXEnORnJ6slm7e5CmUYYfjbjzGcb1LHnInrparq5jBD50f8giK0jeyD7rn0Sr7cKREgaHBkDexIHTXQv9cq-dBvc9w_g46omSUWIEhVb15j9bcQA7ZOAWZM0se6H9J-SdXPTA8RCFkjqpJkLrD2rYiEDtd2hT31fcapT1Qfb9OBg-oZqpUytwnZqkh2UQ94izblvSXM.JNC_tB1CudIwZ7NkuGS41VJ3hZFQEqvGsBuPPZIqNs8&dib_tag=se&keywords=Davidoff+coffee+powder&nsdOptOutParam=true&qid=1789840735&sr=8-33,Davidoff coffee powder
Davidoff,Davidoff,,975.0,,5.0,,https://www.amazon.in/Davidoff-Elegant-Instant-Coffee-COUGAR/dp/B0GNML47LT/ref=sr_1_34?dib=eyJ2IjoiMSJ9.umIbmiqO3ANRJpq7r8oy-084P2O58u51Nm5mue2WVoRqr7j9t4WcN8s82m4vg7A2zaE9bmCIhK_r9l3T33foQ5cADAaZZN6TKIHqTXEnORnJ6slm7e5CmUYYfjbjzGcb1LHnInrparq5jBD50f8giK0jeyD7rn0Sr7cKREgaHBkDexIHTXQv9cq-dBvc9w_g46omSUWIEhVb15j9bcQA7ZOAWZM0se6H9J-SdXPTA8RCFkjqpJkLrD2rYiEDtd2hT31fcapT1Qfb9OBg-oZqpUytwnZqkh2UQ94izblvSXM.JNC_tB1CudIwZ7NkuGS41VJ3hZFQEqvGsBuPPZIqNs8&dib_tag=se&keywords=Davidoff+coffee+powder&nsdOptOutParam=true&qid=1789840735&sr=8-34,Davidoff coffee powder
Davidoff,Davidoff,,1799.0,,,,https://www.amazon.in/Davidoff-Instant-Arabica-Fragrant-Drinking/dp/B0GKVVCHLS/ref=sr_1_36?dib=eyJ2IjoiMSJ9.umIbmiqO3ANRJpq7r8oy-084P2O58u51Nm5mue2WVoRqr7j9t4WcN8s82m4vg7A2zaE9bmCIhK_r9l3T33foQ5cADAaZZN6TKIHqTXEnORnJ6slm7e5CmUYYfjbjzGcb1LHnInrparq5jBD50f8giK0jeyD7rn0Sr7cKREgaHBkDexIHTXQv9cq-dBvc9w_g46omSUWIEhVb15j9bcQA7ZOAWZM0se6H9J-SdXPTA8RCFkjqpJkLrD2rYiEDtd2hT31fcapT1Qfb9OBg-oZqpUytwnZqkh2UQ94izblvSXM.JNC_tB1CudIwZ7NkuGS41VJ3hZFQEqvGsBuPPZIqNs8&dib_tag=se&keywords=Davidoff+coffee+powder&nsdOptOutParam=true&qid=1789840735&sr=8-36,Davidoff coffee powder
Davidoff,Davidoff,,5289.0,,5.0,,https://www.amazon.in/DAVIDOFF-Decaf-Elegant-Instant-Coffee/dp/B0D9HB1VCG/ref=sr_1_37?dib=eyJ2IjoiMSJ9.umIbmiqO3ANRJpq7r8oy-084P2O58u51Nm5mue2WVoRqr7j9t4WcN8s82m4vg7A2zaE9bmCIhK_r9l3T33foQ5cADAaZZN6TKIHqTXEnORnJ6slm7e5CmUYYfjbjzGcb1LHnInrparq5jBD50f8giK0jeyD7rn0Sr7cKREgaHBkDexIHTXQv9cq-dBvc9w_g46omSUWIEhVb15j9bcQA7ZOAWZM0se6H9J-SdXPTA8RCFkjqpJkLrD2rYiEDtd2hT31fcapT1Qfb9OBg-oZqpUytwnZqkh2UQ94izblvSXM.JNC_tB1CudIwZ7NkuGS41VJ3hZFQEqvGsBuPPZIqNs8&dib_tag=se&keywords=Davidoff+coffee+powder&nsdOptOutParam=true&qid=1789840735&sr=8-37,Davidoff coffee powder
Davidoff,Davidoff,,643.0,,3.8,,https://www.amazon.in/Davidoff-Aroma-Espresso-Coffee-Capsules/dp/B0DSPZYT6D/ref=sr_1_38?dib=eyJ2IjoiMSJ9.umIbmiqO3ANRJpq7r8oy-084P2O58u51Nm5mue2WVoRqr7j9t4WcN8s82m4vg7A2zaE9bmCIhK_r9l3T33foQ5cADAaZZN6TKIHqTXEnORnJ6slm7e5CmUYYfjbjzGcb1LHnInrparq5jBD50f8giK0jeyD7rn0Sr7cKREgaHBkDexIHTXQv9cq-dBvc9w_g46omSUWIEhVb15j9bcQA7ZOAWZM0se6H9J-SdXPTA8RCFkjqpJkLrD2rYiEDtd2hT31fcapT1Qfb9OBg-oZqpUytwnZqkh2UQ94izblvSXM.JNC_tB1CudIwZ7NkuGS41VJ3hZFQEqvGsBuPPZIqNs8&dib_tag=se&keywords=Davidoff+coffee+powder&nsdOptOutParam=true&qid=1789840735&sr=8-38,Davidoff coffee powder
Davidoff,Davidoff,,4935.0,,5.0,,https://www.amazon.in/Davidoff-Crema-Intense-Instant-Coffee/dp/B0DNB26831/ref=sr_1_42?dib=eyJ2IjoiMSJ9.umIbmiqO3ANRJpq7r8oy-084P2O58u51Nm5mue2WVoRqr7j9t4WcN8s82m4vg7A2zaE9bmCIhK_r9l3T33foQ5cADAaZZN6TKIHqTXEnORnJ6slm7e5CmUYYfjbjzGcb1LHnInrparq5jBD50f8giK0jeyD7rn0Sr7cKREgaHBkDexIHTXQv9cq-dBvc9w_g46omSUWIEhVb15j9bcQA7ZOAWZM0se6H9J-SdXPTA8RCFkjqpJkLrD2rYiEDtd2hT31fcapT1Qfb9OBg-oZqpUytwnZqkh2UQ94izblvSXM.JNC_tB1CudIwZ7NkuGS41VJ3hZFQEqvGsBuPPZIqNs8&dib_tag=se&keywords=Davidoff+coffee+powder&nsdOptOutParam=true&qid=1789840735&sr=8-42,Davidoff coffee powder
Davidoff,Davidoff,,4494.0,,5.0,,https://www.amazon.in/DAVIDOFF-AROMA-INSTANT-COFFEE-INTENSITY/dp/B09XFPRQST/ref=sr_1_43?dib=eyJ2IjoiMSJ9.umIbmiqO3ANRJpq7r8oy-084P2O58u51Nm5mue2WVoRqr7j9t4WcN8s82m4vg7A2zaE9bmCIhK_r9l3T33foQ5cADAaZZN6TKIHqTXEnORnJ6slm7e5CmUYYfjbjzGcb1LHnInrparq5jBD50f8giK0jeyD7rn0Sr7cKREgaHBkDexIHTXQv9cq-dBvc9w_g46omSUWIEhVb15j9bcQA7ZOAWZM0se6H9J-SdXPTA8RCFkjqpJkLrD2rYiEDtd2hT31fcapT1Qfb9OBg-oZqpUytwnZqkh2UQ94izblvSXM.JNC_tB1CudIwZ7NkuGS41VJ3hZFQEqvGsBuPPZIqNs8&dib_tag=se&keywords=Davidoff+coffee+powder&nsdOptOutParam=true&qid=1789840735&sr=8-43,Davidoff coffee powder
Davidoff,Davidoff,,1839.0,,5.0,,https://www.amazon.in/Davidoff-Instant-Coffee-Arabica-Premium/dp/B0GKVWTPXK/ref=sr_1_46?dib=eyJ2IjoiMSJ9.umIbmiqO3ANRJpq7r8oy-084P2O58u51Nm5mue2WVoRqr7j9t4WcN8s82m4vg7A2zaE9bmCIhK_r9l3T33foQ5cADAaZZN6TKIHqTXEnORnJ6slm7e5CmUYYfjbjzGcb1LHnInrparq5jBD50f8giK0jeyD7rn0Sr7cKREgaHBkDexIHTXQv9cq-dBvc9w_g46omSUWIEhVb15j9bcQA7ZOAWZM0se6H9J-SdXPTA8RCFkjqpJkLrD2rYiEDtd2hT31fcapT1Qfb9OBg-oZqpUytwnZqkh2UQ94izblvSXM.JNC_tB1CudIwZ7NkuGS41VJ3hZFQEqvGsBuPPZIqNs8&dib_tag=se&keywords=Davidoff+coffee+powder&nsdOptOutParam=true&qid=1789840735&sr=8-46,Davidoff coffee powder
Davidoff,Davidoff,,2699.0,,5.0,,https://www.amazon.in/Davidoff-Instant-Espresso-Premium-Arabica/dp/B0GKVP6D1P/ref=sr_1_47?dib=eyJ2IjoiMSJ9.umIbmiqO3ANRJpq7r8oy-084P2O58u51Nm5mue2WVoRqr7j9t4WcN8s82m4vg7A2zaE9bmCIhK_r9l3T33foQ5cADAaZZN6TKIHqTXEnORnJ6slm7e5CmUYYfjbjzGcb1LHnInrparq5jBD50f8giK0jeyD7rn0Sr7cKREgaHBkDexIHTXQv9cq-dBvc9w_g46omSUWIEhVb15j9bcQA7ZOAWZM0se6H9J-SdXPTA8RCFkjqpJkLrD2rYiEDtd2hT31fcapT1Qfb9OBg-oZqpUytwnZqkh2UQ94izblvSXM.JNC_tB1CudIwZ7NkuGS41VJ3hZFQEqvGsBuPPZIqNs8&dib_tag=se&keywords=Davidoff+coffee+powder&nsdOptOutParam=true&qid=1789840735&sr=8-47,Davidoff coffee powder
Davidoff,Davidoff,,1949.0,,,,https://www.amazon.in/Davidoff-Colombia-Instant-Coffee-Pack/dp/B0GNMCG2LG/ref=sr_1_48?dib=eyJ2IjoiMSJ9.umIbmiqO3ANRJpq7r8oy-084P2O58u51Nm5mue2WVoRqr7j9t4WcN8s82m4vg7A2zaE9bmCIhK_r9l3T33foQ5cADAaZZN6TKIHqTXEnORnJ6slm7e5CmUYYfjbjzGcb1LHnInrparq5jBD50f8giK0jeyD7rn0Sr7cKREgaHBkDexIHTXQv9cq-dBvc9w_g46omSUWIEhVb15j9bcQA7ZOAWZM0se6H9J-SdXPTA8RCFkjqpJkLrD2rYiEDtd2hT31fcapT1Qfb9OBg-oZqpUytwnZqkh2UQ94izblvSXM.JNC_tB1CudIwZ7NkuGS41VJ3hZFQEqvGsBuPPZIqNs8&dib_tag=se&keywords=Davidoff+coffee+powder&nsdOptOutParam=true&qid=1789840735&sr=8-48,Davidoff coffee powder
Davidoff,Davidoff,,1899.0,,,,https://www.amazon.in/Davidoff-Decaf-Elegant-Instant-Coffee/dp/B0GNMGYZX7/ref=sr_1_49?dib=eyJ2IjoiMSJ9.IgjBraFbj9tkZSV4pSyY8PJ-PhgEGx_-DeSd1Sz9NfzqHYBLqdNs7b4Z5Yta62okldIkobXMA1zAzQIyob6L7knyyNGoeOfinYlO_0lmnD6K_9yqWqb7T-gOQ6l-FOD_mTpvGZY_I-T0N-TfdfkFL1HGogbUCMUlbRLLb8ujIq-TKGvLoz_Hx6zhNBQ6n4Cp_IgtBVymOzVTsKMdP4xJHbyAGhmTHnGF-oqtCXA8z1eyrQiBuMMnDu7-J-uHi61bwmmBksxsk0-C-HRp9dQrPFNuwcGcoP_u_E_brvzhH6M.z_LJoxXX_ydbVxfCbR96kccF1P4kIDpn9RKzwXhmCys&dib_tag=se&keywords=Davidoff+coffee+powder&nsdOptOutParam=true&qid=1789840741&sr=8-49,Davidoff coffee powder
Davidoff,Davidoff,,799.0,,,,https://www.amazon.in/dp/B0HK8HDHWK/ref=sr_1_53?dib=eyJ2IjoiMSJ9.IgjBraFbj9tkZSV4pSyY8PJ-PhgEGx_-DeSd1Sz9NfzqHYBLqdNs7b4Z5Yta62okldIkobXMA1zAzQIyob6L7knyyNGoeOfinYlO_0lmnD6K_9yqWqb7T-gOQ6l-FOD_mTpvGZY_I-T0N-TfdfkFL1HGogbUCMUlbRLLb8ujIq-TKGvLoz_Hx6zhNBQ6n4Cp_IgtBVymOzVTsKMdP4xJHbyAGhmTHnGF-oqtCXA8z1eyrQiBuMMnDu7-J-uHi61bwmmBksxsk0-C-HRp9dQrPFNuwcGcoP_u_E_brvzhH6M.z_LJoxXX_ydbVxfCbR96kccF1P4kIDpn9RKzwXhmCys&dib_tag=se&keywords=Davidoff+coffee+powder&nsdOptOutParam=true&qid=1789840741&sr=8-53,Davidoff coffee powder
Nescafe,"NESCAFÉ Original 3-in-1 Instant Coffee, Powder Form, by febora foods, 30 Sachets, 525g, Caffeinated, Original Flavour",525.0,400.0,0.76,3.9,,https://www.amazon.in/NESCAF%C3%89-Original-Instant-Sachets-Caffeinated/dp/B0GVJ71CLT/ref=sr_1_59_mod_primary_new?dib=eyJ2IjoiMSJ9.LM-2sGdrA0yRiEgJgcHcY1bzcXwqRVJQ7ImGDDBKjv_hOPhytRZg9ki9ChzjEVfOHYQts6LjDhsek9lusWDlPGQU9A4lgVIfbFk0GYL72b2FkkzSxl48x7b4I6QudXnAg0tc5k1PBhSScCk7O7V5YjImzisJpoZ8u2Z9GDQjWLX6j4c49N6wVayO4xLMXSedm5BrhN0Bt6Vgg0k5_Wh4PM3D0dvtC8j4Q0zfgib81xKqtNYSgVLzDfD7FV4yKSvY_yAtwRGcKlCwG-tfblv4p9yESzxqsScIwPo-vdykFlk.BNW9R2SImXfac3QlrpDli3R_-FVN9Ts9LFGCsNKK_4w&dib_tag=se&keywords=Nescafe+coffee+powder&nsdOptOutParam=true&qid=1789840701&sbo=RZvfv%2F%2FHxDF%2BO5021pAnSA%3D%3D&sr=8-59,Nescafe coffee powder
Nescafe,"Nescafé All in 1 Frappe Cold Coffee Premix, 300g Jar, Powder",300.0,299.0,1.0,4.2,,https://www.amazon.in/NESCAFE-Frappe-Instant-Coffee-Premix/dp/B0DSCBY56P/ref=sr_1_40?dib=eyJ2IjoiMSJ9.j6Q_oSOX9yuabRURQeFKcXYoQV-TPdGVBI_i_33taGZ7F_xNPCLNul8BNTjmZXMDXoGFLGMaWd9_XZ8Wtd3dJsv8v-W9LUi5HBkrJ3Ku5eTh9J_M7tMDOKOBWYQud6h52dkZTiLHsL3b3PuOqVBkMjQbKECk95_bSJtcuh6dM-53vV-DB8yNwsa2nnd4OV3i5-LhMEkH5Eo_OudE06VjSYENkbN6QaKvvk6NK35TtbLl_evrbdm04QV9HiBdnIEkmrHWhwmvURN1UueIR6E0aMvcDE3hJ1bix0L3TH1N79g.Yu6s77tG0td3Facy7j8w-E4OOQp_27g_jBmJn_oFajs&dib_tag=se&keywords=Nescafe+coffee+powder&nsdOptOutParam=true&qid=1789840695&sr=8-40,Nescafe coffee powder
Nescafe,"Nescafé Choco Mocha Instant Coffee Premix, 125g, (5 Sachets x 25 g)",125.0,226.0,1.81,4.2,,https://www.amazon.in/NESCAFE-Instant-Coffee-Premix-Sachets/dp/B07NZXQDMM/ref=sr_1_92?dib=eyJ2IjoiMSJ9.LM-2sGdrA0yRiEgJgcHcY1bzcXwqRVJQ7ImGDDBKjv_hOPhytRZg9ki9ChzjEVfOHYQts6LjDhsek9lusWDlPGQU9A4lgVIfbFk0GYL72b2FkkzSxl48x7b4I6QudXnAg0tc5k1PBhSScCk7O7V5YjImzisJpoZ8u2Z9GDQjWLX6j4c49N6wVayO4xLMXSedm5BrhN0Bt6Vgg0k5_Wh4PM3D0dvtC8j4Q0zfgib81xKqtNYSgVLzDfD7FV4yKSvY_yAtwRGcKlCwG-tfblv4p9yESzxqsScIwPo-vdykFlk.BNW9R2SImXfac3QlrpDli3R_-FVN9Ts9LFGCsNKK_4w&dib_tag=se&keywords=Nescafe+coffee+powder&nsdOptOutParam=true&qid=1789840701&sr=8-92,Nescafe coffee powder
Nescafe,Sunrise Instant Coffee Powder by Nescafe | Rich Taste & Aroma For The Perfect Start To Your Day | Coffee Chicory Mix | 500g Pouch fine blend coffee [60%] & chicory [40%],500.0,1135.0,2.27,4.5,,https://www.amazon.in/Nescaf%C3%A9-Sunrise-Instant-Coffee-Chicory-Roasted/dp/B01C5IX1LO/ref=sr_1_11?dib=eyJ2IjoiMSJ9.j6Q_oSOX9yuabRURQeFKcXYoQV-TPdGVBI_i_33taGZ7F_xNPCLNul8BNTjmZXMDXoGFLGMaWd9_XZ8Wtd3dJsv8v-W9LUi5HBkrJ3Ku5eTh9J_M7tMDOKOBWYQud6h52dkZTiLHsL3b3PuOqVBkMjQbKECk95_bSJtcuh6dM-53vV-DB8yNwsa2nnd4OV3i5-LhMEkH5Eo_OudE06VjSYENkbN6QaKvvk6NK35TtbLl_evrbdm04QV9HiBdnIEkmrHWhwmvURN1UueIR6E0aMvcDE3hJ1bix0L3TH1N79g.Yu6s77tG0td3Facy7j8w-E4OOQp_27g_jBmJn_oFajs&dib_tag=se&keywords=Nescafe+coffee+powder&nsdOptOutParam=true&qid=1789840695&sr=8-11,Nescafe coffee powder
Nescafe,"NESCAFÉ 3in1 Rich Instant Coffee, Kaw & Strong Flavour, by febora foods, Powder Form, 25 Sticks per Bag, Pack of 2 450g",450.0,1450.0,3.22,5.0,,https://www.amazon.in/NESCAF%C3%89-Instant-Coffee-Strong-Flavour/dp/B0GVFGX595/ref=sr_1_96?dib=eyJ2IjoiMSJ9.LM-2sGdrA0yRiEgJgcHcY1bzcXwqRVJQ7ImGDDBKjv_hOPhytRZg9ki9ChzjEVfOHYQts6LjDhsek9lusWDlPGQU9A4lgVIfbFk0GYL72b2FkkzSxl48x7b4I6QudXnAg0tc5k1PBhSScCk7O7V5YjImzisJpoZ8u2Z9GDQjWLX6j4c49N6wVayO4xLMXSedm5BrhN0Bt6Vgg0k5_Wh4PM3D0dvtC8j4Q0zfgib81xKqtNYSgVLzDfD7FV4yKSvY_yAtwRGcKlCwG-tfblv4p9yESzxqsScIwPo-vdykFlk.BNW9R2SImXfac3QlrpDli3R_-FVN9Ts9LFGCsNKK_4w&dib_tag=se&keywords=Nescafe+coffee+powder&nsdOptOutParam=true&qid=1789840701&sr=8-96,Nescafe coffee powder
Nescafe,"Nescafé Original Extra Forte Ground Coffee Bottle, 230 g",230.0,810.0,3.52,4.3,,https://www.amazon.in/Nescafe-Original-Smooth-Coffee-Ectra/dp/B07ZNMLKRB/ref=sr_1_16?dib=eyJ2IjoiMSJ9.j6Q_oSOX9yuabRURQeFKcXYoQV-TPdGVBI_i_33taGZ7F_xNPCLNul8BNTjmZXMDXoGFLGMaWd9_XZ8Wtd3dJsv8v-W9LUi5HBkrJ3Ku5eTh9J_M7tMDOKOBWYQud6h52dkZTiLHsL3b3PuOqVBkMjQbKECk95_bSJtcuh6dM-53vV-DB8yNwsa2nnd4OV3i5-LhMEkH5Eo_OudE06VjSYENkbN6QaKvvk6NK35TtbLl_evrbdm04QV9HiBdnIEkmrHWhwmvURN1UueIR6E0aMvcDE3hJ1bix0L3TH1N79g.Yu6s77tG0td3Facy7j8w-E4OOQp_27g_jBmJn_oFajs&dib_tag=se&keywords=Nescafe+coffee+powder&nsdOptOutParam=true&qid=1789840695&sr=8-16,Nescafe coffee powder
Nescafe,Nescafe Matinal Suave Smooth (Imported) Instant Coffee (230 g Pure Flavoured),230.0,899.0,3.91,4.0,,https://www.amazon.in/Nescafe-Matinal-Smooth-Instant-Flavoured/dp/B0BNNBYVGH/ref=sr_1_128?dib=eyJ2IjoiMSJ9.ukGqlduktWsFr0Ay7wgoCfxeHPvVBbIt2n2noPGdlgDH43aWKsB6hIHq2yig_HHzMKbRUiZteH4fbZMQA8WQjNevs_HQzePHZDq1lJPuKTbcyDZlq0rgudw5D19T5ajlCCPzq1cmT6Qa1nZNKF_7DT1tH6Tt_kXL1U-NuwKo5JjWiHXk5-kYnVH-1n3m1ijgGFcpqxN8DUBQiTotPGYexm2wrxlqN7KM4lNdUZhg6YgXyPqdITNSiGHrxocmPGCTcxkFpuA1MIcOpSM3sLCYuVZK3mA43t4feERedTAnkjk.Oc9s4horJauTMLjQElc8cO7VphL2H9meMZTYBmnwOac&dib_tag=se&keywords=Nescafe+coffee+powder&nsdOptOutParam=true&qid=1789840706&sr=8-128,Nescafe coffee powder
Nescafe,"NESCAFÉ Ice Roast Coffee Powder with Frosty Glass And Recipe Book, 90g",90.0,400.0,4.44,4.3,100.0,https://www.amazon.in/NESCAF%C3%89-Coffee-Powder-Frosty-Recipe/dp/B0DSGDW7L3/ref=sr_1_17?dib=eyJ2IjoiMSJ9.j6Q_oSOX9yuabRURQeFKcXYoQV-TPdGVBI_i_33taGZ7F_xNPCLNul8BNTjmZXMDXoGFLGMaWd9_XZ8Wtd3dJsv8v-W9LUi5HBkrJ3Ku5eTh9J_M7tMDOKOBWYQud6h52dkZTiLHsL3b3PuOqVBkMjQbKECk95_bSJtcuh6dM-53vV-DB8yNwsa2nnd4OV3i5-LhMEkH5Eo_OudE06VjSYENkbN6QaKvvk6NK35TtbLl_evrbdm04QV9HiBdnIEkmrHWhwmvURN1UueIR6E0aMvcDE3hJ1bix0L3TH1N79g.Yu6s77tG0td3Facy7j8w-E4OOQp_27g_jBmJn_oFajs&dib_tag=se&keywords=Nescafe+coffee+powder&nsdOptOutParam=true&qid=1789840695&sr=8-17,Nescafe coffee powder
Nescafe,"Nescafé Black Roast Instant Coffee Powder, 90g Jar",90.0,405.0,4.5,4.4,100.0,https://www.amazon.in/NESCAF%C3%89-Classic-Black-Instant-Coffee/dp/B09FGCL2G9/ref=sr_1_7?dib=eyJ2IjoiMSJ9.j6Q_oSOX9yuabRURQeFKcXYoQV-TPdGVBI_i_33taGZ7F_xNPCLNul8BNTjmZXMDXoGFLGMaWd9_XZ8Wtd3dJsv8v-W9LUi5HBkrJ3Ku5eTh9J_M7tMDOKOBWYQud6h52dkZTiLHsL3b3PuOqVBkMjQbKECk95_bSJtcuh6dM-53vV-DB8yNwsa2nnd4OV3i5-LhMEkH5Eo_OudE06VjSYENkbN6QaKvvk6NK35TtbLl_evrbdm04QV9HiBdnIEkmrHWhwmvURN1UueIR6E0aMvcDE3hJ1bix0L3TH1N79g.Yu6s77tG0td3Facy7j8w-E4OOQp_27g_jBmJn_oFajs&dib_tag=se&keywords=Nescafe+coffee+powder&nsdOptOutParam=true&qid=1789840695&sr=8-7,Nescafe coffee powder
Nescafe,"Sunrise Instant Coffee Powder by Nescafe, 500g Pouch, Pack of 2",500.0,2270.0,4.54,5.0,6040.0,https://www.amazon.in/Sunrise-Instant-Coffee-Powder-Nescafe/dp/B0GX951LZ8/ref=sr_1_119?dib=eyJ2IjoiMSJ9.ukGqlduktWsFr0Ay7wgoCfxeHPvVBbIt2n2noPGdlgDH43aWKsB6hIHq2yig_HHzMKbRUiZteH4fbZMQA8WQjNevs_HQzePHZDq1lJPuKTbcyDZlq0rgudw5D19T5ajlCCPzq1cmT6Qa1nZNKF_7DT1tH6Tt_kXL1U-NuwKo5JjWiHXk5-kYnVH-1n3m1ijgGFcpqxN8DUBQiTotPGYexm2wrxlqN7KM4lNdUZhg6YgXyPqdITNSiGHrxocmPGCTcxkFpuA1MIcOpSM3sLCYuVZK3mA43t4feERedTAnkjk.Oc9s4horJauTMLjQElc8cO7VphL2H9meMZTYBmnwOac&dib_tag=se&keywords=Nescafe+coffee+powder&nsdOptOutParam=true&qid=1789840706&sr=8-119,Nescafe coffee powder
Nescafe,"Nescafé Ice Roast Instant Coffee Powder, 90g Jar",90.0,420.0,4.67,4.2,100.0,https://www.amazon.in/NESCAFE-Instant-Coffee-Powder-Dissolves/dp/B0CV779KZG/ref=sr_1_35?dib=eyJ2IjoiMSJ9.j6Q_oSOX9yuabRURQeFKcXYoQV-TPdGVBI_i_33taGZ7F_xNPCLNul8BNTjmZXMDXoGFLGMaWd9_XZ8Wtd3dJsv8v-W9LUi5HBkrJ3Ku5eTh9J_M7tMDOKOBWYQud6h52dkZTiLHsL3b3PuOqVBkMjQbKECk95_bSJtcuh6dM-53vV-DB8yNwsa2nnd4OV3i5-LhMEkH5Eo_OudE06VjSYENkbN6QaKvvk6NK35TtbLl_evrbdm04QV9HiBdnIEkmrHWhwmvURN1UueIR6E0aMvcDE3hJ1bix0L3TH1N79g.Yu6s77tG0td3Facy7j8w-E4OOQp_27g_jBmJn_oFajs&dib_tag=se&keywords=Nescafe+coffee+powder&nsdOptOutParam=true&qid=1789840695&sr=8-35,Nescafe coffee powder
Nescafe,"NESCAFÉ Frappé Type of Iced Coffee Powder with Lactose and Caffeine Free Instant Coffee, 1 Piece (1 x 275 g) By COUGAR – (Imported-USA)",275.0,1499.0,5.45,4.2,,https://www.amazon.in/NESCAF%C3%89-Frapp%C3%A9-Lactose-Caffeine-Instant/dp/B012I6D6MW/ref=sr_1_100?dib=eyJ2IjoiMSJ9.ukGqlduktWsFr0Ay7wgoCfxeHPvVBbIt2n2noPGdlgDH43aWKsB6hIHq2yig_HHzMKbRUiZteH4fbZMQA8WQjNevs_HQzePHZDq1lJPuKTbcyDZlq0rgudw5D19T5ajlCCPzq1cmT6Qa1nZNKF_7DT1tH6Tt_kXL1U-NuwKo5JjWiHXk5-kYnVH-1n3m1ijgGFcpqxN8DUBQiTotPGYexm2wrxlqN7KM4lNdUZhg6YgXyPqdITNSiGHrxocmPGCTcxkFpuA1MIcOpSM3sLCYuVZK3mA43t4feERedTAnkjk.Oc9s4horJauTMLjQElc8cO7VphL2H9meMZTYBmnwOac&dib_tag=se&keywords=Nescafe+coffee+powder&nsdOptOutParam=true&qid=1789840706&sr=8-100,Nescafe coffee powder
Nescafe,"NESCAFÉ Creamy Tiramisu Latte Instant Coffee, Dessert Edition, BY FEBORA, Powder Form, 7 Sachets Pack, 136.5G",136.5,799.0,5.85,4.0,,https://www.amazon.in/NESCAF%C3%89-Tiramisu-Instant-Dessert-Sachets/dp/B0H2PPSHVD/ref=sr_1_105?dib=eyJ2IjoiMSJ9.ukGqlduktWsFr0Ay7wgoCfxeHPvVBbIt2n2noPGdlgDH43aWKsB6hIHq2yig_HHzMKbRUiZteH4fbZMQA8WQjNevs_HQzePHZDq1lJPuKTbcyDZlq0rgudw5D19T5ajlCCPzq1cmT6Qa1nZNKF_7DT1tH6Tt_kXL1U-NuwKo5JjWiHXk5-kYnVH-1n3m1ijgGFcpqxN8DUBQiTotPGYexm2wrxlqN7KM4lNdUZhg6YgXyPqdITNSiGHrxocmPGCTcxkFpuA1MIcOpSM3sLCYuVZK3mA43t4feERedTAnkjk.Oc9s4horJauTMLjQElc8cO7VphL2H9meMZTYBmnwOac&dib_tag=se&keywords=Nescafe+coffee+powder&nsdOptOutParam=true&qid=1789840706&sr=8-105,Nescafe coffee powder
Nescafe,Sunrise Instant Coffee Powder by Nescafe | Strong Taste for the perfect start to your day | Coffee Chicory-Mix | 45g Jar (Pack of 2),45.0,280.0,6.22,4.3,,https://www.amazon.in/Sunrise-Instant-Nescafe-perfect-Chicory-Mix/dp/B0H6G5KZLJ/ref=sr_1_44?dib=eyJ2IjoiMSJ9.j6Q_oSOX9yuabRURQeFKcXYoQV-TPdGVBI_i_33taGZ7F_xNPCLNul8BNTjmZXMDXoGFLGMaWd9_XZ8Wtd3dJsv8v-W9LUi5HBkrJ3Ku5eTh9J_M7tMDOKOBWYQud6h52dkZTiLHsL3b3PuOqVBkMjQbKECk95_bSJtcuh6dM-53vV-DB8yNwsa2nnd4OV3i5-LhMEkH5Eo_OudE06VjSYENkbN6QaKvvk6NK35TtbLl_evrbdm04QV9HiBdnIEkmrHWhwmvURN1UueIR6E0aMvcDE3hJ1bix0L3TH1N79g.Yu6s77tG0td3Facy7j8w-E4OOQp_27g_jBmJn_oFajs&dib_tag=se&keywords=Nescafe+coffee+powder&nsdOptOutParam=true&qid=1789840695&sr=8-44,Nescafe coffee powder
Nescafe,"Nescafé Roastery Dark Roast Coffee, Freeze-dried, 95g Can",95.0,600.0,6.32,4.2,,https://www.amazon.in/Nescaf%C3%A9-Roastery-Roast-Coffee-Freeze-dried/dp/B0CVN8G65P/ref=sr_1_36?dib=eyJ2IjoiMSJ9.j6Q_oSOX9yuabRURQeFKcXYoQV-TPdGVBI_i_33taGZ7F_xNPCLNul8BNTjmZXMDXoGFLGMaWd9_XZ8Wtd3dJsv8v-W9LUi5HBkrJ3Ku5eTh9J_M7tMDOKOBWYQud6h52dkZTiLHsL3b3PuOqVBkMjQbKECk95_bSJtcuh6dM-53vV-DB8yNwsa2nnd4OV3i5-LhMEkH5Eo_OudE06VjSYENkbN6QaKvvk6NK35TtbLl_evrbdm04QV9HiBdnIEkmrHWhwmvURN1UueIR6E0aMvcDE3hJ1bix0L3TH1N79g.Yu6s77tG0td3Facy7j8w-E4OOQp_27g_jBmJn_oFajs&dib_tag=se&keywords=Nescafe+coffee+powder&nsdOptOutParam=true&qid=1789840695&sr=8-36,Nescafe coffee powder
Nescafe,"Nescafé Roastery Medium Roast Coffee, Freeze-dried, 95g Can",95.0,600.0,6.32,4.3,,https://www.amazon.in/Nescaf%C3%A9-Roastery-Medium-Coffee-Freeze-dried/dp/B0CVN8ZFF1/ref=sr_1_41?dib=eyJ2IjoiMSJ9.j6Q_oSOX9yuabRURQeFKcXYoQV-TPdGVBI_i_33taGZ7F_xNPCLNul8BNTjmZXMDXoGFLGMaWd9_XZ8Wtd3dJsv8v-W9LUi5HBkrJ3Ku5eTh9J_M7tMDOKOBWYQud6h52dkZTiLHsL3b3PuOqVBkMjQbKECk95_bSJtcuh6dM-53vV-DB8yNwsa2nnd4OV3i5-LhMEkH5Eo_OudE06VjSYENkbN6QaKvvk6NK35TtbLl_evrbdm04QV9HiBdnIEkmrHWhwmvURN1UueIR6E0aMvcDE3hJ1bix0L3TH1N79g.Yu6s77tG0td3Facy7j8w-E4OOQp_27g_jBmJn_oFajs&dib_tag=se&keywords=Nescafe+coffee+powder&nsdOptOutParam=true&qid=1789840695&sr=8-41,Nescafe coffee powder
Nescafe,"Nescafé Green Triangle Mocha Flavour Instant Coffee, BY FEBORA, Powder, 7 Sachets, 133G",133.0,899.0,6.76,,,https://www.amazon.in/Nescaf%C3%A9-Triangle-Flavour-Instant-Sachets/dp/B0H2PV2NTH/ref=sr_1_81?dib=eyJ2IjoiMSJ9.LM-2sGdrA0yRiEgJgcHcY1bzcXwqRVJQ7ImGDDBKjv_hOPhytRZg9ki9ChzjEVfOHYQts6LjDhsek9lusWDlPGQU9A4lgVIfbFk0GYL72b2FkkzSxl48x7b4I6QudXnAg0tc5k1PBhSScCk7O7V5YjImzisJpoZ8u2Z9GDQjWLX6j4c49N6wVayO4xLMXSedm5BrhN0Bt6Vgg0k5_Wh4PM3D0dvtC8j4Q0zfgib81xKqtNYSgVLzDfD7FV4yKSvY_yAtwRGcKlCwG-tfblv4p9yESzxqsScIwPo-vdykFlk.BNW9R2SImXfac3QlrpDli3R_-FVN9Ts9LFGCsNKK_4w&dib_tag=se&keywords=Nescafe+coffee+powder&nsdOptOutParam=true&qid=1789840701&sr=8-81,Nescafe coffee powder
Nescafe,"Nescafé Peppermint Mocha Flavour Instant Coffee, BY FEBORA, Powder, 7 Sachets, 133g",133.0,925.0,6.95,,,https://www.amazon.in/Nescaf%C3%A9-Peppermint-Flavour-Instant-Sachets/dp/B0H2PT8QR2/ref=sr_1_93?dib=eyJ2IjoiMSJ9.LM-2sGdrA0yRiEgJgcHcY1bzcXwqRVJQ7ImGDDBKjv_hOPhytRZg9ki9ChzjEVfOHYQts6LjDhsek9lusWDlPGQU9A4lgVIfbFk0GYL72b2FkkzSxl48x7b4I6QudXnAg0tc5k1PBhSScCk7O7V5YjImzisJpoZ8u2Z9GDQjWLX6j4c49N6wVayO4xLMXSedm5BrhN0Bt6Vgg0k5_Wh4PM3D0dvtC8j4Q0zfgib81xKqtNYSgVLzDfD7FV4yKSvY_yAtwRGcKlCwG-tfblv4p9yESzxqsScIwPo-vdykFlk.BNW9R2SImXfac3QlrpDli3R_-FVN9Ts9LFGCsNKK_4w&dib_tag=se&keywords=Nescafe+coffee+powder&nsdOptOutParam=true&qid=1789840701&sr=8-93,Nescafe coffee powder
Nescafe,"Nescafé Original ExtraForte Instant Coffee, Medium Roast, Powder Form, 200g Glass Jar pack of 2 By Febora Foods",200.0,1570.0,7.85,3.5,,https://www.amazon.in/Nescaf%C3%A9-Original-ExtraForte-Instant-Coffee/dp/B0GNZW5M3W/ref=sr_1_94?dib=eyJ2IjoiMSJ9.LM-2sGdrA0yRiEgJgcHcY1bzcXwqRVJQ7ImGDDBKjv_hOPhytRZg9ki9ChzjEVfOHYQts6LjDhsek9lusWDlPGQU9A4lgVIfbFk0GYL72b2FkkzSxl48x7b4I6QudXnAg0tc5k1PBhSScCk7O7V5YjImzisJpoZ8u2Z9GDQjWLX6j4c49N6wVayO4xLMXSedm5BrhN0Bt6Vgg0k5_Wh4PM3D0dvtC8j4Q0zfgib81xKqtNYSgVLzDfD7FV4yKSvY_yAtwRGcKlCwG-tfblv4p9yESzxqsScIwPo-vdykFlk.BNW9R2SImXfac3QlrpDli3R_-FVN9Ts9LFGCsNKK_4w&dib_tag=se&keywords=Nescafe+coffee+powder&nsdOptOutParam=true&qid=1789840701&sr=8-94,Nescafe coffee powder
Nescafe,NESCAFÉ - Espresso Original Instant Coffee (100g) By COUGAR | Rich Espresso Style Coffee with Intense Aroma | Premium Instant Coffee Powder | Glass Jar for Hot Coffee – (Imported),100.0,848.0,8.48,4.6,,https://www.amazon.in/NESCAF%C3%89-Espresso-Original-Instant-Intense/dp/B07VQH2VMT/ref=sr_1_70?dib=eyJ2IjoiMSJ9.LM-2sGdrA0yRiEgJgcHcY1bzcXwqRVJQ7ImGDDBKjv_hOPhytRZg9ki9ChzjEVfOHYQts6LjDhsek9lusWDlPGQU9A4lgVIfbFk0GYL72b2FkkzSxl48x7b4I6QudXnAg0tc5k1PBhSScCk7O7V5YjImzisJpoZ8u2Z9GDQjWLX6j4c49N6wVayO4xLMXSedm5BrhN0Bt6Vgg0k5_Wh4PM3D0dvtC8j4Q0zfgib81xKqtNYSgVLzDfD7FV4yKSvY_yAtwRGcKlCwG-tfblv4p9yESzxqsScIwPo-vdykFlk.BNW9R2SImXfac3QlrpDli3R_-FVN9Ts9LFGCsNKK_4w&dib_tag=se&keywords=Nescafe+coffee+powder&nsdOptOutParam=true&qid=1789840701&sr=8-70,Nescafe coffee powder
Nescafe,"Nescafé Gold Bottle Coffee , 47 g",47.0,399.0,8.49,4.2,,https://www.amazon.in/Nescafe-Gold-Coffee-47-5-g/dp/B07Y1C7D47/ref=sr_1_135_mod_primary_new?dib=eyJ2IjoiMSJ9.ukGqlduktWsFr0Ay7wgoCfxeHPvVBbIt2n2noPGdlgDH43aWKsB6hIHq2yig_HHzMKbRUiZteH4fbZMQA8WQjNevs_HQzePHZDq1lJPuKTbcyDZlq0rgudw5D19T5ajlCCPzq1cmT6Qa1nZNKF_7DT1tH6Tt_kXL1U-NuwKo5JjWiHXk5-kYnVH-1n3m1ijgGFcpqxN8DUBQiTotPGYexm2wrxlqN7KM4lNdUZhg6YgXyPqdITNSiGHrxocmPGCTcxkFpuA1MIcOpSM3sLCYuVZK3mA43t4feERedTAnkjk.Oc9s4horJauTMLjQElc8cO7VphL2H9meMZTYBmnwOac&dib_tag=se&keywords=Nescafe+coffee+powder&nsdOptOutParam=true&qid=1789840706&sbo=RZvfv%2F%2FHxDF%2BO5021pAnSA%3D%3D&sr=8-135,Nescafe coffee powder
Nescafe,NESCAFÉ Espresso - Rich Crema Instant Coffee (95g) By COUGAR | Arabica Espresso Style Coffee with Rich Crema & Bold Aroma | Premium Instant Coffee Powder | Glass Jar – (Imported),95.0,886.0,9.33,4.8,,https://www.amazon.in/NESCAF%C3%89-Espresso-Instant-Arabica-Premium/dp/B09SZB1KZ4/ref=sr_1_67?dib=eyJ2IjoiMSJ9.LM-2sGdrA0yRiEgJgcHcY1bzcXwqRVJQ7ImGDDBKjv_hOPhytRZg9ki9ChzjEVfOHYQts6LjDhsek9lusWDlPGQU9A4lgVIfbFk0GYL72b2FkkzSxl48x7b4I6QudXnAg0tc5k1PBhSScCk7O7V5YjImzisJpoZ8u2Z9GDQjWLX6j4c49N6wVayO4xLMXSedm5BrhN0Bt6Vgg0k5_Wh4PM3D0dvtC8j4Q0zfgib81xKqtNYSgVLzDfD7FV4yKSvY_yAtwRGcKlCwG-tfblv4p9yESzxqsScIwPo-vdykFlk.BNW9R2SImXfac3QlrpDli3R_-FVN9Ts9LFGCsNKK_4w&dib_tag=se&keywords=Nescafe+coffee+powder&nsdOptOutParam=true&qid=1789840701&sr=8-67,Nescafe coffee powder
Nescafe,NESCAFÉ Espresso Rich Crema Instant Coffee (95g) Glass Jar By COUGAR | Arabica Espresso Style Coffee with Rich Crema & Bold Aroma | Premium Instant Coffee Powder – (Imported),95.0,889.0,9.36,4.7,,https://www.amazon.in/NESCAF%C3%89-Espresso-Instant-Arabica-Premium/dp/B09Q6J7N58/ref=sr_1_79?dib=eyJ2IjoiMSJ9.LM-2sGdrA0yRiEgJgcHcY1bzcXwqRVJQ7ImGDDBKjv_hOPhytRZg9ki9ChzjEVfOHYQts6LjDhsek9lusWDlPGQU9A4lgVIfbFk0GYL72b2FkkzSxl48x7b4I6QudXnAg0tc5k1PBhSScCk7O7V5YjImzisJpoZ8u2Z9GDQjWLX6j4c49N6wVayO4xLMXSedm5BrhN0Bt6Vgg0k5_Wh4PM3D0dvtC8j4Q0zfgib81xKqtNYSgVLzDfD7FV4yKSvY_yAtwRGcKlCwG-tfblv4p9yESzxqsScIwPo-vdykFlk.BNW9R2SImXfac3QlrpDli3R_-FVN9Ts9LFGCsNKK_4w&dib_tag=se&keywords=Nescafe+coffee+powder&nsdOptOutParam=true&qid=1789840701&sr=8-79,Nescafe coffee powder
Nescafe,NESCAFÉ - Classic Crema Instant Coffee (95g) By COUGAR | Smooth Rich Coffee with Fine Crema | Premium Instant Coffee Powder | Perfect for Hot & Cold Coffee Beverages – (Imported),95.0,999.0,10.52,4.6,,https://www.amazon.in/NESCAF%C3%89-Classic-Instant-Premium-Beverages/dp/B07P7X727Q/ref=sr_1_101?dib=eyJ2IjoiMSJ9.ukGqlduktWsFr0Ay7wgoCfxeHPvVBbIt2n2noPGdlgDH43aWKsB6hIHq2yig_HHzMKbRUiZteH4fbZMQA8WQjNevs_HQzePHZDq1lJPuKTbcyDZlq0rgudw5D19T5ajlCCPzq1cmT6Qa1nZNKF_7DT1tH6Tt_kXL1U-NuwKo5JjWiHXk5-kYnVH-1n3m1ijgGFcpqxN8DUBQiTotPGYexm2wrxlqN7KM4lNdUZhg6YgXyPqdITNSiGHrxocmPGCTcxkFpuA1MIcOpSM3sLCYuVZK3mA43t4feERedTAnkjk.Oc9s4horJauTMLjQElc8cO7VphL2H9meMZTYBmnwOac&dib_tag=se&keywords=Nescafe+coffee+powder&nsdOptOutParam=true&qid=1789840706&sr=8-101,Nescafe coffee powder
Nescafe,"Nescafé Original ExtraForte Instant Coffee, 200g Glass Jar, Medium Roast Powder, pack of 6 By Febora Foods",200.0,4299.0,21.5,,,https://www.amazon.in/Nescaf%C3%A9-Original-ExtraForte-Instant-Coffee/dp/B0GP1MY154/ref=sr_1_77?dib=eyJ2IjoiMSJ9.LM-2sGdrA0yRiEgJgcHcY1bzcXwqRVJQ7ImGDDBKjv_hOPhytRZg9ki9ChzjEVfOHYQts6LjDhsek9lusWDlPGQU9A4lgVIfbFk0GYL72b2FkkzSxl48x7b4I6QudXnAg0tc5k1PBhSScCk7O7V5YjImzisJpoZ8u2Z9GDQjWLX6j4c49N6wVayO4xLMXSedm5BrhN0Bt6Vgg0k5_Wh4PM3D0dvtC8j4Q0zfgib81xKqtNYSgVLzDfD7FV4yKSvY_yAtwRGcKlCwG-tfblv4p9yESzxqsScIwPo-vdykFlk.BNW9R2SImXfac3QlrpDli3R_-FVN9Ts9LFGCsNKK_4w&dib_tag=se&keywords=Nescafe+coffee+powder&nsdOptOutParam=true&qid=1789840701&sr=8-77,Nescafe coffee powder
Nescafe,"Nescafé Sunrise Instant Coffee, Pack of 30 Sachets, 3.8g each",3.8,150.0,39.47,4.2,,https://www.amazon.in/Nescaf%C3%A9-Sunrise-Instant-Coffee-Sachets/dp/B0DSQ9DQBK/ref=sr_1_22?dib=eyJ2IjoiMSJ9.j6Q_oSOX9yuabRURQeFKcXYoQV-TPdGVBI_i_33taGZ7F_xNPCLNul8BNTjmZXMDXoGFLGMaWd9_XZ8Wtd3dJsv8v-W9LUi5HBkrJ3Ku5eTh9J_M7tMDOKOBWYQud6h52dkZTiLHsL3b3PuOqVBkMjQbKECk95_bSJtcuh6dM-53vV-DB8yNwsa2nnd4OV3i5-LhMEkH5Eo_OudE06VjSYENkbN6QaKvvk6NK35TtbLl_evrbdm04QV9HiBdnIEkmrHWhwmvURN1UueIR6E0aMvcDE3hJ1bix0L3TH1N79g.Yu6s77tG0td3Facy7j8w-E4OOQp_27g_jBmJn_oFajs&dib_tag=se&keywords=Nescafe+coffee+powder&nsdOptOutParam=true&qid=1789840695&sr=8-22,Nescafe coffee powder
Nescafe,Nescafe,,570.0,,4.1,,https://www.amazon.in/Nescafe-Signature-Coffee-Vending-Machine/dp/B071GF7MNY/ref=sr_1_4?dib=eyJ2IjoiMSJ9.j6Q_oSOX9yuabRURQeFKcXYoQV-TPdGVBI_i_33taGZ7F_xNPCLNul8BNTjmZXMDXoGFLGMaWd9_XZ8Wtd3dJsv8v-W9LUi5HBkrJ3Ku5eTh9J_M7tMDOKOBWYQud6h52dkZTiLHsL3b3PuOqVBkMjQbKECk95_bSJtcuh6dM-53vV-DB8yNwsa2nnd4OV3i5-LhMEkH5Eo_OudE06VjSYENkbN6QaKvvk6NK35TtbLl_evrbdm04QV9HiBdnIEkmrHWhwmvURN1UueIR6E0aMvcDE3hJ1bix0L3TH1N79g.Yu6s77tG0td3Facy7j8w-E4OOQp_27g_jBmJn_oFajs&dib_tag=se&keywords=Nescafe+coffee+powder&nsdOptOutParam=true&qid=1789840695&sr=8-4,Nescafe coffee powder
Nescafe,NESCAFÉ Sunrise,,375.0,,4.4,,https://www.amazon.in/Nescaf%C3%A9-NESCAFE-SUNRISE-Instant-Coffee-Chicory/dp/B00VJYYJ80/ref=sr_1_8?dib=eyJ2IjoiMSJ9.j6Q_oSOX9yuabRURQeFKcXYoQV-TPdGVBI_i_33taGZ7F_xNPCLNul8BNTjmZXMDXoGFLGMaWd9_XZ8Wtd3dJsv8v-W9LUi5HBkrJ3Ku5eTh9J_M7tMDOKOBWYQud6h52dkZTiLHsL3b3PuOqVBkMjQbKECk95_bSJtcuh6dM-53vV-DB8yNwsa2nnd4OV3i5-LhMEkH5Eo_OudE06VjSYENkbN6QaKvvk6NK35TtbLl_evrbdm04QV9HiBdnIEkmrHWhwmvURN1UueIR6E0aMvcDE3hJ1bix0L3TH1N79g.Yu6s77tG0td3Facy7j8w-E4OOQp_27g_jBmJn_oFajs&dib_tag=se&keywords=Nescafe+coffee+powder&nsdOptOutParam=true&qid=1789840695&sr=8-8,Nescafe coffee powder
Nescafe,Nescafe,,300.0,,4.4,,https://www.amazon.in/NESCAFE-Classic-Instant-Coffee-morning/dp/B0GWZW569P/ref=sr_1_9?dib=eyJ2IjoiMSJ9.j6Q_oSOX9yuabRURQeFKcXYoQV-TPdGVBI_i_33taGZ7F_xNPCLNul8BNTjmZXMDXoGFLGMaWd9_XZ8Wtd3dJsv8v-W9LUi5HBkrJ3Ku5eTh9J_M7tMDOKOBWYQud6h52dkZTiLHsL3b3PuOqVBkMjQbKECk95_bSJtcuh6dM-53vV-DB8yNwsa2nnd4OV3i5-LhMEkH5Eo_OudE06VjSYENkbN6QaKvvk6NK35TtbLl_evrbdm04QV9HiBdnIEkmrHWhwmvURN1UueIR6E0aMvcDE3hJ1bix0L3TH1N79g.Yu6s77tG0td3Facy7j8w-E4OOQp_27g_jBmJn_oFajs&dib_tag=se&keywords=Nescafe+coffee+powder&nsdOptOutParam=true&qid=1789840695&sr=8-9,Nescafe coffee powder
Nescafe,Nescafe,,720.0,,4.1,,https://www.amazon.in/Nescaf%C3%A9-NWT194-Nescaf%C2%83%C2%A9-Original-coffee/dp/B008S8RJKK/ref=sr_1_14_mod_primary_new?dib=eyJ2IjoiMSJ9.j6Q_oSOX9yuabRURQeFKcXYoQV-TPdGVBI_i_33taGZ7F_xNPCLNul8BNTjmZXMDXoGFLGMaWd9_XZ8Wtd3dJsv8v-W9LUi5HBkrJ3Ku5eTh9J_M7tMDOKOBWYQud6h52dkZTiLHsL3b3PuOqVBkMjQbKECk95_bSJtcuh6dM-53vV-DB8yNwsa2nnd4OV3i5-LhMEkH5Eo_OudE06VjSYENkbN6QaKvvk6NK35TtbLl_evrbdm04QV9HiBdnIEkmrHWhwmvURN1UueIR6E0aMvcDE3hJ1bix0L3TH1N79g.Yu6s77tG0td3Facy7j8w-E4OOQp_27g_jBmJn_oFajs&dib_tag=se&keywords=Nescafe+coffee+powder&nsdOptOutParam=true&qid=1789840695&sbo=RZvfv%2F%2FHxDF%2BO5021pAnSA%3D%3D&sr=8-14,Nescafe coffee powder
Nescafe,NESCAFÉ Sunrise,,280.0,,4.4,,https://www.amazon.in/SUNRISE-Nescafe-Instant-Coffee-Coffee-Chicory/dp/B079KSZ7N7/ref=sr_1_15?dib=eyJ2IjoiMSJ9.j6Q_oSOX9yuabRURQeFKcXYoQV-TPdGVBI_i_33taGZ7F_xNPCLNul8BNTjmZXMDXoGFLGMaWd9_XZ8Wtd3dJsv8v-W9LUi5HBkrJ3Ku5eTh9J_M7tMDOKOBWYQud6h52dkZTiLHsL3b3PuOqVBkMjQbKECk95_bSJtcuh6dM-53vV-DB8yNwsa2nnd4OV3i5-LhMEkH5Eo_OudE06VjSYENkbN6QaKvvk6NK35TtbLl_evrbdm04QV9HiBdnIEkmrHWhwmvURN1UueIR6E0aMvcDE3hJ1bix0L3TH1N79g.Yu6s77tG0td3Facy7j8w-E4OOQp_27g_jBmJn_oFajs&dib_tag=se&keywords=Nescafe+coffee+powder&nsdOptOutParam=true&qid=1789840695&sr=8-15,Nescafe coffee powder
Nescafe,Nescafe,,791.0,,4.4,,https://www.amazon.in/Nescaf-Classic-Pure-Soluble-Coffee/dp/B07D9H759X/ref=sr_1_19?dib=eyJ2IjoiMSJ9.j6Q_oSOX9yuabRURQeFKcXYoQV-TPdGVBI_i_33taGZ7F_xNPCLNul8BNTjmZXMDXoGFLGMaWd9_XZ8Wtd3dJsv8v-W9LUi5HBkrJ3Ku5eTh9J_M7tMDOKOBWYQud6h52dkZTiLHsL3b3PuOqVBkMjQbKECk95_bSJtcuh6dM-53vV-DB8yNwsa2nnd4OV3i5-LhMEkH5Eo_OudE06VjSYENkbN6QaKvvk6NK35TtbLl_evrbdm04QV9HiBdnIEkmrHWhwmvURN1UueIR6E0aMvcDE3hJ1bix0L3TH1N79g.Yu6s77tG0td3Facy7j8w-E4OOQp_27g_jBmJn_oFajs&dib_tag=se&keywords=Nescafe+coffee+powder&nsdOptOutParam=true&qid=1789840695&sr=8-19,Nescafe coffee powder
Nescafe,NESCAFÉ Sunrise,,140.0,,4.3,,https://www.amazon.in/SUNRISE-Instant-Coffee-Powder-Coffee-Chicory/dp/B01LXOUFNI/ref=sr_1_21?dib=eyJ2IjoiMSJ9.j6Q_oSOX9yuabRURQeFKcXYoQV-TPdGVBI_i_33taGZ7F_xNPCLNul8BNTjmZXMDXoGFLGMaWd9_XZ8Wtd3dJsv8v-W9LUi5HBkrJ3Ku5eTh9J_M7tMDOKOBWYQud6h52dkZTiLHsL3b3PuOqVBkMjQbKECk95_bSJtcuh6dM-53vV-DB8yNwsa2nnd4OV3i5-LhMEkH5Eo_OudE06VjSYENkbN6QaKvvk6NK35TtbLl_evrbdm04QV9HiBdnIEkmrHWhwmvURN1UueIR6E0aMvcDE3hJ1bix0L3TH1N79g.Yu6s77tG0td3Facy7j8w-E4OOQp_27g_jBmJn_oFajs&dib_tag=se&keywords=Nescafe+coffee+powder&nsdOptOutParam=true&qid=1789840695&sr=8-21,Nescafe coffee powder
Nescafe,Nescafe,,700.0,,4.3,,https://www.amazon.in/Nescafe-Classic-Stabilo-200g-pouch/dp/B01C5IX1AU/ref=sr_1_23_mod_primary_new?dib=eyJ2IjoiMSJ9.j6Q_oSOX9yuabRURQeFKcXYoQV-TPdGVBI_i_33taGZ7F_xNPCLNul8BNTjmZXMDXoGFLGMaWd9_XZ8Wtd3dJsv8v-W9LUi5HBkrJ3Ku5eTh9J_M7tMDOKOBWYQud6h52dkZTiLHsL3b3PuOqVBkMjQbKECk95_bSJtcuh6dM-53vV-DB8yNwsa2nnd4OV3i5-LhMEkH5Eo_OudE06VjSYENkbN6QaKvvk6NK35TtbLl_evrbdm04QV9HiBdnIEkmrHWhwmvURN1UueIR6E0aMvcDE3hJ1bix0L3TH1N79g.Yu6s77tG0td3Facy7j8w-E4OOQp_27g_jBmJn_oFajs&dib_tag=se&keywords=Nescafe+coffee+powder&nsdOptOutParam=true&qid=1789840695&sbo=RZvfv%2F%2FHxDF%2BO5021pAnSA%3D%3D&sr=8-23,Nescafe coffee powder
Nescafe,Nestle Nescafe Signature Blend Coffee Premix,,629.0,,4.1,,https://www.amazon.in/Nestle-Nescafe-Signature-Coffee-Premix/dp/B07DH7Z2J7/ref=sr_1_24?dib=eyJ2IjoiMSJ9.j6Q_oSOX9yuabRURQeFKcXYoQV-TPdGVBI_i_33taGZ7F_xNPCLNul8BNTjmZXMDXoGFLGMaWd9_XZ8Wtd3dJsv8v-W9LUi5HBkrJ3Ku5eTh9J_M7tMDOKOBWYQud6h52dkZTiLHsL3b3PuOqVBkMjQbKECk95_bSJtcuh6dM-53vV-DB8yNwsa2nnd4OV3i5-LhMEkH5Eo_OudE06VjSYENkbN6QaKvvk6NK35TtbLl_evrbdm04QV9HiBdnIEkmrHWhwmvURN1UueIR6E0aMvcDE3hJ1bix0L3TH1N79g.Yu6s77tG0td3Facy7j8w-E4OOQp_27g_jBmJn_oFajs&dib_tag=se&keywords=Nescafe+coffee+powder&nsdOptOutParam=true&qid=1789840695&sr=8-24,Nescafe coffee powder
Nescafe,Nescafe,,999.0,,4.5,,https://www.amazon.in/Nescafe-Smooth-Instant-Coffee-Powder/dp/B0CND3CW64/ref=sr_1_25?dib=eyJ2IjoiMSJ9.j6Q_oSOX9yuabRURQeFKcXYoQV-TPdGVBI_i_33taGZ7F_xNPCLNul8BNTjmZXMDXoGFLGMaWd9_XZ8Wtd3dJsv8v-W9LUi5HBkrJ3Ku5eTh9J_M7tMDOKOBWYQud6h52dkZTiLHsL3b3PuOqVBkMjQbKECk95_bSJtcuh6dM-53vV-DB8yNwsa2nnd4OV3i5-LhMEkH5Eo_OudE06VjSYENkbN6QaKvvk6NK35TtbLl_evrbdm04QV9HiBdnIEkmrHWhwmvURN1UueIR6E0aMvcDE3hJ1bix0L3TH1N79g.Yu6s77tG0td3Facy7j8w-E4OOQp_27g_jBmJn_oFajs&dib_tag=se&keywords=Nescafe+coffee+powder&nsdOptOutParam=true&qid=1789840695&sr=8-25,Nescafe coffee powder
Nescafe,Nescafe,,299.0,,4.4,,https://www.amazon.in/Nescafe-Classic-Instant-Coffee-Powder/dp/B0CG96Y3WG/ref=sr_1_26?dib=eyJ2IjoiMSJ9.j6Q_oSOX9yuabRURQeFKcXYoQV-TPdGVBI_i_33taGZ7F_xNPCLNul8BNTjmZXMDXoGFLGMaWd9_XZ8Wtd3dJsv8v-W9LUi5HBkrJ3Ku5eTh9J_M7tMDOKOBWYQud6h52dkZTiLHsL3b3PuOqVBkMjQbKECk95_bSJtcuh6dM-53vV-DB8yNwsa2nnd4OV3i5-LhMEkH5Eo_OudE06VjSYENkbN6QaKvvk6NK35TtbLl_evrbdm04QV9HiBdnIEkmrHWhwmvURN1UueIR6E0aMvcDE3hJ1bix0L3TH1N79g.Yu6s77tG0td3Facy7j8w-E4OOQp_27g_jBmJn_oFajs&dib_tag=se&keywords=Nescafe+coffee+powder&nsdOptOutParam=true&qid=1789840695&sr=8-26,Nescafe coffee powder
Nescafe,Nescafe,,1749.0,,4.3,,https://www.amazon.in/NESCAFE-Classic-Instant-Coffee-Powder/dp/B0B6953RGC/ref=sr_1_28?dib=eyJ2IjoiMSJ9.j6Q_oSOX9yuabRURQeFKcXYoQV-TPdGVBI_i_33taGZ7F_xNPCLNul8BNTjmZXMDXoGFLGMaWd9_XZ8Wtd3dJsv8v-W9LUi5HBkrJ3Ku5eTh9J_M7tMDOKOBWYQud6h52dkZTiLHsL3b3PuOqVBkMjQbKECk95_bSJtcuh6dM-53vV-DB8yNwsa2nnd4OV3i5-LhMEkH5Eo_OudE06VjSYENkbN6QaKvvk6NK35TtbLl_evrbdm04QV9HiBdnIEkmrHWhwmvURN1UueIR6E0aMvcDE3hJ1bix0L3TH1N79g.Yu6s77tG0td3Facy7j8w-E4OOQp_27g_jBmJn_oFajs&dib_tag=se&keywords=Nescafe+coffee+powder&nsdOptOutParam=true&qid=1789840695&sr=8-28,Nescafe coffee powder
Nescafe,"Nescafé Original ExtraForte Instant Coffee, 200g BY FEBORA FOODS",200.0,,,4.4,,https://www.amazon.in/Nescaf%C3%A9-Original-ExtraForte-Instant-Coffee/dp/B0GNZYTRX9/ref=sr_1_29?dib=eyJ2IjoiMSJ9.j6Q_oSOX9yuabRURQeFKcXYoQV-TPdGVBI_i_33taGZ7F_xNPCLNul8BNTjmZXMDXoGFLGMaWd9_XZ8Wtd3dJsv8v-W9LUi5HBkrJ3Ku5eTh9J_M7tMDOKOBWYQud6h52dkZTiLHsL3b3PuOqVBkMjQbKECk95_bSJtcuh6dM-53vV-DB8yNwsa2nnd4OV3i5-LhMEkH5Eo_OudE06VjSYENkbN6QaKvvk6NK35TtbLl_evrbdm04QV9HiBdnIEkmrHWhwmvURN1UueIR6E0aMvcDE3hJ1bix0L3TH1N79g.Yu6s77tG0td3Facy7j8w-E4OOQp_27g_jBmJn_oFajs&dib_tag=se&keywords=Nescafe+coffee+powder&nsdOptOutParam=true&qid=1789840695&sr=8-29,Nescafe coffee powder
Nescafe,Nescafe,,1408.0,,4.4,,https://www.amazon.in/Nescafe-Sunrise-Extra-Sachet-200g/dp/B079H34CLY/ref=sr_1_30?dib=eyJ2IjoiMSJ9.j6Q_oSOX9yuabRURQeFKcXYoQV-TPdGVBI_i_33taGZ7F_xNPCLNul8BNTjmZXMDXoGFLGMaWd9_XZ8Wtd3dJsv8v-W9LUi5HBkrJ3Ku5eTh9J_M7tMDOKOBWYQud6h52dkZTiLHsL3b3PuOqVBkMjQbKECk95_bSJtcuh6dM-53vV-DB8yNwsa2nnd4OV3i5-LhMEkH5Eo_OudE06VjSYENkbN6QaKvvk6NK35TtbLl_evrbdm04QV9HiBdnIEkmrHWhwmvURN1UueIR6E0aMvcDE3hJ1bix0L3TH1N79g.Yu6s77tG0td3Facy7j8w-E4OOQp_27g_jBmJn_oFajs&dib_tag=se&keywords=Nescafe+coffee+powder&nsdOptOutParam=true&qid=1789840695&sr=8-30,Nescafe coffee powder
Nescafe,Nescafe,,1450.0,,4.5,,https://www.amazon.in/NESCAFE-Classic-Instant-Coffee-Morning/dp/B0FK983RTY/ref=sr_1_31?dib=eyJ2IjoiMSJ9.j6Q_oSOX9yuabRURQeFKcXYoQV-TPdGVBI_i_33taGZ7F_xNPCLNul8BNTjmZXMDXoGFLGMaWd9_XZ8Wtd3dJsv8v-W9LUi5HBkrJ3Ku5eTh9J_M7tMDOKOBWYQud6h52dkZTiLHsL3b3PuOqVBkMjQbKECk95_bSJtcuh6dM-53vV-DB8yNwsa2nnd4OV3i5-LhMEkH5Eo_OudE06VjSYENkbN6QaKvvk6NK35TtbLl_evrbdm04QV9HiBdnIEkmrHWhwmvURN1UueIR6E0aMvcDE3hJ1bix0L3TH1N79g.Yu6s77tG0td3Facy7j8w-E4OOQp_27g_jBmJn_oFajs&dib_tag=se&keywords=Nescafe+coffee+powder&nsdOptOutParam=true&qid=1789840695&sr=8-31,Nescafe coffee powder
Nescafe,NESCAFÉ Sunrise,,155.0,,4.4,,https://www.amazon.in/NESCAFE-SUNRISE-Instant-Coffee-Coffee-Chicory/dp/B00AOU89AO/ref=sr_1_33?dib=eyJ2IjoiMSJ9.j6Q_oSOX9yuabRURQeFKcXYoQV-TPdGVBI_i_33taGZ7F_xNPCLNul8BNTjmZXMDXoGFLGMaWd9_XZ8Wtd3dJsv8v-W9LUi5HBkrJ3Ku5eTh9J_M7tMDOKOBWYQud6h52dkZTiLHsL3b3PuOqVBkMjQbKECk95_bSJtcuh6dM-53vV-DB8yNwsa2nnd4OV3i5-LhMEkH5Eo_OudE06VjSYENkbN6QaKvvk6NK35TtbLl_evrbdm04QV9HiBdnIEkmrHWhwmvURN1UueIR6E0aMvcDE3hJ1bix0L3TH1N79g.Yu6s77tG0td3Facy7j8w-E4OOQp_27g_jBmJn_oFajs&dib_tag=se&keywords=Nescafe+coffee+powder&nsdOptOutParam=true&qid=1789840695&sr=8-33,Nescafe coffee powder
Nescafe,Nescafe,,995.0,,4.4,,https://www.amazon.in/Nescafe-Blend-Instant-Coffee-Powder/dp/B00MNAGUGS/ref=sr_1_34?dib=eyJ2IjoiMSJ9.j6Q_oSOX9yuabRURQeFKcXYoQV-TPdGVBI_i_33taGZ7F_xNPCLNul8BNTjmZXMDXoGFLGMaWd9_XZ8Wtd3dJsv8v-W9LUi5HBkrJ3Ku5eTh9J_M7tMDOKOBWYQud6h52dkZTiLHsL3b3PuOqVBkMjQbKECk95_bSJtcuh6dM-53vV-DB8yNwsa2nnd4OV3i5-LhMEkH5Eo_OudE06VjSYENkbN6QaKvvk6NK35TtbLl_evrbdm04QV9HiBdnIEkmrHWhwmvURN1UueIR6E0aMvcDE3hJ1bix0L3TH1N79g.Yu6s77tG0td3Facy7j8w-E4OOQp_27g_jBmJn_oFajs&dib_tag=se&keywords=Nescafe+coffee+powder&nsdOptOutParam=true&qid=1789840695&sr=8-34,Nescafe coffee powder
Nescafe,Nescafe,,810.0,,5.0,,https://www.amazon.in/Nescafe-Instant-Roasted-Stronger-Intense/dp/B0H5RDCL4Z/ref=sr_1_37?dib=eyJ2IjoiMSJ9.j6Q_oSOX9yuabRURQeFKcXYoQV-TPdGVBI_i_33taGZ7F_xNPCLNul8BNTjmZXMDXoGFLGMaWd9_XZ8Wtd3dJsv8v-W9LUi5HBkrJ3Ku5eTh9J_M7tMDOKOBWYQud6h52dkZTiLHsL3b3PuOqVBkMjQbKECk95_bSJtcuh6dM-53vV-DB8yNwsa2nnd4OV3i5-LhMEkH5Eo_OudE06VjSYENkbN6QaKvvk6NK35TtbLl_evrbdm04QV9HiBdnIEkmrHWhwmvURN1UueIR6E0aMvcDE3hJ1bix0L3TH1N79g.Yu6s77tG0td3Facy7j8w-E4OOQp_27g_jBmJn_oFajs&dib_tag=se&keywords=Nescafe+coffee+powder&nsdOptOutParam=true&qid=1789840695&sr=8-37,Nescafe coffee powder
Nescafe,NESCAFÉ Sunrise,,300.0,,4.4,,https://www.amazon.in/NESCAFE-SUNRISE-Instant-Coffee-Coffee-Chicory/dp/B00VJYZWC2/ref=sr_1_38?dib=eyJ2IjoiMSJ9.j6Q_oSOX9yuabRURQeFKcXYoQV-TPdGVBI_i_33taGZ7F_xNPCLNul8BNTjmZXMDXoGFLGMaWd9_XZ8Wtd3dJsv8v-W9LUi5HBkrJ3Ku5eTh9J_M7tMDOKOBWYQud6h52dkZTiLHsL3b3PuOqVBkMjQbKECk95_bSJtcuh6dM-53vV-DB8yNwsa2nnd4OV3i5-LhMEkH5Eo_OudE06VjSYENkbN6QaKvvk6NK35TtbLl_evrbdm04QV9HiBdnIEkmrHWhwmvURN1UueIR6E0aMvcDE3hJ1bix0L3TH1N79g.Yu6s77tG0td3Facy7j8w-E4OOQp_27g_jBmJn_oFajs&dib_tag=se&keywords=Nescafe+coffee+powder&nsdOptOutParam=true&qid=1789840695&sr=8-38,Nescafe coffee powder
Nescafe,Nescafe,,219.0,,3.9,,https://www.amazon.in/Nescafae-Classic-Instant-Coffee-Sachets/dp/B0D821TTDQ/ref=sr_1_39?dib=eyJ2IjoiMSJ9.j6Q_oSOX9yuabRURQeFKcXYoQV-TPdGVBI_i_33taGZ7F_xNPCLNul8BNTjmZXMDXoGFLGMaWd9_XZ8Wtd3dJsv8v-W9LUi5HBkrJ3Ku5eTh9J_M7tMDOKOBWYQud6h52dkZTiLHsL3b3PuOqVBkMjQbKECk95_bSJtcuh6dM-53vV-DB8yNwsa2nnd4OV3i5-LhMEkH5Eo_OudE06VjSYENkbN6QaKvvk6NK35TtbLl_evrbdm04QV9HiBdnIEkmrHWhwmvURN1UueIR6E0aMvcDE3hJ1bix0L3TH1N79g.Yu6s77tG0td3Facy7j8w-E4OOQp_27g_jBmJn_oFajs&dib_tag=se&keywords=Nescafe+coffee+powder&nsdOptOutParam=true&qid=1789840695&sr=8-39,Nescafe coffee powder
Nescafe,Nescafe,,,,4.3,,https://www.amazon.in/Nescafe-Classic-Instant-Coffee-Powder/dp/B0FB47DHWF/ref=sr_1_43?dib=eyJ2IjoiMSJ9.j6Q_oSOX9yuabRURQeFKcXYoQV-TPdGVBI_i_33taGZ7F_xNPCLNul8BNTjmZXMDXoGFLGMaWd9_XZ8Wtd3dJsv8v-W9LUi5HBkrJ3Ku5eTh9J_M7tMDOKOBWYQud6h52dkZTiLHsL3b3PuOqVBkMjQbKECk95_bSJtcuh6dM-53vV-DB8yNwsa2nnd4OV3i5-LhMEkH5Eo_OudE06VjSYENkbN6QaKvvk6NK35TtbLl_evrbdm04QV9HiBdnIEkmrHWhwmvURN1UueIR6E0aMvcDE3hJ1bix0L3TH1N79g.Yu6s77tG0td3Facy7j8w-E4OOQp_27g_jBmJn_oFajs&dib_tag=se&keywords=Nescafe+coffee+powder&nsdOptOutParam=true&qid=1789840695&sr=8-43,Nescafe coffee powder
Nescafe,Nescafe,,435.0,,4.1,,https://www.amazon.in/Nescafe-Original-Coffee-Mix-Pouch/dp/B073FZ7ZQJ/ref=sr_1_45?dib=eyJ2IjoiMSJ9.j6Q_oSOX9yuabRURQeFKcXYoQV-TPdGVBI_i_33taGZ7F_xNPCLNul8BNTjmZXMDXoGFLGMaWd9_XZ8Wtd3dJsv8v-W9LUi5HBkrJ3Ku5eTh9J_M7tMDOKOBWYQud6h52dkZTiLHsL3b3PuOqVBkMjQbKECk95_bSJtcuh6dM-53vV-DB8yNwsa2nnd4OV3i5-LhMEkH5Eo_OudE06VjSYENkbN6QaKvvk6NK35TtbLl_evrbdm04QV9HiBdnIEkmrHWhwmvURN1UueIR6E0aMvcDE3hJ1bix0L3TH1N79g.Yu6s77tG0td3Facy7j8w-E4OOQp_27g_jBmJn_oFajs&dib_tag=se&keywords=Nescafe+coffee+powder&nsdOptOutParam=true&qid=1789840695&sr=8-45,Nescafe coffee powder
Nescafe,Nescafe,,699.0,,4.3,,https://www.amazon.in/Nescafe-Gold-Blend-Colombia-Coffee/dp/B09Q31R7NK/ref=sr_1_47?dib=eyJ2IjoiMSJ9.j6Q_oSOX9yuabRURQeFKcXYoQV-TPdGVBI_i_33taGZ7F_xNPCLNul8BNTjmZXMDXoGFLGMaWd9_XZ8Wtd3dJsv8v-W9LUi5HBkrJ3Ku5eTh9J_M7tMDOKOBWYQud6h52dkZTiLHsL3b3PuOqVBkMjQbKECk95_bSJtcuh6dM-53vV-DB8yNwsa2nnd4OV3i5-LhMEkH5Eo_OudE06VjSYENkbN6QaKvvk6NK35TtbLl_evrbdm04QV9HiBdnIEkmrHWhwmvURN1UueIR6E0aMvcDE3hJ1bix0L3TH1N79g.Yu6s77tG0td3Facy7j8w-E4OOQp_27g_jBmJn_oFajs&dib_tag=se&keywords=Nescafe+coffee+powder&nsdOptOutParam=true&qid=1789840695&sr=8-47,Nescafe coffee powder
Nescafe,Nescafe,,629.0,,3.2,,https://www.amazon.in/Nescafe-Sunrise-Instant-Coffee-Chicory-Stabilo/dp/B0GFWRDVWT/ref=sr_1_49?dib=eyJ2IjoiMSJ9.LM-2sGdrA0yRiEgJgcHcY1bzcXwqRVJQ7ImGDDBKjv_hOPhytRZg9ki9ChzjEVfOHYQts6LjDhsek9lusWDlPGQU9A4lgVIfbFk0GYL72b2FkkzSxl48x7b4I6QudXnAg0tc5k1PBhSScCk7O7V5YjImzisJpoZ8u2Z9GDQjWLX6j4c49N6wVayO4xLMXSedm5BrhN0Bt6Vgg0k5_Wh4PM3D0dvtC8j4Q0zfgib81xKqtNYSgVLzDfD7FV4yKSvY_yAtwRGcKlCwG-tfblv4p9yESzxqsScIwPo-vdykFlk.BNW9R2SImXfac3QlrpDli3R_-FVN9Ts9LFGCsNKK_4w&dib_tag=se&keywords=Nescafe+coffee+powder&nsdOptOutParam=true&qid=1789840701&sr=8-49,Nescafe coffee powder
Nescafe,Nescafe,,785.0,,4.9,,https://www.amazon.in/NESCAFE-Classic-Instant-Coffee-Soluble/dp/B0FZV1M9PM/ref=sr_1_50?dib=eyJ2IjoiMSJ9.LM-2sGdrA0yRiEgJgcHcY1bzcXwqRVJQ7ImGDDBKjv_hOPhytRZg9ki9ChzjEVfOHYQts6LjDhsek9lusWDlPGQU9A4lgVIfbFk0GYL72b2FkkzSxl48x7b4I6QudXnAg0tc5k1PBhSScCk7O7V5YjImzisJpoZ8u2Z9GDQjWLX6j4c49N6wVayO4xLMXSedm5BrhN0Bt6Vgg0k5_Wh4PM3D0dvtC8j4Q0zfgib81xKqtNYSgVLzDfD7FV4yKSvY_yAtwRGcKlCwG-tfblv4p9yESzxqsScIwPo-vdykFlk.BNW9R2SImXfac3QlrpDli3R_-FVN9Ts9LFGCsNKK_4w&dib_tag=se&keywords=Nescafe+coffee+powder&nsdOptOutParam=true&qid=1789840701&sr=8-50,Nescafe coffee powder
Nescafe,Nescafe,,739.0,,3.4,,https://www.amazon.in/NESCAFE-Triangle-Flavour-Instant-Coffee/dp/B0GN9B2SQH/ref=sr_1_51?dib=eyJ2IjoiMSJ9.LM-2sGdrA0yRiEgJgcHcY1bzcXwqRVJQ7ImGDDBKjv_hOPhytRZg9ki9ChzjEVfOHYQts6LjDhsek9lusWDlPGQU9A4lgVIfbFk0GYL72b2FkkzSxl48x7b4I6QudXnAg0tc5k1PBhSScCk7O7V5YjImzisJpoZ8u2Z9GDQjWLX6j4c49N6wVayO4xLMXSedm5BrhN0Bt6Vgg0k5_Wh4PM3D0dvtC8j4Q0zfgib81xKqtNYSgVLzDfD7FV4yKSvY_yAtwRGcKlCwG-tfblv4p9yESzxqsScIwPo-vdykFlk.BNW9R2SImXfac3QlrpDli3R_-FVN9Ts9LFGCsNKK_4w&dib_tag=se&keywords=Nescafe+coffee+powder&nsdOptOutParam=true&qid=1789840701&sr=8-51,Nescafe coffee powder
Nescafe,Nescafe,,409.0,,4.4,,https://www.amazon.in/Nescafae-Original-Soluble-Beverage-Sachets/dp/B0BZZ5H8XG/ref=sr_1_52?dib=eyJ2IjoiMSJ9.LM-2sGdrA0yRiEgJgcHcY1bzcXwqRVJQ7ImGDDBKjv_hOPhytRZg9ki9ChzjEVfOHYQts6LjDhsek9lusWDlPGQU9A4lgVIfbFk0GYL72b2FkkzSxl48x7b4I6QudXnAg0tc5k1PBhSScCk7O7V5YjImzisJpoZ8u2Z9GDQjWLX6j4c49N6wVayO4xLMXSedm5BrhN0Bt6Vgg0k5_Wh4PM3D0dvtC8j4Q0zfgib81xKqtNYSgVLzDfD7FV4yKSvY_yAtwRGcKlCwG-tfblv4p9yESzxqsScIwPo-vdykFlk.BNW9R2SImXfac3QlrpDli3R_-FVN9Ts9LFGCsNKK_4w&dib_tag=se&keywords=Nescafe+coffee+powder&nsdOptOutParam=true&qid=1789840701&sr=8-52,Nescafe coffee powder
Nescafe,Nescafe,,265.0,,4.1,,https://www.amazon.in/Nescafae-Original-Sachets-Instant-Coffee/dp/B0CLJGDJKV/ref=sr_1_53?dib=eyJ2IjoiMSJ9.LM-2sGdrA0yRiEgJgcHcY1bzcXwqRVJQ7ImGDDBKjv_hOPhytRZg9ki9ChzjEVfOHYQts6LjDhsek9lusWDlPGQU9A4lgVIfbFk0GYL72b2FkkzSxl48x7b4I6QudXnAg0tc5k1PBhSScCk7O7V5YjImzisJpoZ8u2Z9GDQjWLX6j4c49N6wVayO4xLMXSedm5BrhN0Bt6Vgg0k5_Wh4PM3D0dvtC8j4Q0zfgib81xKqtNYSgVLzDfD7FV4yKSvY_yAtwRGcKlCwG-tfblv4p9yESzxqsScIwPo-vdykFlk.BNW9R2SImXfac3QlrpDli3R_-FVN9Ts9LFGCsNKK_4w&dib_tag=se&keywords=Nescafe+coffee+powder&nsdOptOutParam=true&qid=1789840701&sr=8-53,Nescafe coffee powder
Nescafe,Nescafe,,399.0,,3.5,,https://www.amazon.in/NESCAFE-Instant-Coffee-Perfect-Gifting/dp/B0GN81K4WT/ref=sr_1_54?dib=eyJ2IjoiMSJ9.LM-2sGdrA0yRiEgJgcHcY1bzcXwqRVJQ7ImGDDBKjv_hOPhytRZg9ki9ChzjEVfOHYQts6LjDhsek9lusWDlPGQU9A4lgVIfbFk0GYL72b2FkkzSxl48x7b4I6QudXnAg0tc5k1PBhSScCk7O7V5YjImzisJpoZ8u2Z9GDQjWLX6j4c49N6wVayO4xLMXSedm5BrhN0Bt6Vgg0k5_Wh4PM3D0dvtC8j4Q0zfgib81xKqtNYSgVLzDfD7FV4yKSvY_yAtwRGcKlCwG-tfblv4p9yESzxqsScIwPo-vdykFlk.BNW9R2SImXfac3QlrpDli3R_-FVN9Ts9LFGCsNKK_4w&dib_tag=se&keywords=Nescafe+coffee+powder&nsdOptOutParam=true&qid=1789840701&sr=8-54,Nescafe coffee powder
Nescafe,Nescafe,,390.0,,4.3,,https://www.amazon.in/Nescafe-Classic-Coffee-100-g/dp/B07HZ42GLQ/ref=sr_1_57?dib=eyJ2IjoiMSJ9.LM-2sGdrA0yRiEgJgcHcY1bzcXwqRVJQ7ImGDDBKjv_hOPhytRZg9ki9ChzjEVfOHYQts6LjDhsek9lusWDlPGQU9A4lgVIfbFk0GYL72b2FkkzSxl48x7b4I6QudXnAg0tc5k1PBhSScCk7O7V5YjImzisJpoZ8u2Z9GDQjWLX6j4c49N6wVayO4xLMXSedm5BrhN0Bt6Vgg0k5_Wh4PM3D0dvtC8j4Q0zfgib81xKqtNYSgVLzDfD7FV4yKSvY_yAtwRGcKlCwG-tfblv4p9yESzxqsScIwPo-vdykFlk.BNW9R2SImXfac3QlrpDli3R_-FVN9Ts9LFGCsNKK_4w&dib_tag=se&keywords=Nescafe+coffee+powder&nsdOptOutParam=true&qid=1789840701&sr=8-57,Nescafe coffee powder
Nescafe,Nescafe,,638.0,,4.3,,https://www.amazon.in/Nescafe-Rich-Smooth-Gold-Blend/dp/B0D45D62SD/ref=sr_1_60?dib=eyJ2IjoiMSJ9.LM-2sGdrA0yRiEgJgcHcY1bzcXwqRVJQ7ImGDDBKjv_hOPhytRZg9ki9ChzjEVfOHYQts6LjDhsek9lusWDlPGQU9A4lgVIfbFk0GYL72b2FkkzSxl48x7b4I6QudXnAg0tc5k1PBhSScCk7O7V5YjImzisJpoZ8u2Z9GDQjWLX6j4c49N6wVayO4xLMXSedm5BrhN0Bt6Vgg0k5_Wh4PM3D0dvtC8j4Q0zfgib81xKqtNYSgVLzDfD7FV4yKSvY_yAtwRGcKlCwG-tfblv4p9yESzxqsScIwPo-vdykFlk.BNW9R2SImXfac3QlrpDli3R_-FVN9Ts9LFGCsNKK_4w&dib_tag=se&keywords=Nescafe+coffee+powder&nsdOptOutParam=true&qid=1789840701&sr=8-60,Nescafe coffee powder
Nescafe,Nescafe,,199.0,,4.0,,https://www.amazon.in/Nescafe-Original-Sachets-Instant-Coffee/dp/B0CFBBQRR9/ref=sr_1_62?dib=eyJ2IjoiMSJ9.LM-2sGdrA0yRiEgJgcHcY1bzcXwqRVJQ7ImGDDBKjv_hOPhytRZg9ki9ChzjEVfOHYQts6LjDhsek9lusWDlPGQU9A4lgVIfbFk0GYL72b2FkkzSxl48x7b4I6QudXnAg0tc5k1PBhSScCk7O7V5YjImzisJpoZ8u2Z9GDQjWLX6j4c49N6wVayO4xLMXSedm5BrhN0Bt6Vgg0k5_Wh4PM3D0dvtC8j4Q0zfgib81xKqtNYSgVLzDfD7FV4yKSvY_yAtwRGcKlCwG-tfblv4p9yESzxqsScIwPo-vdykFlk.BNW9R2SImXfac3QlrpDli3R_-FVN9Ts9LFGCsNKK_4w&dib_tag=se&keywords=Nescafe+coffee+powder&nsdOptOutParam=true&qid=1789840701&sr=8-62,Nescafe coffee powder
Nescafe,Nescafe,,799.0,,4.4,7.0,https://www.amazon.in/Nescafe-Soluble-Coffee-Powder-47-5g/dp/B0B5XKWP3F/ref=sr_1_65?dib=eyJ2IjoiMSJ9.LM-2sGdrA0yRiEgJgcHcY1bzcXwqRVJQ7ImGDDBKjv_hOPhytRZg9ki9ChzjEVfOHYQts6LjDhsek9lusWDlPGQU9A4lgVIfbFk0GYL72b2FkkzSxl48x7b4I6QudXnAg0tc5k1PBhSScCk7O7V5YjImzisJpoZ8u2Z9GDQjWLX6j4c49N6wVayO4xLMXSedm5BrhN0Bt6Vgg0k5_Wh4PM3D0dvtC8j4Q0zfgib81xKqtNYSgVLzDfD7FV4yKSvY_yAtwRGcKlCwG-tfblv4p9yESzxqsScIwPo-vdykFlk.BNW9R2SImXfac3QlrpDli3R_-FVN9Ts9LFGCsNKK_4w&dib_tag=se&keywords=Nescafe+coffee+powder&nsdOptOutParam=true&qid=1789840701&sr=8-65,Nescafe coffee powder
Nescafe,Nescafe,,3400.0,,4.4,,https://www.amazon.in/Nescafe-Classic-Coffee-500-Pack/dp/B08CRL5M5V/ref=sr_1_68?dib=eyJ2IjoiMSJ9.LM-2sGdrA0yRiEgJgcHcY1bzcXwqRVJQ7ImGDDBKjv_hOPhytRZg9ki9ChzjEVfOHYQts6LjDhsek9lusWDlPGQU9A4lgVIfbFk0GYL72b2FkkzSxl48x7b4I6QudXnAg0tc5k1PBhSScCk7O7V5YjImzisJpoZ8u2Z9GDQjWLX6j4c49N6wVayO4xLMXSedm5BrhN0Bt6Vgg0k5_Wh4PM3D0dvtC8j4Q0zfgib81xKqtNYSgVLzDfD7FV4yKSvY_yAtwRGcKlCwG-tfblv4p9yESzxqsScIwPo-vdykFlk.BNW9R2SImXfac3QlrpDli3R_-FVN9Ts9LFGCsNKK_4w&dib_tag=se&keywords=Nescafe+coffee+powder&nsdOptOutParam=true&qid=1789840701&sr=8-68,Nescafe coffee powder
Nescafe,Nescafe,,1839.0,,3.0,,https://www.amazon.in/Nescafe-Classic-Instant-Coffee-Medium/dp/B0GQGF2YJX/ref=sr_1_69?dib=eyJ2IjoiMSJ9.LM-2sGdrA0yRiEgJgcHcY1bzcXwqRVJQ7ImGDDBKjv_hOPhytRZg9ki9ChzjEVfOHYQts6LjDhsek9lusWDlPGQU9A4lgVIfbFk0GYL72b2FkkzSxl48x7b4I6QudXnAg0tc5k1PBhSScCk7O7V5YjImzisJpoZ8u2Z9GDQjWLX6j4c49N6wVayO4xLMXSedm5BrhN0Bt6Vgg0k5_Wh4PM3D0dvtC8j4Q0zfgib81xKqtNYSgVLzDfD7FV4yKSvY_yAtwRGcKlCwG-tfblv4p9yESzxqsScIwPo-vdykFlk.BNW9R2SImXfac3QlrpDli3R_-FVN9Ts9LFGCsNKK_4w&dib_tag=se&keywords=Nescafe+coffee+powder&nsdOptOutParam=true&qid=1789840701&sr=8-69,Nescafe coffee powder
Nescafe,"Nescafe Coffee - Matinal, 200G Bottle, Granule",200.0,,,4.3,,https://www.amazon.in/Nescaf%C3%A9-Coffee-Matinal-200g-Bottle/dp/B01JZNVWE0/ref=sr_1_71?dib=eyJ2IjoiMSJ9.LM-2sGdrA0yRiEgJgcHcY1bzcXwqRVJQ7ImGDDBKjv_hOPhytRZg9ki9ChzjEVfOHYQts6LjDhsek9lusWDlPGQU9A4lgVIfbFk0GYL72b2FkkzSxl48x7b4I6QudXnAg0tc5k1PBhSScCk7O7V5YjImzisJpoZ8u2Z9GDQjWLX6j4c49N6wVayO4xLMXSedm5BrhN0Bt6Vgg0k5_Wh4PM3D0dvtC8j4Q0zfgib81xKqtNYSgVLzDfD7FV4yKSvY_yAtwRGcKlCwG-tfblv4p9yESzxqsScIwPo-vdykFlk.BNW9R2SImXfac3QlrpDli3R_-FVN9Ts9LFGCsNKK_4w&dib_tag=se&keywords=Nescafe+coffee+powder&nsdOptOutParam=true&qid=1789840701&sr=8-71,Nescafe coffee powder
Nescafe,Nescafe,,1499.0,,4.2,,https://www.amazon.in/NESCAFE-Instant-Coffee-Powder-Product/dp/B0B5XKWRLH/ref=sr_1_72?dib=eyJ2IjoiMSJ9.LM-2sGdrA0yRiEgJgcHcY1bzcXwqRVJQ7ImGDDBKjv_hOPhytRZg9ki9ChzjEVfOHYQts6LjDhsek9lusWDlPGQU9A4lgVIfbFk0GYL72b2FkkzSxl48x7b4I6QudXnAg0tc5k1PBhSScCk7O7V5YjImzisJpoZ8u2Z9GDQjWLX6j4c49N6wVayO4xLMXSedm5BrhN0Bt6Vgg0k5_Wh4PM3D0dvtC8j4Q0zfgib81xKqtNYSgVLzDfD7FV4yKSvY_yAtwRGcKlCwG-tfblv4p9yESzxqsScIwPo-vdykFlk.BNW9R2SImXfac3QlrpDli3R_-FVN9Ts9LFGCsNKK_4w&dib_tag=se&keywords=Nescafe+coffee+powder&nsdOptOutParam=true&qid=1789840701&sr=8-72,Nescafe coffee powder
Nescafe,Nescafe,,135.0,,4.2,,https://www.amazon.in/Nescafae-Classic-Instant-Coffee-Sachets/dp/B0D87SL76L/ref=sr_1_73?dib=eyJ2IjoiMSJ9.LM-2sGdrA0yRiEgJgcHcY1bzcXwqRVJQ7ImGDDBKjv_hOPhytRZg9ki9ChzjEVfOHYQts6LjDhsek9lusWDlPGQU9A4lgVIfbFk0GYL72b2FkkzSxl48x7b4I6QudXnAg0tc5k1PBhSScCk7O7V5YjImzisJpoZ8u2Z9GDQjWLX6j4c49N6wVayO4xLMXSedm5BrhN0Bt6Vgg0k5_Wh4PM3D0dvtC8j4Q0zfgib81xKqtNYSgVLzDfD7FV4yKSvY_yAtwRGcKlCwG-tfblv4p9yESzxqsScIwPo-vdykFlk.BNW9R2SImXfac3QlrpDli3R_-FVN9Ts9LFGCsNKK_4w&dib_tag=se&keywords=Nescafe+coffee+powder&nsdOptOutParam=true&qid=1789840701&sr=8-73,Nescafe coffee powder
Nescafe,Nescafe,,184.0,,3.8,,https://www.amazon.in/Nescafe-Original-Sachets-Instant-Coffee/dp/B0CG5RX6V5/ref=sr_1_74?dib=eyJ2IjoiMSJ9.LM-2sGdrA0yRiEgJgcHcY1bzcXwqRVJQ7ImGDDBKjv_hOPhytRZg9ki9ChzjEVfOHYQts6LjDhsek9lusWDlPGQU9A4lgVIfbFk0GYL72b2FkkzSxl48x7b4I6QudXnAg0tc5k1PBhSScCk7O7V5YjImzisJpoZ8u2Z9GDQjWLX6j4c49N6wVayO4xLMXSedm5BrhN0Bt6Vgg0k5_Wh4PM3D0dvtC8j4Q0zfgib81xKqtNYSgVLzDfD7FV4yKSvY_yAtwRGcKlCwG-tfblv4p9yESzxqsScIwPo-vdykFlk.BNW9R2SImXfac3QlrpDli3R_-FVN9Ts9LFGCsNKK_4w&dib_tag=se&keywords=Nescafe+coffee+powder&nsdOptOutParam=true&qid=1789840701&sr=8-74,Nescafe coffee powder
Nescafe,Nescafe,,2050.0,,5.0,,https://www.amazon.in/Nescafe-Smooth-Blend-Powder-Coffee/dp/B0GVZGBV5B/ref=sr_1_76?dib=eyJ2IjoiMSJ9.LM-2sGdrA0yRiEgJgcHcY1bzcXwqRVJQ7ImGDDBKjv_hOPhytRZg9ki9ChzjEVfOHYQts6LjDhsek9lusWDlPGQU9A4lgVIfbFk0GYL72b2FkkzSxl48x7b4I6QudXnAg0tc5k1PBhSScCk7O7V5YjImzisJpoZ8u2Z9GDQjWLX6j4c49N6wVayO4xLMXSedm5BrhN0Bt6Vgg0k5_Wh4PM3D0dvtC8j4Q0zfgib81xKqtNYSgVLzDfD7FV4yKSvY_yAtwRGcKlCwG-tfblv4p9yESzxqsScIwPo-vdykFlk.BNW9R2SImXfac3QlrpDli3R_-FVN9Ts9LFGCsNKK_4w&dib_tag=se&keywords=Nescafe+coffee+powder&nsdOptOutParam=true&qid=1789840701&sr=8-76,Nescafe coffee powder
Nescafe,Nescafe,,945.0,,5.0,,https://www.amazon.in/Nescafe-Coffee-Instant-Powder-FEBORA/dp/B0H1J9C4VL/ref=sr_1_78?dib=eyJ2IjoiMSJ9.LM-2sGdrA0yRiEgJgcHcY1bzcXwqRVJQ7ImGDDBKjv_hOPhytRZg9ki9ChzjEVfOHYQts6LjDhsek9lusWDlPGQU9A4lgVIfbFk0GYL72b2FkkzSxl48x7b4I6QudXnAg0tc5k1PBhSScCk7O7V5YjImzisJpoZ8u2Z9GDQjWLX6j4c49N6wVayO4xLMXSedm5BrhN0Bt6Vgg0k5_Wh4PM3D0dvtC8j4Q0zfgib81xKqtNYSgVLzDfD7FV4yKSvY_yAtwRGcKlCwG-tfblv4p9yESzxqsScIwPo-vdykFlk.BNW9R2SImXfac3QlrpDli3R_-FVN9Ts9LFGCsNKK_4w&dib_tag=se&keywords=Nescafe+coffee+powder&nsdOptOutParam=true&qid=1789840701&sr=8-78,Nescafe coffee powder
Nescafe,Nescafe,,650.0,,,1005.0,https://www.amazon.in/Nescafe-Rich-Instant-Coffee-95g/dp/B0HBX25VMN/ref=sr_1_83?dib=eyJ2IjoiMSJ9.LM-2sGdrA0yRiEgJgcHcY1bzcXwqRVJQ7ImGDDBKjv_hOPhytRZg9ki9ChzjEVfOHYQts6LjDhsek9lusWDlPGQU9A4lgVIfbFk0GYL72b2FkkzSxl48x7b4I6QudXnAg0tc5k1PBhSScCk7O7V5YjImzisJpoZ8u2Z9GDQjWLX6j4c49N6wVayO4xLMXSedm5BrhN0Bt6Vgg0k5_Wh4PM3D0dvtC8j4Q0zfgib81xKqtNYSgVLzDfD7FV4yKSvY_yAtwRGcKlCwG-tfblv4p9yESzxqsScIwPo-vdykFlk.BNW9R2SImXfac3QlrpDli3R_-FVN9Ts9LFGCsNKK_4w&dib_tag=se&keywords=Nescafe+coffee+powder&nsdOptOutParam=true&qid=1789840701&sr=8-83,Nescafe coffee powder
Nescafe,Nescafe,,600.0,,4.3,,https://www.amazon.in/NESCAFE-Instant-Chocolate-Sachets-Malaysia/dp/B0G39WHGBW/ref=sr_1_84?dib=eyJ2IjoiMSJ9.LM-2sGdrA0yRiEgJgcHcY1bzcXwqRVJQ7ImGDDBKjv_hOPhytRZg9ki9ChzjEVfOHYQts6LjDhsek9lusWDlPGQU9A4lgVIfbFk0GYL72b2FkkzSxl48x7b4I6QudXnAg0tc5k1PBhSScCk7O7V5YjImzisJpoZ8u2Z9GDQjWLX6j4c49N6wVayO4xLMXSedm5BrhN0Bt6Vgg0k5_Wh4PM3D0dvtC8j4Q0zfgib81xKqtNYSgVLzDfD7FV4yKSvY_yAtwRGcKlCwG-tfblv4p9yESzxqsScIwPo-vdykFlk.BNW9R2SImXfac3QlrpDli3R_-FVN9Ts9LFGCsNKK_4w&dib_tag=se&keywords=Nescafe+coffee+powder&nsdOptOutParam=true&qid=1789840701&sr=8-84,Nescafe coffee powder
Nescafe,Nescafe,,750.0,,4.6,,https://www.amazon.in/Nescafe-Classic-Soluble-Instant-Coffee/dp/B0GQGLLBYZ/ref=sr_1_85?dib=eyJ2IjoiMSJ9.LM-2sGdrA0yRiEgJgcHcY1bzcXwqRVJQ7ImGDDBKjv_hOPhytRZg9ki9ChzjEVfOHYQts6LjDhsek9lusWDlPGQU9A4lgVIfbFk0GYL72b2FkkzSxl48x7b4I6QudXnAg0tc5k1PBhSScCk7O7V5YjImzisJpoZ8u2Z9GDQjWLX6j4c49N6wVayO4xLMXSedm5BrhN0Bt6Vgg0k5_Wh4PM3D0dvtC8j4Q0zfgib81xKqtNYSgVLzDfD7FV4yKSvY_yAtwRGcKlCwG-tfblv4p9yESzxqsScIwPo-vdykFlk.BNW9R2SImXfac3QlrpDli3R_-FVN9Ts9LFGCsNKK_4w&dib_tag=se&keywords=Nescafe+coffee+powder&nsdOptOutParam=true&qid=1789840701&sr=8-85,Nescafe coffee powder
Nescafe,Nescafe,,1264.0,,4.2,,https://www.amazon.in/Nescafe-Barista-Americano-Instant-Coffee/dp/B00CSQIM3Q/ref=sr_1_86?dib=eyJ2IjoiMSJ9.LM-2sGdrA0yRiEgJgcHcY1bzcXwqRVJQ7ImGDDBKjv_hOPhytRZg9ki9ChzjEVfOHYQts6LjDhsek9lusWDlPGQU9A4lgVIfbFk0GYL72b2FkkzSxl48x7b4I6QudXnAg0tc5k1PBhSScCk7O7V5YjImzisJpoZ8u2Z9GDQjWLX6j4c49N6wVayO4xLMXSedm5BrhN0Bt6Vgg0k5_Wh4PM3D0dvtC8j4Q0zfgib81xKqtNYSgVLzDfD7FV4yKSvY_yAtwRGcKlCwG-tfblv4p9yESzxqsScIwPo-vdykFlk.BNW9R2SImXfac3QlrpDli3R_-FVN9Ts9LFGCsNKK_4w&dib_tag=se&keywords=Nescafe+coffee+powder&nsdOptOutParam=true&qid=1789840701&sr=8-86,Nescafe coffee powder
Nescafe,Nescafe,,279.0,,4.3,,https://www.amazon.in/Nescafe-Classic-Double-Filtered-Coffee/dp/B0845DM197/ref=sr_1_88?dib=eyJ2IjoiMSJ9.LM-2sGdrA0yRiEgJgcHcY1bzcXwqRVJQ7ImGDDBKjv_hOPhytRZg9ki9ChzjEVfOHYQts6LjDhsek9lusWDlPGQU9A4lgVIfbFk0GYL72b2FkkzSxl48x7b4I6QudXnAg0tc5k1PBhSScCk7O7V5YjImzisJpoZ8u2Z9GDQjWLX6j4c49N6wVayO4xLMXSedm5BrhN0Bt6Vgg0k5_Wh4PM3D0dvtC8j4Q0zfgib81xKqtNYSgVLzDfD7FV4yKSvY_yAtwRGcKlCwG-tfblv4p9yESzxqsScIwPo-vdykFlk.BNW9R2SImXfac3QlrpDli3R_-FVN9Ts9LFGCsNKK_4w&dib_tag=se&keywords=Nescafe+coffee+powder&nsdOptOutParam=true&qid=1789840701&sr=8-88,Nescafe coffee powder
Nescafe,Nescafe,,3286.0,,4.1,,https://www.amazon.in/Nescafe-Classic-Pouch-500gram-Ground/dp/B0D816M33M/ref=sr_1_89?dib=eyJ2IjoiMSJ9.LM-2sGdrA0yRiEgJgcHcY1bzcXwqRVJQ7ImGDDBKjv_hOPhytRZg9ki9ChzjEVfOHYQts6LjDhsek9lusWDlPGQU9A4lgVIfbFk0GYL72b2FkkzSxl48x7b4I6QudXnAg0tc5k1PBhSScCk7O7V5YjImzisJpoZ8u2Z9GDQjWLX6j4c49N6wVayO4xLMXSedm5BrhN0Bt6Vgg0k5_Wh4PM3D0dvtC8j4Q0zfgib81xKqtNYSgVLzDfD7FV4yKSvY_yAtwRGcKlCwG-tfblv4p9yESzxqsScIwPo-vdykFlk.BNW9R2SImXfac3QlrpDli3R_-FVN9Ts9LFGCsNKK_4w&dib_tag=se&keywords=Nescafe+coffee+powder&nsdOptOutParam=true&qid=1789840701&sr=8-89,Nescafe coffee powder
Nescafe,Nescafe,,1130.0,,,,https://www.amazon.in/Nescafe-Instant-Coffee-Classic-Powder/dp/B0H5Y5YPRV/ref=sr_1_91?dib=eyJ2IjoiMSJ9.LM-2sGdrA0yRiEgJgcHcY1bzcXwqRVJQ7ImGDDBKjv_hOPhytRZg9ki9ChzjEVfOHYQts6LjDhsek9lusWDlPGQU9A4lgVIfbFk0GYL72b2FkkzSxl48x7b4I6QudXnAg0tc5k1PBhSScCk7O7V5YjImzisJpoZ8u2Z9GDQjWLX6j4c49N6wVayO4xLMXSedm5BrhN0Bt6Vgg0k5_Wh4PM3D0dvtC8j4Q0zfgib81xKqtNYSgVLzDfD7FV4yKSvY_yAtwRGcKlCwG-tfblv4p9yESzxqsScIwPo-vdykFlk.BNW9R2SImXfac3QlrpDli3R_-FVN9Ts9LFGCsNKK_4w&dib_tag=se&keywords=Nescafe+coffee+powder&nsdOptOutParam=true&qid=1789840701&sr=8-91,Nescafe coffee powder
Nescafe,Nescafe,,590.0,,4.4,,https://www.amazon.in/Nescafe-Sunrise-Premium-Coffee-Pouch/dp/B0096QXUX8/ref=sr_1_95?dib=eyJ2IjoiMSJ9.LM-2sGdrA0yRiEgJgcHcY1bzcXwqRVJQ7ImGDDBKjv_hOPhytRZg9ki9ChzjEVfOHYQts6LjDhsek9lusWDlPGQU9A4lgVIfbFk0GYL72b2FkkzSxl48x7b4I6QudXnAg0tc5k1PBhSScCk7O7V5YjImzisJpoZ8u2Z9GDQjWLX6j4c49N6wVayO4xLMXSedm5BrhN0Bt6Vgg0k5_Wh4PM3D0dvtC8j4Q0zfgib81xKqtNYSgVLzDfD7FV4yKSvY_yAtwRGcKlCwG-tfblv4p9yESzxqsScIwPo-vdykFlk.BNW9R2SImXfac3QlrpDli3R_-FVN9Ts9LFGCsNKK_4w&dib_tag=se&keywords=Nescafe+coffee+powder&nsdOptOutParam=true&qid=1789840701&sr=8-95,Nescafe coffee powder
Nescafe,Nescafe,,1600.0,,4.4,,https://www.amazon.in/Nescafe-Classic-Instant-Robusta-Roasted/dp/B0D816GY3J/ref=sr_1_97?dib=eyJ2IjoiMSJ9.ukGqlduktWsFr0Ay7wgoCfxeHPvVBbIt2n2noPGdlgDH43aWKsB6hIHq2yig_HHzMKbRUiZteH4fbZMQA8WQjNevs_HQzePHZDq1lJPuKTbcyDZlq0rgudw5D19T5ajlCCPzq1cmT6Qa1nZNKF_7DT1tH6Tt_kXL1U-NuwKo5JjWiHXk5-kYnVH-1n3m1ijgGFcpqxN8DUBQiTotPGYexm2wrxlqN7KM4lNdUZhg6YgXyPqdITNSiGHrxocmPGCTcxkFpuA1MIcOpSM3sLCYuVZK3mA43t4feERedTAnkjk.Oc9s4horJauTMLjQElc8cO7VphL2H9meMZTYBmnwOac&dib_tag=se&keywords=Nescafe+coffee+powder&nsdOptOutParam=true&qid=1789840706&sr=8-97,Nescafe coffee powder
Nescafe,Nescafe,,2599.0,,4.5,,https://www.amazon.in/Nescafe-Organic-Coffee-Powder-Bottle/dp/B07RHN25Q5/ref=sr_1_98?dib=eyJ2IjoiMSJ9.ukGqlduktWsFr0Ay7wgoCfxeHPvVBbIt2n2noPGdlgDH43aWKsB6hIHq2yig_HHzMKbRUiZteH4fbZMQA8WQjNevs_HQzePHZDq1lJPuKTbcyDZlq0rgudw5D19T5ajlCCPzq1cmT6Qa1nZNKF_7DT1tH6Tt_kXL1U-NuwKo5JjWiHXk5-kYnVH-1n3m1ijgGFcpqxN8DUBQiTotPGYexm2wrxlqN7KM4lNdUZhg6YgXyPqdITNSiGHrxocmPGCTcxkFpuA1MIcOpSM3sLCYuVZK3mA43t4feERedTAnkjk.Oc9s4horJauTMLjQElc8cO7VphL2H9meMZTYBmnwOac&dib_tag=se&keywords=Nescafe+coffee+powder&nsdOptOutParam=true&qid=1789840706&sr=8-98,Nescafe coffee powder
Nescafe,Nescafe,,1495.0,,4.5,,https://www.amazon.in/Nescafe-Gold-Coffee-7-05-200/dp/B07JFG8X1W/ref=sr_1_102?dib=eyJ2IjoiMSJ9.ukGqlduktWsFr0Ay7wgoCfxeHPvVBbIt2n2noPGdlgDH43aWKsB6hIHq2yig_HHzMKbRUiZteH4fbZMQA8WQjNevs_HQzePHZDq1lJPuKTbcyDZlq0rgudw5D19T5ajlCCPzq1cmT6Qa1nZNKF_7DT1tH6Tt_kXL1U-NuwKo5JjWiHXk5-kYnVH-1n3m1ijgGFcpqxN8DUBQiTotPGYexm2wrxlqN7KM4lNdUZhg6YgXyPqdITNSiGHrxocmPGCTcxkFpuA1MIcOpSM3sLCYuVZK3mA43t4feERedTAnkjk.Oc9s4horJauTMLjQElc8cO7VphL2H9meMZTYBmnwOac&dib_tag=se&keywords=Nescafe+coffee+powder&nsdOptOutParam=true&qid=1789840706&sr=8-102,Nescafe coffee powder
Nescafe,Nescafe,,910.0,,,,https://www.amazon.in/Nescafe-Classic-Instant-Coffee-Powder/dp/B0H5YTZPBT/ref=sr_1_107?dib=eyJ2IjoiMSJ9.ukGqlduktWsFr0Ay7wgoCfxeHPvVBbIt2n2noPGdlgDH43aWKsB6hIHq2yig_HHzMKbRUiZteH4fbZMQA8WQjNevs_HQzePHZDq1lJPuKTbcyDZlq0rgudw5D19T5ajlCCPzq1cmT6Qa1nZNKF_7DT1tH6Tt_kXL1U-NuwKo5JjWiHXk5-kYnVH-1n3m1ijgGFcpqxN8DUBQiTotPGYexm2wrxlqN7KM4lNdUZhg6YgXyPqdITNSiGHrxocmPGCTcxkFpuA1MIcOpSM3sLCYuVZK3mA43t4feERedTAnkjk.Oc9s4horJauTMLjQElc8cO7VphL2H9meMZTYBmnwOac&dib_tag=se&keywords=Nescafe+coffee+powder&nsdOptOutParam=true&qid=1789840706&sr=8-107,Nescafe coffee powder
Nescafe,Nescafe,,2175.0,,,,https://www.amazon.in/Nescafe-Classic-Instant-Coffee-morning/dp/B0H5RCVFZJ/ref=sr_1_108?dib=eyJ2IjoiMSJ9.ukGqlduktWsFr0Ay7wgoCfxeHPvVBbIt2n2noPGdlgDH43aWKsB6hIHq2yig_HHzMKbRUiZteH4fbZMQA8WQjNevs_HQzePHZDq1lJPuKTbcyDZlq0rgudw5D19T5ajlCCPzq1cmT6Qa1nZNKF_7DT1tH6Tt_kXL1U-NuwKo5JjWiHXk5-kYnVH-1n3m1ijgGFcpqxN8DUBQiTotPGYexm2wrxlqN7KM4lNdUZhg6YgXyPqdITNSiGHrxocmPGCTcxkFpuA1MIcOpSM3sLCYuVZK3mA43t4feERedTAnkjk.Oc9s4horJauTMLjQElc8cO7VphL2H9meMZTYBmnwOac&dib_tag=se&keywords=Nescafe+coffee+powder&nsdOptOutParam=true&qid=1789840706&sr=8-108,Nescafe coffee powder
Nescafe,Nescafe,,840.0,,,,https://www.amazon.in/NESCAFE-Instant-Coffee-Powder-Dissolves/dp/B0H6G9P46Q/ref=sr_1_110?dib=eyJ2IjoiMSJ9.ukGqlduktWsFr0Ay7wgoCfxeHPvVBbIt2n2noPGdlgDH43aWKsB6hIHq2yig_HHzMKbRUiZteH4fbZMQA8WQjNevs_HQzePHZDq1lJPuKTbcyDZlq0rgudw5D19T5ajlCCPzq1cmT6Qa1nZNKF_7DT1tH6Tt_kXL1U-NuwKo5JjWiHXk5-kYnVH-1n3m1ijgGFcpqxN8DUBQiTotPGYexm2wrxlqN7KM4lNdUZhg6YgXyPqdITNSiGHrxocmPGCTcxkFpuA1MIcOpSM3sLCYuVZK3mA43t4feERedTAnkjk.Oc9s4horJauTMLjQElc8cO7VphL2H9meMZTYBmnwOac&dib_tag=se&keywords=Nescafe+coffee+powder&nsdOptOutParam=true&qid=1789840706&sr=8-110,Nescafe coffee powder
Nescafe,Nescafe,,1161.0,,,,https://www.amazon.in/NESCAFE-Instant-Coffee-Powder-Premium/dp/B0H6GYMMVB/ref=sr_1_115?dib=eyJ2IjoiMSJ9.ukGqlduktWsFr0Ay7wgoCfxeHPvVBbIt2n2noPGdlgDH43aWKsB6hIHq2yig_HHzMKbRUiZteH4fbZMQA8WQjNevs_HQzePHZDq1lJPuKTbcyDZlq0rgudw5D19T5ajlCCPzq1cmT6Qa1nZNKF_7DT1tH6Tt_kXL1U-NuwKo5JjWiHXk5-kYnVH-1n3m1ijgGFcpqxN8DUBQiTotPGYexm2wrxlqN7KM4lNdUZhg6YgXyPqdITNSiGHrxocmPGCTcxkFpuA1MIcOpSM3sLCYuVZK3mA43t4feERedTAnkjk.Oc9s4horJauTMLjQElc8cO7VphL2H9meMZTYBmnwOac&dib_tag=se&keywords=Nescafe+coffee+powder&nsdOptOutParam=true&qid=1789840706&sr=8-115,Nescafe coffee powder
Nescafe,Nescafe,,3613.0,,4.0,,https://www.amazon.in/Nescaf%C3%A9-Strong-Intense-Instant-Coffee/dp/B0BTMHMNZW/ref=sr_1_116?dib=eyJ2IjoiMSJ9.ukGqlduktWsFr0Ay7wgoCfxeHPvVBbIt2n2noPGdlgDH43aWKsB6hIHq2yig_HHzMKbRUiZteH4fbZMQA8WQjNevs_HQzePHZDq1lJPuKTbcyDZlq0rgudw5D19T5ajlCCPzq1cmT6Qa1nZNKF_7DT1tH6Tt_kXL1U-NuwKo5JjWiHXk5-kYnVH-1n3m1ijgGFcpqxN8DUBQiTotPGYexm2wrxlqN7KM4lNdUZhg6YgXyPqdITNSiGHrxocmPGCTcxkFpuA1MIcOpSM3sLCYuVZK3mA43t4feERedTAnkjk.Oc9s4horJauTMLjQElc8cO7VphL2H9meMZTYBmnwOac&dib_tag=se&keywords=Nescafe+coffee+powder&nsdOptOutParam=true&qid=1789840706&sr=8-116,Nescafe coffee powder
Nescafe,Nescafe,,1205.0,,,,https://www.amazon.in/NESCAFE-Classic-Instant-Coffee-Powder/dp/B0H5Y3CH2Y/ref=sr_1_117?dib=eyJ2IjoiMSJ9.ukGqlduktWsFr0Ay7wgoCfxeHPvVBbIt2n2noPGdlgDH43aWKsB6hIHq2yig_HHzMKbRUiZteH4fbZMQA8WQjNevs_HQzePHZDq1lJPuKTbcyDZlq0rgudw5D19T5ajlCCPzq1cmT6Qa1nZNKF_7DT1tH6Tt_kXL1U-NuwKo5JjWiHXk5-kYnVH-1n3m1ijgGFcpqxN8DUBQiTotPGYexm2wrxlqN7KM4lNdUZhg6YgXyPqdITNSiGHrxocmPGCTcxkFpuA1MIcOpSM3sLCYuVZK3mA43t4feERedTAnkjk.Oc9s4horJauTMLjQElc8cO7VphL2H9meMZTYBmnwOac&dib_tag=se&keywords=Nescafe+coffee+powder&nsdOptOutParam=true&qid=1789840706&sr=8-117,Nescafe coffee powder
Nescafe,Nescafe,,119.0,,4.5,,https://www.amazon.in/Nescafe-Classic-Coffee-25g-Jar/dp/B00TTX1SMS/ref=sr_1_120?dib=eyJ2IjoiMSJ9.ukGqlduktWsFr0Ay7wgoCfxeHPvVBbIt2n2noPGdlgDH43aWKsB6hIHq2yig_HHzMKbRUiZteH4fbZMQA8WQjNevs_HQzePHZDq1lJPuKTbcyDZlq0rgudw5D19T5ajlCCPzq1cmT6Qa1nZNKF_7DT1tH6Tt_kXL1U-NuwKo5JjWiHXk5-kYnVH-1n3m1ijgGFcpqxN8DUBQiTotPGYexm2wrxlqN7KM4lNdUZhg6YgXyPqdITNSiGHrxocmPGCTcxkFpuA1MIcOpSM3sLCYuVZK3mA43t4feERedTAnkjk.Oc9s4horJauTMLjQElc8cO7VphL2H9meMZTYBmnwOac&dib_tag=se&keywords=Nescafe+coffee+powder&nsdOptOutParam=true&qid=1789840706&sr=8-120,Nescafe coffee powder
Nescafe,Nescafe,,429.0,,3.5,,https://www.amazon.in/Nescafe-Cafe-Menu-Mocha-Pack/dp/B00J7QW790/ref=sr_1_122?dib=eyJ2IjoiMSJ9.ukGqlduktWsFr0Ay7wgoCfxeHPvVBbIt2n2noPGdlgDH43aWKsB6hIHq2yig_HHzMKbRUiZteH4fbZMQA8WQjNevs_HQzePHZDq1lJPuKTbcyDZlq0rgudw5D19T5ajlCCPzq1cmT6Qa1nZNKF_7DT1tH6Tt_kXL1U-NuwKo5JjWiHXk5-kYnVH-1n3m1ijgGFcpqxN8DUBQiTotPGYexm2wrxlqN7KM4lNdUZhg6YgXyPqdITNSiGHrxocmPGCTcxkFpuA1MIcOpSM3sLCYuVZK3mA43t4feERedTAnkjk.Oc9s4horJauTMLjQElc8cO7VphL2H9meMZTYBmnwOac&dib_tag=se&keywords=Nescafe+coffee+powder&nsdOptOutParam=true&qid=1789840706&sr=8-122,Nescafe coffee powder
Nescafe,Nescafe,,870.0,,4.4,,https://www.amazon.in/Nescaf%C3%A9-Classic-Coffee-100g-Free/dp/B01HOBPEKI/ref=sr_1_123?dib=eyJ2IjoiMSJ9.ukGqlduktWsFr0Ay7wgoCfxeHPvVBbIt2n2noPGdlgDH43aWKsB6hIHq2yig_HHzMKbRUiZteH4fbZMQA8WQjNevs_HQzePHZDq1lJPuKTbcyDZlq0rgudw5D19T5ajlCCPzq1cmT6Qa1nZNKF_7DT1tH6Tt_kXL1U-NuwKo5JjWiHXk5-kYnVH-1n3m1ijgGFcpqxN8DUBQiTotPGYexm2wrxlqN7KM4lNdUZhg6YgXyPqdITNSiGHrxocmPGCTcxkFpuA1MIcOpSM3sLCYuVZK3mA43t4feERedTAnkjk.Oc9s4horJauTMLjQElc8cO7VphL2H9meMZTYBmnwOac&dib_tag=se&keywords=Nescafe+coffee+powder&nsdOptOutParam=true&qid=1789840706&sr=8-123,Nescafe coffee powder
Nescafe,Nescafe,,795.0,,,,https://www.amazon.in/NESCAFE-Classic-Instant-Coffee-190Jar/dp/B0GCN8NTTC/ref=sr_1_124?dib=eyJ2IjoiMSJ9.ukGqlduktWsFr0Ay7wgoCfxeHPvVBbIt2n2noPGdlgDH43aWKsB6hIHq2yig_HHzMKbRUiZteH4fbZMQA8WQjNevs_HQzePHZDq1lJPuKTbcyDZlq0rgudw5D19T5ajlCCPzq1cmT6Qa1nZNKF_7DT1tH6Tt_kXL1U-NuwKo5JjWiHXk5-kYnVH-1n3m1ijgGFcpqxN8DUBQiTotPGYexm2wrxlqN7KM4lNdUZhg6YgXyPqdITNSiGHrxocmPGCTcxkFpuA1MIcOpSM3sLCYuVZK3mA43t4feERedTAnkjk.Oc9s4horJauTMLjQElc8cO7VphL2H9meMZTYBmnwOac&dib_tag=se&keywords=Nescafe+coffee+powder&nsdOptOutParam=true&qid=1789840706&sr=8-124,Nescafe coffee powder
Nescafe,Nescafe,,985.0,,,,https://www.amazon.in/NESCAFE-Classic-Instant-Coffee-Powder/dp/B0H5YMKQNB/ref=sr_1_125?dib=eyJ2IjoiMSJ9.ukGqlduktWsFr0Ay7wgoCfxeHPvVBbIt2n2noPGdlgDH43aWKsB6hIHq2yig_HHzMKbRUiZteH4fbZMQA8WQjNevs_HQzePHZDq1lJPuKTbcyDZlq0rgudw5D19T5ajlCCPzq1cmT6Qa1nZNKF_7DT1tH6Tt_kXL1U-NuwKo5JjWiHXk5-kYnVH-1n3m1ijgGFcpqxN8DUBQiTotPGYexm2wrxlqN7KM4lNdUZhg6YgXyPqdITNSiGHrxocmPGCTcxkFpuA1MIcOpSM3sLCYuVZK3mA43t4feERedTAnkjk.Oc9s4horJauTMLjQElc8cO7VphL2H9meMZTYBmnwOac&dib_tag=se&keywords=Nescafe+coffee+powder&nsdOptOutParam=true&qid=1789840706&sr=8-125,Nescafe coffee powder
Nescafe,Nescafe,,897.0,,,,https://www.amazon.in/NESCAFE-Frappe-Instant-Coffee-Premix/dp/B0H5RGF5FF/ref=sr_1_126?dib=eyJ2IjoiMSJ9.ukGqlduktWsFr0Ay7wgoCfxeHPvVBbIt2n2noPGdlgDH43aWKsB6hIHq2yig_HHzMKbRUiZteH4fbZMQA8WQjNevs_HQzePHZDq1lJPuKTbcyDZlq0rgudw5D19T5ajlCCPzq1cmT6Qa1nZNKF_7DT1tH6Tt_kXL1U-NuwKo5JjWiHXk5-kYnVH-1n3m1ijgGFcpqxN8DUBQiTotPGYexm2wrxlqN7KM4lNdUZhg6YgXyPqdITNSiGHrxocmPGCTcxkFpuA1MIcOpSM3sLCYuVZK3mA43t4feERedTAnkjk.Oc9s4horJauTMLjQElc8cO7VphL2H9meMZTYBmnwOac&dib_tag=se&keywords=Nescafe+coffee+powder&nsdOptOutParam=true&qid=1789840706&sr=8-126,Nescafe coffee powder
Nescafe,Nescafe,,766.0,,,,https://www.amazon.in/NESCAFE-Classic-Instant-Nescafe-Stronger/dp/B0CLBVRRNM/ref=sr_1_130?dib=eyJ2IjoiMSJ9.ukGqlduktWsFr0Ay7wgoCfxeHPvVBbIt2n2noPGdlgDH43aWKsB6hIHq2yig_HHzMKbRUiZteH4fbZMQA8WQjNevs_HQzePHZDq1lJPuKTbcyDZlq0rgudw5D19T5ajlCCPzq1cmT6Qa1nZNKF_7DT1tH6Tt_kXL1U-NuwKo5JjWiHXk5-kYnVH-1n3m1ijgGFcpqxN8DUBQiTotPGYexm2wrxlqN7KM4lNdUZhg6YgXyPqdITNSiGHrxocmPGCTcxkFpuA1MIcOpSM3sLCYuVZK3mA43t4feERedTAnkjk.Oc9s4horJauTMLjQElc8cO7VphL2H9meMZTYBmnwOac&dib_tag=se&keywords=Nescafe+coffee+powder&nsdOptOutParam=true&qid=1789840706&sr=8-130,Nescafe coffee powder
Nescafe,Nescafe,,890.0,,4.2,,https://www.amazon.in/Nescafe-Caramel-Instant-Combines-Creamer/dp/B0CS6BNTYX/ref=sr_1_131?dib=eyJ2IjoiMSJ9.ukGqlduktWsFr0Ay7wgoCfxeHPvVBbIt2n2noPGdlgDH43aWKsB6hIHq2yig_HHzMKbRUiZteH4fbZMQA8WQjNevs_HQzePHZDq1lJPuKTbcyDZlq0rgudw5D19T5ajlCCPzq1cmT6Qa1nZNKF_7DT1tH6Tt_kXL1U-NuwKo5JjWiHXk5-kYnVH-1n3m1ijgGFcpqxN8DUBQiTotPGYexm2wrxlqN7KM4lNdUZhg6YgXyPqdITNSiGHrxocmPGCTcxkFpuA1MIcOpSM3sLCYuVZK3mA43t4feERedTAnkjk.Oc9s4horJauTMLjQElc8cO7VphL2H9meMZTYBmnwOac&dib_tag=se&keywords=Nescafe+coffee+powder&nsdOptOutParam=true&qid=1789840706&sr=8-131,Nescafe coffee powder
Nescafe,Nescafe,,3168.0,,,,https://www.amazon.in/NESCAFE-Classic-Instant-Coffee-Powder/dp/B0H5YNHBP9/ref=sr_1_132?dib=eyJ2IjoiMSJ9.ukGqlduktWsFr0Ay7wgoCfxeHPvVBbIt2n2noPGdlgDH43aWKsB6hIHq2yig_HHzMKbRUiZteH4fbZMQA8WQjNevs_HQzePHZDq1lJPuKTbcyDZlq0rgudw5D19T5ajlCCPzq1cmT6Qa1nZNKF_7DT1tH6Tt_kXL1U-NuwKo5JjWiHXk5-kYnVH-1n3m1ijgGFcpqxN8DUBQiTotPGYexm2wrxlqN7KM4lNdUZhg6YgXyPqdITNSiGHrxocmPGCTcxkFpuA1MIcOpSM3sLCYuVZK3mA43t4feERedTAnkjk.Oc9s4horJauTMLjQElc8cO7VphL2H9meMZTYBmnwOac&dib_tag=se&keywords=Nescafe+coffee+powder&nsdOptOutParam=true&qid=1789840706&sr=8-132,Nescafe coffee powder
Nescafe,Nescafe,,488.0,,4.0,,https://www.amazon.in/Nescafe-Gold-Caramel-Latte-136g/dp/B06WD69MSK/ref=sr_1_134_mod_primary_new?dib=eyJ2IjoiMSJ9.ukGqlduktWsFr0Ay7wgoCfxeHPvVBbIt2n2noPGdlgDH43aWKsB6hIHq2yig_HHzMKbRUiZteH4fbZMQA8WQjNevs_HQzePHZDq1lJPuKTbcyDZlq0rgudw5D19T5ajlCCPzq1cmT6Qa1nZNKF_7DT1tH6Tt_kXL1U-NuwKo5JjWiHXk5-kYnVH-1n3m1ijgGFcpqxN8DUBQiTotPGYexm2wrxlqN7KM4lNdUZhg6YgXyPqdITNSiGHrxocmPGCTcxkFpuA1MIcOpSM3sLCYuVZK3mA43t4feERedTAnkjk.Oc9s4horJauTMLjQElc8cO7VphL2H9meMZTYBmnwOac&dib_tag=se&keywords=Nescafe+coffee+powder&nsdOptOutParam=true&qid=1789840706&sbo=RZvfv%2F%2FHxDF%2BO5021pAnSA%3D%3D&sr=8-134,Nescafe coffee powder
Nescafe,NESCAFE SUNRISE,,1220.0,,,,https://www.amazon.in/Nescafe-Sunrise-Instant-Coffee-Chicory-Stabilo/dp/B0H6FWDJ5K/ref=sr_1_136?dib=eyJ2IjoiMSJ9.ukGqlduktWsFr0Ay7wgoCfxeHPvVBbIt2n2noPGdlgDH43aWKsB6hIHq2yig_HHzMKbRUiZteH4fbZMQA8WQjNevs_HQzePHZDq1lJPuKTbcyDZlq0rgudw5D19T5ajlCCPzq1cmT6Qa1nZNKF_7DT1tH6Tt_kXL1U-NuwKo5JjWiHXk5-kYnVH-1n3m1ijgGFcpqxN8DUBQiTotPGYexm2wrxlqN7KM4lNdUZhg6YgXyPqdITNSiGHrxocmPGCTcxkFpuA1MIcOpSM3sLCYuVZK3mA43t4feERedTAnkjk.Oc9s4horJauTMLjQElc8cO7VphL2H9meMZTYBmnwOac&dib_tag=se&keywords=Nescafe+coffee+powder&nsdOptOutParam=true&qid=1789840706&sr=8-136,Nescafe coffee powder
Nescafe,Nescafe,,779.0,,4.5,,https://www.amazon.in/NESCAFE-MATINAL-SUAVE-200G-SAVOY/dp/B0BJQF43WQ/ref=sr_1_137?dib=eyJ2IjoiMSJ9.ukGqlduktWsFr0Ay7wgoCfxeHPvVBbIt2n2noPGdlgDH43aWKsB6hIHq2yig_HHzMKbRUiZteH4fbZMQA8WQjNevs_HQzePHZDq1lJPuKTbcyDZlq0rgudw5D19T5ajlCCPzq1cmT6Qa1nZNKF_7DT1tH6Tt_kXL1U-NuwKo5JjWiHXk5-kYnVH-1n3m1ijgGFcpqxN8DUBQiTotPGYexm2wrxlqN7KM4lNdUZhg6YgXyPqdITNSiGHrxocmPGCTcxkFpuA1MIcOpSM3sLCYuVZK3mA43t4feERedTAnkjk.Oc9s4horJauTMLjQElc8cO7VphL2H9meMZTYBmnwOac&dib_tag=se&keywords=Nescafe+coffee+powder&nsdOptOutParam=true&qid=1789840706&sr=8-137,Nescafe coffee powder
Nescafe,Nescafe,,649.0,,4.1,,https://www.amazon.in/Nescafe-Gold-Double-Choca-Mocha/dp/B00J7QWAEC/ref=sr_1_138_mod_primary_new?dib=eyJ2IjoiMSJ9.ukGqlduktWsFr0Ay7wgoCfxeHPvVBbIt2n2noPGdlgDH43aWKsB6hIHq2yig_HHzMKbRUiZteH4fbZMQA8WQjNevs_HQzePHZDq1lJPuKTbcyDZlq0rgudw5D19T5ajlCCPzq1cmT6Qa1nZNKF_7DT1tH6Tt_kXL1U-NuwKo5JjWiHXk5-kYnVH-1n3m1ijgGFcpqxN8DUBQiTotPGYexm2wrxlqN7KM4lNdUZhg6YgXyPqdITNSiGHrxocmPGCTcxkFpuA1MIcOpSM3sLCYuVZK3mA43t4feERedTAnkjk.Oc9s4horJauTMLjQElc8cO7VphL2H9meMZTYBmnwOac&dib_tag=se&keywords=Nescafe+coffee+powder&nsdOptOutParam=true&qid=1789840706&sbo=RZvfv%2F%2FHxDF%2BO5021pAnSA%3D%3D&sr=8-138,Nescafe coffee powder
Nescafe,Nescafe,,1886.0,,,,https://www.amazon.in/NESCAFE-Classic-Instant-Coffee-Powder/dp/B0H5YQ8NK3/ref=sr_1_139?dib=eyJ2IjoiMSJ9.ukGqlduktWsFr0Ay7wgoCfxeHPvVBbIt2n2noPGdlgDH43aWKsB6hIHq2yig_HHzMKbRUiZteH4fbZMQA8WQjNevs_HQzePHZDq1lJPuKTbcyDZlq0rgudw5D19T5ajlCCPzq1cmT6Qa1nZNKF_7DT1tH6Tt_kXL1U-NuwKo5JjWiHXk5-kYnVH-1n3m1ijgGFcpqxN8DUBQiTotPGYexm2wrxlqN7KM4lNdUZhg6YgXyPqdITNSiGHrxocmPGCTcxkFpuA1MIcOpSM3sLCYuVZK3mA43t4feERedTAnkjk.Oc9s4horJauTMLjQElc8cO7VphL2H9meMZTYBmnwOac&dib_tag=se&keywords=Nescafe+coffee+powder&nsdOptOutParam=true&qid=1789840706&sr=8-139,Nescafe coffee powder
Nescafe,Nescafe,,2368.0,,,,https://www.amazon.in/Nescafe-Classic-Instant-Coffee-Powder/dp/B0H5Y2QRFM/ref=sr_1_140?dib=eyJ2IjoiMSJ9.ukGqlduktWsFr0Ay7wgoCfxeHPvVBbIt2n2noPGdlgDH43aWKsB6hIHq2yig_HHzMKbRUiZteH4fbZMQA8WQjNevs_HQzePHZDq1lJPuKTbcyDZlq0rgudw5D19T5ajlCCPzq1cmT6Qa1nZNKF_7DT1tH6Tt_kXL1U-NuwKo5JjWiHXk5-kYnVH-1n3m1ijgGFcpqxN8DUBQiTotPGYexm2wrxlqN7KM4lNdUZhg6YgXyPqdITNSiGHrxocmPGCTcxkFpuA1MIcOpSM3sLCYuVZK3mA43t4feERedTAnkjk.Oc9s4horJauTMLjQElc8cO7VphL2H9meMZTYBmnwOac&dib_tag=se&keywords=Nescafe+coffee+powder&nsdOptOutParam=true&qid=1789840706&sr=8-140,Nescafe coffee powder
Nescafe,Nescafe,,2443.0,,4.6,,https://www.amazon.in/NESCAFE-Classic-Instant-Coffee-Powder/dp/B08H5F353B/ref=sr_1_142?dib=eyJ2IjoiMSJ9.ukGqlduktWsFr0Ay7wgoCfxeHPvVBbIt2n2noPGdlgDH43aWKsB6hIHq2yig_HHzMKbRUiZteH4fbZMQA8WQjNevs_HQzePHZDq1lJPuKTbcyDZlq0rgudw5D19T5ajlCCPzq1cmT6Qa1nZNKF_7DT1tH6Tt_kXL1U-NuwKo5JjWiHXk5-kYnVH-1n3m1ijgGFcpqxN8DUBQiTotPGYexm2wrxlqN7KM4lNdUZhg6YgXyPqdITNSiGHrxocmPGCTcxkFpuA1MIcOpSM3sLCYuVZK3mA43t4feERedTAnkjk.Oc9s4horJauTMLjQElc8cO7VphL2H9meMZTYBmnwOac&dib_tag=se&keywords=Nescafe+coffee+powder&nsdOptOutParam=true&qid=1789840706&sr=8-142,Nescafe coffee powder
Nescafe Classic,"Nescafé Classic Instant Coffee Powder, 66g, (30 units x 2.2 g each) Pack",66.0,150.0,2.27,4.4,100.0,https://www.amazon.in/NESCAFE-Classic-Instant-Powder-Robusta/dp/B0C4FG5XF3/ref=sr_1_14?dib=eyJ2IjoiMSJ9.QQ4lzo3vtXTSX7dKS3oda5WYyJ5jNAVC-wDlpIncDjk0KbPwTFtidha8LFI3Z1n5zeVAt2b0llk1Klnh0SQfrr4H13p7juOpfVLa45d5KeBV6Cr2KzuQlkLuA-IoyKeuduOdB1SNJoBmLaOi5gF2qf5VnzpKWSvrhNH6ZYX1FhwN6Ghdjf9NKH3VLnAmowx7cQZxLdkEWqm4LAyTJvknZQbwbrlL0VLM_D1xZdimsITkFoBfzWcLS1R63NCXtOEHGa8gB5TWfG-SbjfpsHifIf0vDx4yCn72eiYxto4Km9k.7iljYSV_u0-90chzLzLLn7CDBBXSR_wxiToKn6iOiVc&dib_tag=se&keywords=Nescafe+Classic+coffee+powder&nsdOptOutParam=true&qid=1789840674&sr=8-14,Nescafe Classic coffee powder
Nescafe Classic,"Nescafé Classic Instant Coffee Powder, 500g Pouch",500.0,1590.0,3.18,4.5,100.0,https://www.amazon.in/Nescaf%C3%A9-Nescafe-Classic-500g/dp/B01BV4FO8G/ref=sr_1_5?dib=eyJ2IjoiMSJ9.QQ4lzo3vtXTSX7dKS3oda5WYyJ5jNAVC-wDlpIncDjk0KbPwTFtidha8LFI3Z1n5zeVAt2b0llk1Klnh0SQfrr4H13p7juOpfVLa45d5KeBV6Cr2KzuQlkLuA-IoyKeuduOdB1SNJoBmLaOi5gF2qf5VnzpKWSvrhNH6ZYX1FhwN6Ghdjf9NKH3VLnAmowx7cQZxLdkEWqm4LAyTJvknZQbwbrlL0VLM_D1xZdimsITkFoBfzWcLS1R63NCXtOEHGa8gB5TWfG-SbjfpsHifIf0vDx4yCn72eiYxto4Km9k.7iljYSV_u0-90chzLzLLn7CDBBXSR_wxiToKn6iOiVc&dib_tag=se&keywords=Nescafe+Classic+coffee+powder&nsdOptOutParam=true&qid=1789840674&sr=8-5,Nescafe Classic coffee powder
Nescafe Classic,"Nescafé Classic Instant Coffee Powder, 200g Pouch",200.0,699.0,3.5,4.4,100.0,https://www.amazon.in/Nescaf%C3%A9-Classic-Coffee-200g-Stabilo/dp/B00VJZ0OCY/ref=sr_1_1_mod_primary_new?dib=eyJ2IjoiMSJ9.QQ4lzo3vtXTSX7dKS3oda5WYyJ5jNAVC-wDlpIncDjk0KbPwTFtidha8LFI3Z1n5zeVAt2b0llk1Klnh0SQfrr4H13p7juOpfVLa45d5KeBV6Cr2KzuQlkLuA-IoyKeuduOdB1SNJoBmLaOi5gF2qf5VnzpKWSvrhNH6ZYX1FhwN6Ghdjf9NKH3VLnAmowx7cQZxLdkEWqm4LAyTJvknZQbwbrlL0VLM_D1xZdimsITkFoBfzWcLS1R63NCXtOEHGa8gB5TWfG-SbjfpsHifIf0vDx4yCn72eiYxto4Km9k.7iljYSV_u0-90chzLzLLn7CDBBXSR_wxiToKn6iOiVc&dib_tag=se&keywords=Nescafe+Classic+coffee+powder&nsdOptOutParam=true&qid=1789840674&sbo=RZvfv%2F%2FHxDF%2BO5021pAnSA%3D%3D&sr=8-1,Nescafe Classic coffee powder
Nescafe Classic,Nescafe Classic Coffee 100% Pure Coffee Instant Coffee (500 g),500.0,1890.0,3.78,3.9,,https://www.amazon.in/Nescafe-Classic-Coffee-100-Instant/dp/B0BNNDDCQJ/ref=sr_1_18?dib=eyJ2IjoiMSJ9.QQ4lzo3vtXTSX7dKS3oda5WYyJ5jNAVC-wDlpIncDjk0KbPwTFtidha8LFI3Z1n5zeVAt2b0llk1Klnh0SQfrr4H13p7juOpfVLa45d5KeBV6Cr2KzuQlkLuA-IoyKeuduOdB1SNJoBmLaOi5gF2qf5VnzpKWSvrhNH6ZYX1FhwN6Ghdjf9NKH3VLnAmowx7cQZxLdkEWqm4LAyTJvknZQbwbrlL0VLM_D1xZdimsITkFoBfzWcLS1R63NCXtOEHGa8gB5TWfG-SbjfpsHifIf0vDx4yCn72eiYxto4Km9k.7iljYSV_u0-90chzLzLLn7CDBBXSR_wxiToKn6iOiVc&dib_tag=se&keywords=Nescafe+Classic+coffee+powder&nsdOptOutParam=true&qid=1789840674&sr=8-18,Nescafe Classic coffee powder
Nescafe Classic,"Nescafé Classic Instant Coffee Powder, 45g Pouch",45.0,180.0,4.0,4.4,100.0,https://www.amazon.in/Nescaf%C3%A9-Classic-Coffee-50g-Sachet/dp/B00TIK8956/ref=sr_1_10?dib=eyJ2IjoiMSJ9.QQ4lzo3vtXTSX7dKS3oda5WYyJ5jNAVC-wDlpIncDjk0KbPwTFtidha8LFI3Z1n5zeVAt2b0llk1Klnh0SQfrr4H13p7juOpfVLa45d5KeBV6Cr2KzuQlkLuA-IoyKeuduOdB1SNJoBmLaOi5gF2qf5VnzpKWSvrhNH6ZYX1FhwN6Ghdjf9NKH3VLnAmowx7cQZxLdkEWqm4LAyTJvknZQbwbrlL0VLM_D1xZdimsITkFoBfzWcLS1R63NCXtOEHGa8gB5TWfG-SbjfpsHifIf0vDx4yCn72eiYxto4Km9k.7iljYSV_u0-90chzLzLLn7CDBBXSR_wxiToKn6iOiVc&dib_tag=se&keywords=Nescafe+Classic+coffee+powder&nsdOptOutParam=true&qid=1789840674&sr=8-10,Nescafe Classic coffee powder
Nescafe Classic,"Nescafé Classic Instant Coffee Powder, 90g Jar",90.0,361.0,4.01,4.5,100.0,https://www.amazon.in/Nescaf%C3%A9-Classic-Coffee-100g-Glass/dp/B00VK0FTP0/ref=sr_1_3?dib=eyJ2IjoiMSJ9.QQ4lzo3vtXTSX7dKS3oda5WYyJ5jNAVC-wDlpIncDjk0KbPwTFtidha8LFI3Z1n5zeVAt2b0llk1Klnh0SQfrr4H13p7juOpfVLa45d5KeBV6Cr2KzuQlkLuA-IoyKeuduOdB1SNJoBmLaOi5gF2qf5VnzpKWSvrhNH6ZYX1FhwN6Ghdjf9NKH3VLnAmowx7cQZxLdkEWqm4LAyTJvknZQbwbrlL0VLM_D1xZdimsITkFoBfzWcLS1R63NCXtOEHGa8gB5TWfG-SbjfpsHifIf0vDx4yCn72eiYxto4Km9k.7iljYSV_u0-90chzLzLLn7CDBBXSR_wxiToKn6iOiVc&dib_tag=se&keywords=Nescafe+Classic+coffee+powder&nsdOptOutParam=true&qid=1789840674&sr=8-3,Nescafe Classic coffee powder
Nescafe Classic,"Nescafé Classic Coffee Powder, 180g Jar",180.0,725.0,4.03,4.5,100.0,https://www.amazon.in/Nescaf%C3%A9-Classic-Coffee-200g-Glass/dp/B06XCJ1SZP/ref=sr_1_2?dib=eyJ2IjoiMSJ9.QQ4lzo3vtXTSX7dKS3oda5WYyJ5jNAVC-wDlpIncDjk0KbPwTFtidha8LFI3Z1n5zeVAt2b0llk1Klnh0SQfrr4H13p7juOpfVLa45d5KeBV6Cr2KzuQlkLuA-IoyKeuduOdB1SNJoBmLaOi5gF2qf5VnzpKWSvrhNH6ZYX1FhwN6Ghdjf9NKH3VLnAmowx7cQZxLdkEWqm4LAyTJvknZQbwbrlL0VLM_D1xZdimsITkFoBfzWcLS1R63NCXtOEHGa8gB5TWfG-SbjfpsHifIf0vDx4yCn72eiYxto4Km9k.7iljYSV_u0-90chzLzLLn7CDBBXSR_wxiToKn6iOiVc&dib_tag=se&keywords=Nescafe+Classic+coffee+powder&nsdOptOutParam=true&qid=1789840674&sr=8-2,Nescafe Classic coffee powder
Nescafe Classic,"Nescafé Classic Instant Coffee Powder, 180g Jar, Free Red Mug, Box",180.0,725.0,4.03,4.3,100.0,https://www.amazon.in/NESCAFE-Classic-Instant-Robusta-Roasted/dp/B0C61RYKSH/ref=sr_1_4?dib=eyJ2IjoiMSJ9.QQ4lzo3vtXTSX7dKS3oda5WYyJ5jNAVC-wDlpIncDjk0KbPwTFtidha8LFI3Z1n5zeVAt2b0llk1Klnh0SQfrr4H13p7juOpfVLa45d5KeBV6Cr2KzuQlkLuA-IoyKeuduOdB1SNJoBmLaOi5gF2qf5VnzpKWSvrhNH6ZYX1FhwN6Ghdjf9NKH3VLnAmowx7cQZxLdkEWqm4LAyTJvknZQbwbrlL0VLM_D1xZdimsITkFoBfzWcLS1R63NCXtOEHGa8gB5TWfG-SbjfpsHifIf0vDx4yCn72eiYxto4Km9k.7iljYSV_u0-90chzLzLLn7CDBBXSR_wxiToKn6iOiVc&dib_tag=se&keywords=Nescafe+Classic+coffee+powder&nsdOptOutParam=true&qid=1789840674&sr=8-4,Nescafe Classic coffee powder
Nescafe Classic,"Nescafé Classic Instant Coffee Powder, 45g Jar",45.0,185.0,4.11,4.4,100.0,https://www.amazon.in/NESCAFE-Classic-Instant-Robusta-Roasted/dp/B01C5IX1PA/ref=sr_1_6?dib=eyJ2IjoiMSJ9.QQ4lzo3vtXTSX7dKS3oda5WYyJ5jNAVC-wDlpIncDjk0KbPwTFtidha8LFI3Z1n5zeVAt2b0llk1Klnh0SQfrr4H13p7juOpfVLa45d5KeBV6Cr2KzuQlkLuA-IoyKeuduOdB1SNJoBmLaOi5gF2qf5VnzpKWSvrhNH6ZYX1FhwN6Ghdjf9NKH3VLnAmowx7cQZxLdkEWqm4LAyTJvknZQbwbrlL0VLM_D1xZdimsITkFoBfzWcLS1R63NCXtOEHGa8gB5TWfG-SbjfpsHifIf0vDx4yCn72eiYxto4Km9k.7iljYSV_u0-90chzLzLLn7CDBBXSR_wxiToKn6iOiVc&dib_tag=se&keywords=Nescafe+Classic+coffee+powder&nsdOptOutParam=true&qid=1789840674&sr=8-6,Nescafe Classic coffee powder
Nescafe Classic,NESCAFÉ Classic Soluble Coffee Jar 190g By Savoy (Weight May Vary) 100% Pure Coffee,190.0,830.0,4.37,4.7,,https://www.amazon.in/NESCAF%C3%89-Classic-Soluble-Coffee-Weight/dp/B011LOIKUK/ref=sr_1_74?dib=eyJ2IjoiMSJ9.OL0u5e3R3Rfq00MI8g8X6QuwK38XeVUvwOuFhK6U5AX7I1uX9X5MgT9ApEfcGLlAz6hUTYAcG9hnheXv4OuaBFv1UURcg6mzxOlUud6Pe5VQVWc-OfH7kFHzfS0bH6egP5tjCqpHd0id97sDremQoYyyMCyxQdgu1fKj_CosyKR6eBUKgKoW5C2PGKOvPvNmesPI_XP990kxXe-2qePeE_tCmGRoGRFcRJyxxJZcKoI6oCEOeKHVPIQFzZH_PramcgDaAg47rxKy77Ux0X8Djzvywt_oclKreIz6Dn60v-8.upTfi8UJs02UM7sgJ9x2X1EgaASJ2viOgpw_pTzIz0g&dib_tag=se&keywords=Nescafe+Classic+coffee+powder&nsdOptOutParam=true&qid=1789840680&sr=8-74,Nescafe Classic coffee powder
Nescafe Classic,"Nescafé Classic Instant Coffee Powder, 24g Jar",24.0,118.0,4.92,4.4,100.0,https://www.amazon.in/Nescaf%C3%A9-Classic-Coffee-25g-Glass/dp/B00O8WUZVK/ref=sr_1_15?dib=eyJ2IjoiMSJ9.QQ4lzo3vtXTSX7dKS3oda5WYyJ5jNAVC-wDlpIncDjk0KbPwTFtidha8LFI3Z1n5zeVAt2b0llk1Klnh0SQfrr4H13p7juOpfVLa45d5KeBV6Cr2KzuQlkLuA-IoyKeuduOdB1SNJoBmLaOi5gF2qf5VnzpKWSvrhNH6ZYX1FhwN6Ghdjf9NKH3VLnAmowx7cQZxLdkEWqm4LAyTJvknZQbwbrlL0VLM_D1xZdimsITkFoBfzWcLS1R63NCXtOEHGa8gB5TWfG-SbjfpsHifIf0vDx4yCn72eiYxto4Km9k.7iljYSV_u0-90chzLzLLn7CDBBXSR_wxiToKn6iOiVc&dib_tag=se&keywords=Nescafe+Classic+coffee+powder&nsdOptOutParam=true&qid=1789840674&sr=8-15,Nescafe Classic coffee powder
Nescafe Classic,NESCAFE Classic Instant Coffee Powder | Great start to your morning | 100% Pure Coffee | 45g Pouch (Pack of 2),45.0,360.0,8.0,4.4,,https://www.amazon.in/NESCAFE-Classic-Instant-Coffee-morning/dp/B0H6FXVDXK/ref=sr_1_20?dib=eyJ2IjoiMSJ9.QQ4lzo3vtXTSX7dKS3oda5WYyJ5jNAVC-wDlpIncDjk0KbPwTFtidha8LFI3Z1n5zeVAt2b0llk1Klnh0SQfrr4H13p7juOpfVLa45d5KeBV6Cr2KzuQlkLuA-IoyKeuduOdB1SNJoBmLaOi5gF2qf5VnzpKWSvrhNH6ZYX1FhwN6Ghdjf9NKH3VLnAmowx7cQZxLdkEWqm4LAyTJvknZQbwbrlL0VLM_D1xZdimsITkFoBfzWcLS1R63NCXtOEHGa8gB5TWfG-SbjfpsHifIf0vDx4yCn72eiYxto4Km9k.7iljYSV_u0-90chzLzLLn7CDBBXSR_wxiToKn6iOiVc&dib_tag=se&keywords=Nescafe+Classic+coffee+powder&nsdOptOutParam=true&qid=1789840674&sr=8-20,Nescafe Classic coffee powder
Nescafe Classic,"Nescafé Classic Decaf Instant Coffee, Dark Roast, 100% Pure Coffee, Powder Form, by febora foods, 100g",100.0,999.0,9.99,5.0,,https://www.amazon.in/Nescaf%C3%A9-Classic-Instant-Coffee-Powder/dp/B0GZHBS6P1/ref=sr_1_60?dib=eyJ2IjoiMSJ9.OL0u5e3R3Rfq00MI8g8X6QuwK38XeVUvwOuFhK6U5AX7I1uX9X5MgT9ApEfcGLlAz6hUTYAcG9hnheXv4OuaBFv1UURcg6mzxOlUud6Pe5VQVWc-OfH7kFHzfS0bH6egP5tjCqpHd0id97sDremQoYyyMCyxQdgu1fKj_CosyKR6eBUKgKoW5C2PGKOvPvNmesPI_XP990kxXe-2qePeE_tCmGRoGRFcRJyxxJZcKoI6oCEOeKHVPIQFzZH_PramcgDaAg47rxKy77Ux0X8Djzvywt_oclKreIz6Dn60v-8.upTfi8UJs02UM7sgJ9x2X1EgaASJ2viOgpw_pTzIz0g&dib_tag=se&keywords=Nescafe+Classic+coffee+powder&nsdOptOutParam=true&qid=1789840680&sr=8-60,Nescafe Classic coffee powder
Nescafe Gold,NESCAFÉ Gold - Premium Instant Coffee (190g) By COUGAR | Rich Aroma & Smooth Taste with Golden Roasted Arabica | Instant Coffee Powder | Perfect for Hot Coffee & Café Style Drinks – (Imported),190.0,979.0,5.15,4.4,,https://www.amazon.in/NESCAF%C3%89-Gold-Premium-Instant-Roasted/dp/B0CTML6CRZ/ref=sr_1_25?dib=eyJ2IjoiMSJ9.7IcXSoLI4U1ezNd5dZMjcelVDTivddKeyA6TJ0mswAfSZCoHiWbAvdQpUiml6MbY8v2jeLTJzMI4Fjlhnkj8HsCTUYJSL5482agb6VmZ8rG68CmjoRwhTawauMo2Jc_WxiEWzkRcxNfZjJTD9sMm-sdmeCu1fW5WOqOXAxtyGkXNFf1ezM-CMIhe68TEaDimbE0YpIuQABZt2WiG1NneDLxbdVzpmIQrhYDDWDGvkzlNXcOf7anFLPDVyZ5mZ94MLSUNmTkDPtU5cqXIGTfrsa-ePw_rxe5WNG6PuHu5Y5A.5xm4CztjYzh0_RfJzHmL4TfyllBdmCpM71woAi1O89c&dib_tag=se&keywords=Nescafe+Gold+coffee+powder&nsdOptOutParam=true&qid=1789840653&sr=8-25,Nescafe Gold coffee powder
Nescafe Gold,"NESCAFÉ GOLD Instant Coffee,Fervor Winter Design Edition, Rich Aroma & Smooth Taste, Intensity 7, Golden Roasted Arabica Coffee 190g (Product Of UK)",190.0,989.0,5.21,4.4,,https://www.amazon.in/NESCAF%C3%89-Instant-Intensity-Roasted-Arabica/dp/B0151IDKWK/ref=sr_1_21?dib=eyJ2IjoiMSJ9.7IcXSoLI4U1ezNd5dZMjcelVDTivddKeyA6TJ0mswAfSZCoHiWbAvdQpUiml6MbY8v2jeLTJzMI4Fjlhnkj8HsCTUYJSL5482agb6VmZ8rG68CmjoRwhTawauMo2Jc_WxiEWzkRcxNfZjJTD9sMm-sdmeCu1fW5WOqOXAxtyGkXNFf1ezM-CMIhe68TEaDimbE0YpIuQABZt2WiG1NneDLxbdVzpmIQrhYDDWDGvkzlNXcOf7anFLPDVyZ5mZ94MLSUNmTkDPtU5cqXIGTfrsa-ePw_rxe5WNG6PuHu5Y5A.5xm4CztjYzh0_RfJzHmL4TfyllBdmCpM71woAi1O89c&dib_tag=se&keywords=Nescafe+Gold+coffee+powder&nsdOptOutParam=true&qid=1789840653&sr=8-21,Nescafe Gold coffee powder
Nescafe Gold,NESCAFÉ Gold - Premium Instant Coffee (190g) By COUGAR | Rich Velvety Aroma with Finely Roasted Arabica Coffee | Smooth Instant Coffee Powder – (Imported),190.0,999.0,5.26,4.8,,https://www.amazon.in/NESCAF%C3%89-Gold-Premium-Instant-Velvety/dp/B0F67BNWM9/ref=sr_1_16?dib=eyJ2IjoiMSJ9.7IcXSoLI4U1ezNd5dZMjcelVDTivddKeyA6TJ0mswAfSZCoHiWbAvdQpUiml6MbY8v2jeLTJzMI4Fjlhnkj8HsCTUYJSL5482agb6VmZ8rG68CmjoRwhTawauMo2Jc_WxiEWzkRcxNfZjJTD9sMm-sdmeCu1fW5WOqOXAxtyGkXNFf1ezM-CMIhe68TEaDimbE0YpIuQABZt2WiG1NneDLxbdVzpmIQrhYDDWDGvkzlNXcOf7anFLPDVyZ5mZ94MLSUNmTkDPtU5cqXIGTfrsa-ePw_rxe5WNG6PuHu5Y5A.5xm4CztjYzh0_RfJzHmL4TfyllBdmCpM71woAi1O89c&dib_tag=se&keywords=Nescafe+Gold+coffee+powder&nsdOptOutParam=true&qid=1789840653&sr=8-16,Nescafe Gold coffee powder
Nescafe Gold,NESCAFÉ Gold Instant Coffee (190g) Glass Jar By COUGAR | Rich Aroma with Smooth Taste Roasted Arabica Coffee | Smooth Instant Coffee Powder – (Imported),190.0,999.0,5.26,4.9,,https://www.amazon.in/NESCAF%C3%89-Instant-Coffee-Roasted-Arabica/dp/B0F2J886BB/ref=sr_1_35?dib=eyJ2IjoiMSJ9.7IcXSoLI4U1ezNd5dZMjcelVDTivddKeyA6TJ0mswAfSZCoHiWbAvdQpUiml6MbY8v2jeLTJzMI4Fjlhnkj8HsCTUYJSL5482agb6VmZ8rG68CmjoRwhTawauMo2Jc_WxiEWzkRcxNfZjJTD9sMm-sdmeCu1fW5WOqOXAxtyGkXNFf1ezM-CMIhe68TEaDimbE0YpIuQABZt2WiG1NneDLxbdVzpmIQrhYDDWDGvkzlNXcOf7anFLPDVyZ5mZ94MLSUNmTkDPtU5cqXIGTfrsa-ePw_rxe5WNG6PuHu5Y5A.5xm4CztjYzh0_RfJzHmL4TfyllBdmCpM71woAi1O89c&dib_tag=se&keywords=Nescafe+Gold+coffee+powder&nsdOptOutParam=true&qid=1789840653&sr=8-35,Nescafe Gold coffee powder
Nescafe Gold,"Nescafé Gold Blend Instant Coffee, Freeze Dried, Premium Coffee, 200g Jar",200.0,1191.0,5.96,4.5,,https://www.amazon.in/Nescafe-Gold-Smooth-Coffee-Powder/dp/B07K6L3KC6/ref=sr_1_5?dib=eyJ2IjoiMSJ9.7IcXSoLI4U1ezNd5dZMjcelVDTivddKeyA6TJ0mswAfSZCoHiWbAvdQpUiml6MbY8v2jeLTJzMI4Fjlhnkj8HsCTUYJSL5482agb6VmZ8rG68CmjoRwhTawauMo2Jc_WxiEWzkRcxNfZjJTD9sMm-sdmeCu1fW5WOqOXAxtyGkXNFf1ezM-CMIhe68TEaDimbE0YpIuQABZt2WiG1NneDLxbdVzpmIQrhYDDWDGvkzlNXcOf7anFLPDVyZ5mZ94MLSUNmTkDPtU5cqXIGTfrsa-ePw_rxe5WNG6PuHu5Y5A.5xm4CztjYzh0_RfJzHmL4TfyllBdmCpM71woAi1O89c&dib_tag=se&keywords=Nescafe+Gold+coffee+powder&nsdOptOutParam=true&qid=1789840653&sr=8-5,Nescafe Gold coffee powder
Nescafe Gold,"Nescafé Gold Blend Instant Coffee, Freeze Dried, Premium Coffee, 100g Jar",100.0,600.0,6.0,4.4,,https://www.amazon.in/Nescafe-Gold-Smooth-Coffee-Powder/dp/B07K6J8VV4/ref=sr_1_1?dib=eyJ2IjoiMSJ9.7IcXSoLI4U1ezNd5dZMjcelVDTivddKeyA6TJ0mswAfSZCoHiWbAvdQpUiml6MbY8v2jeLTJzMI4Fjlhnkj8HsCTUYJSL5482agb6VmZ8rG68CmjoRwhTawauMo2Jc_WxiEWzkRcxNfZjJTD9sMm-sdmeCu1fW5WOqOXAxtyGkXNFf1ezM-CMIhe68TEaDimbE0YpIuQABZt2WiG1NneDLxbdVzpmIQrhYDDWDGvkzlNXcOf7anFLPDVyZ5mZ94MLSUNmTkDPtU5cqXIGTfrsa-ePw_rxe5WNG6PuHu5Y5A.5xm4CztjYzh0_RfJzHmL4TfyllBdmCpM71woAi1O89c&dib_tag=se&keywords=Nescafe+Gold+coffee+powder&nsdOptOutParam=true&qid=1789840653&sr=8-1,Nescafe Gold coffee powder
Nescafe Gold,NESCAF Nescafe Gold Dark Roast Instant Soluble Coffee Value Pack 285g.,285.0,1849.0,6.49,4.4,,https://www.amazon.in/NESCAF-Nescafe-Instant-Soluble-Coffee/dp/B0B5XLGQZR/ref=sr_1_58?dib=eyJ2IjoiMSJ9.VllLzGVb5utLY78a2MP11rrzwQvtqbeW1QElyyDaobJ7cAl8tHM4UzB8_iZG3xLwl-ESS0aQMGKhFkNW3SNST8Q00tCvpu7KzYlEq_HrnIo2IJzwQlDJLaW2wDyCv-OVSK10NLbyJDKSBbI3OqryWagWL1dy18GSgsIkn1tG1ONEABbm8LJpPnexWJcOAhUE2wTtmtLdelK_9C6jqdY9JyZvsSufb-ujCv4VxFiGIH2RsRvL65e26xXR1TfTwJpxAuGbDVVr_GGtlhKsXjgPfMHcohmd1vgk1VADGKIsH3g.MfPzhwl_cLIZxjcIPwrmWewogvxasMIduzHtspdEwrA&dib_tag=se&keywords=Nescafe+Gold+coffee+powder&nsdOptOutParam=true&qid=1789840659&sr=8-58,Nescafe Gold coffee powder
Nescafe Gold,NESCAFÉ Gold Deluxe Instant Coffee | Smooth & Refined Taste | Carefully Roasted Arabica Coffee Beans | Premium Soluble Coffee | 200g Glass Jar,200.0,1300.0,6.5,4.4,,https://www.amazon.in/NESCAF%C3%89-Instant-Refined-Carefully-Roasted/dp/B0H4CK55BG/ref=sr_1_12?dib=eyJ2IjoiMSJ9.7IcXSoLI4U1ezNd5dZMjcelVDTivddKeyA6TJ0mswAfSZCoHiWbAvdQpUiml6MbY8v2jeLTJzMI4Fjlhnkj8HsCTUYJSL5482agb6VmZ8rG68CmjoRwhTawauMo2Jc_WxiEWzkRcxNfZjJTD9sMm-sdmeCu1fW5WOqOXAxtyGkXNFf1ezM-CMIhe68TEaDimbE0YpIuQABZt2WiG1NneDLxbdVzpmIQrhYDDWDGvkzlNXcOf7anFLPDVyZ5mZ94MLSUNmTkDPtU5cqXIGTfrsa-ePw_rxe5WNG6PuHu5Y5A.5xm4CztjYzh0_RfJzHmL4TfyllBdmCpM71woAi1O89c&dib_tag=se&keywords=Nescafe+Gold+coffee+powder&nsdOptOutParam=true&qid=1789840653&sr=8-12,Nescafe Gold coffee powder
Nescafe Gold,NESCAFÉ Gold - Premium Instant Coffee (95g) By COUGAR | Rich Velvety Aroma with Finely Roasted Arabica Coffee | Smooth Instant Coffee Powder | Perfect for Hot Coffee & Café Style Drinks – (Imported),95.0,689.0,7.25,4.6,,https://www.amazon.in/NESCAF%C3%89-Gold-Premium-Instant-Velvety/dp/B00XUOOUVI/ref=sr_1_31?dib=eyJ2IjoiMSJ9.7IcXSoLI4U1ezNd5dZMjcelVDTivddKeyA6TJ0mswAfSZCoHiWbAvdQpUiml6MbY8v2jeLTJzMI4Fjlhnkj8HsCTUYJSL5482agb6VmZ8rG68CmjoRwhTawauMo2Jc_WxiEWzkRcxNfZjJTD9sMm-sdmeCu1fW5WOqOXAxtyGkXNFf1ezM-CMIhe68TEaDimbE0YpIuQABZt2WiG1NneDLxbdVzpmIQrhYDDWDGvkzlNXcOf7anFLPDVyZ5mZ94MLSUNmTkDPtU5cqXIGTfrsa-ePw_rxe5WNG6PuHu5Y5A.5xm4CztjYzh0_RfJzHmL4TfyllBdmCpM71woAi1O89c&dib_tag=se&keywords=Nescafe+Gold+coffee+powder&nsdOptOutParam=true&qid=1789840653&sr=8-31,Nescafe Gold coffee powder
Nescafe Gold,"Nescafé Gold Blend Instant Coffee, Freeze Dried, Premium Coffee, 50g Jar",50.0,387.0,7.74,4.4,,https://www.amazon.in/Nescafe-Gold-Smooth-Coffee-Powder/dp/B07K6L3KC7/ref=sr_1_2?dib=eyJ2IjoiMSJ9.7IcXSoLI4U1ezNd5dZMjcelVDTivddKeyA6TJ0mswAfSZCoHiWbAvdQpUiml6MbY8v2jeLTJzMI4Fjlhnkj8HsCTUYJSL5482agb6VmZ8rG68CmjoRwhTawauMo2Jc_WxiEWzkRcxNfZjJTD9sMm-sdmeCu1fW5WOqOXAxtyGkXNFf1ezM-CMIhe68TEaDimbE0YpIuQABZt2WiG1NneDLxbdVzpmIQrhYDDWDGvkzlNXcOf7anFLPDVyZ5mZ94MLSUNmTkDPtU5cqXIGTfrsa-ePw_rxe5WNG6PuHu5Y5A.5xm4CztjYzh0_RfJzHmL4TfyllBdmCpM71woAi1O89c&dib_tag=se&keywords=Nescafe+Gold+coffee+powder&nsdOptOutParam=true&qid=1789840653&sr=8-2,Nescafe Gold coffee powder
Nescafe Gold,"Nescafé Gold Decaff Instant Ground Coffee, 3.53 oz ℮ 100 g",100.0,850.0,8.5,4.5,,https://www.amazon.in/Nescafe-Gold-Decaff-Instant-Coffee/dp/B0151ICRM4/ref=sr_1_90?dib=eyJ2IjoiMSJ9.VllLzGVb5utLY78a2MP11rrzwQvtqbeW1QElyyDaobJ7cAl8tHM4UzB8_iZG3xLwl-ESS0aQMGKhFkNW3SNST8Q00tCvpu7KzYlEq_HrnIo2IJzwQlDJLaW2wDyCv-OVSK10NLbyJDKSBbI3OqryWagWL1dy18GSgsIkn1tG1ONEABbm8LJpPnexWJcOAhUE2wTtmtLdelK_9C6jqdY9JyZvsSufb-ujCv4VxFiGIH2RsRvL65e26xXR1TfTwJpxAuGbDVVr_GGtlhKsXjgPfMHcohmd1vgk1VADGKIsH3g.MfPzhwl_cLIZxjcIPwrmWewogvxasMIduzHtspdEwrA&dib_tag=se&keywords=Nescafe+Gold+coffee+powder&nsdOptOutParam=true&qid=1789840659&sr=8-90,Nescafe Gold coffee powder
Nescafe Gold,NESCAFÉ Gold Caramel Jar | 95g (Pack of 1),95.0,980.0,10.32,4.5,,https://www.amazon.in/NESCAF%C3%89-Gold-Caramel-Jar-Pack/dp/B0DB8LFJ55/ref=sr_1_66?dib=eyJ2IjoiMSJ9.VllLzGVb5utLY78a2MP11rrzwQvtqbeW1QElyyDaobJ7cAl8tHM4UzB8_iZG3xLwl-ESS0aQMGKhFkNW3SNST8Q00tCvpu7KzYlEq_HrnIo2IJzwQlDJLaW2wDyCv-OVSK10NLbyJDKSBbI3OqryWagWL1dy18GSgsIkn1tG1ONEABbm8LJpPnexWJcOAhUE2wTtmtLdelK_9C6jqdY9JyZvsSufb-ujCv4VxFiGIH2RsRvL65e26xXR1TfTwJpxAuGbDVVr_GGtlhKsXjgPfMHcohmd1vgk1VADGKIsH3g.MfPzhwl_cLIZxjcIPwrmWewogvxasMIduzHtspdEwrA&dib_tag=se&keywords=Nescafe+Gold+coffee+powder&nsdOptOutParam=true&qid=1789840659&sr=8-66,Nescafe Gold coffee powder
Nescafe Gold,"Nescafé Gold Premium Instant Coffee, By febora, Glass Jar, 47.5g",47.5,499.0,10.51,,,https://www.amazon.in/Nescaf%C3%A9-Gold-Premium-Instant-Coffee/dp/B0H8CWQ3L9/ref=sr_1_40?dib=eyJ2IjoiMSJ9.7IcXSoLI4U1ezNd5dZMjcelVDTivddKeyA6TJ0mswAfSZCoHiWbAvdQpUiml6MbY8v2jeLTJzMI4Fjlhnkj8HsCTUYJSL5482agb6VmZ8rG68CmjoRwhTawauMo2Jc_WxiEWzkRcxNfZjJTD9sMm-sdmeCu1fW5WOqOXAxtyGkXNFf1ezM-CMIhe68TEaDimbE0YpIuQABZt2WiG1NneDLxbdVzpmIQrhYDDWDGvkzlNXcOf7anFLPDVyZ5mZ94MLSUNmTkDPtU5cqXIGTfrsa-ePw_rxe5WNG6PuHu5Y5A.5xm4CztjYzh0_RfJzHmL4TfyllBdmCpM71woAi1O89c&dib_tag=se&keywords=Nescafe+Gold+coffee+powder&nsdOptOutParam=true&qid=1789840653&sr=8-40,Nescafe Gold coffee powder
Nescafe Gold,Nescafé Gold Deluxe Instant Coffee | Smooth Arabica Blend | Premium Soluble Coffee | 200g Glass Jar (Pack of 2),200.0,2224.0,11.12,5.0,,https://www.amazon.in/Nescaf%C3%A9-Instant-Arabica-Premium-Soluble/dp/B0H4CV1R97/ref=sr_1_53?dib=eyJ2IjoiMSJ9.VllLzGVb5utLY78a2MP11rrzwQvtqbeW1QElyyDaobJ7cAl8tHM4UzB8_iZG3xLwl-ESS0aQMGKhFkNW3SNST8Q00tCvpu7KzYlEq_HrnIo2IJzwQlDJLaW2wDyCv-OVSK10NLbyJDKSBbI3OqryWagWL1dy18GSgsIkn1tG1ONEABbm8LJpPnexWJcOAhUE2wTtmtLdelK_9C6jqdY9JyZvsSufb-ujCv4VxFiGIH2RsRvL65e26xXR1TfTwJpxAuGbDVVr_GGtlhKsXjgPfMHcohmd1vgk1VADGKIsH3g.MfPzhwl_cLIZxjcIPwrmWewogvxasMIduzHtspdEwrA&dib_tag=se&keywords=Nescafe+Gold+coffee+powder&nsdOptOutParam=true&qid=1789840659&sr=8-53,Nescafe Gold coffee powder
Nescafe Gold,NESCAFÉ GOLD - Rich & Aromatic Instant Coffee (Pack Of 2) 190g Each By COUGAR | Premium Freeze-Dried Soluble Coffee | Smooth Rich Aroma & Balanced Taste | FREE 2 PRESTIGE PISTACHIO WAFFI BARS INCLUDED | Perfect For Hot & Cold Coffee – (Imported),190.0,2160.0,11.37,4.5,,https://www.amazon.in/NESCAF%C3%89-GOLD-Aromatic-Freeze-Dried-PISTACHIO/dp/B0GBXLVWV7/ref=sr_1_23?dib=eyJ2IjoiMSJ9.7IcXSoLI4U1ezNd5dZMjcelVDTivddKeyA6TJ0mswAfSZCoHiWbAvdQpUiml6MbY8v2jeLTJzMI4Fjlhnkj8HsCTUYJSL5482agb6VmZ8rG68CmjoRwhTawauMo2Jc_WxiEWzkRcxNfZjJTD9sMm-sdmeCu1fW5WOqOXAxtyGkXNFf1ezM-CMIhe68TEaDimbE0YpIuQABZt2WiG1NneDLxbdVzpmIQrhYDDWDGvkzlNXcOf7anFLPDVyZ5mZ94MLSUNmTkDPtU5cqXIGTfrsa-ePw_rxe5WNG6PuHu5Y5A.5xm4CztjYzh0_RfJzHmL4TfyllBdmCpM71woAi1O89c&dib_tag=se&keywords=Nescafe+Gold+coffee+powder&nsdOptOutParam=true&qid=1789840653&sr=8-23,Nescafe Gold coffee powder
Nescafe Gold,NESCAFÉ GOLD - Rich & Aromatic Instant Coffee (Pack Of 2) 190g Each By COUGAR | Premium Freeze-Dried Soluble Coffee | Smooth Rich Aroma & Balanced Taste | Perfect For Hot & Cold Coffee | FREE 2 Prestige Wafi – (Imported),190.0,2161.0,11.37,5.0,,https://www.amazon.in/NESCAF%C3%89-GOLD-Aromatic-Freeze-Dried-PISTACHIO/dp/B0G1H8Y2K7/ref=sr_1_59?dib=eyJ2IjoiMSJ9.VllLzGVb5utLY78a2MP11rrzwQvtqbeW1QElyyDaobJ7cAl8tHM4UzB8_iZG3xLwl-ESS0aQMGKhFkNW3SNST8Q00tCvpu7KzYlEq_HrnIo2IJzwQlDJLaW2wDyCv-OVSK10NLbyJDKSBbI3OqryWagWL1dy18GSgsIkn1tG1ONEABbm8LJpPnexWJcOAhUE2wTtmtLdelK_9C6jqdY9JyZvsSufb-ujCv4VxFiGIH2RsRvL65e26xXR1TfTwJpxAuGbDVVr_GGtlhKsXjgPfMHcohmd1vgk1VADGKIsH3g.MfPzhwl_cLIZxjcIPwrmWewogvxasMIduzHtspdEwrA&dib_tag=se&keywords=Nescafe+Gold+coffee+powder&nsdOptOutParam=true&qid=1789840659&sr=8-59,Nescafe Gold coffee powder
Nescafe Gold,NESCAFÉ Gold Blend Instant Coffee Refill Pouch 250g | Premium Soluble Coffee By S.I Rich Aroma & Smooth Taste 250g,250.0,3298.0,13.19,4.9,,https://www.amazon.in/NESCAF%C3%89-Instant-Coffee-Premium-Soluble/dp/B0GX7HYB3Q/ref=sr_1_50?dib=eyJ2IjoiMSJ9.VllLzGVb5utLY78a2MP11rrzwQvtqbeW1QElyyDaobJ7cAl8tHM4UzB8_iZG3xLwl-ESS0aQMGKhFkNW3SNST8Q00tCvpu7KzYlEq_HrnIo2IJzwQlDJLaW2wDyCv-OVSK10NLbyJDKSBbI3OqryWagWL1dy18GSgsIkn1tG1ONEABbm8LJpPnexWJcOAhUE2wTtmtLdelK_9C6jqdY9JyZvsSufb-ujCv4VxFiGIH2RsRvL65e26xXR1TfTwJpxAuGbDVVr_GGtlhKsXjgPfMHcohmd1vgk1VADGKIsH3g.MfPzhwl_cLIZxjcIPwrmWewogvxasMIduzHtspdEwrA&dib_tag=se&keywords=Nescafe+Gold+coffee+powder&nsdOptOutParam=true&qid=1789840659&sr=8-50,Nescafe Gold coffee powder
Nescafe Gold,NESCAFÉ GOLD - Rich & Aromatic Instant Coffee (Pack Of 3) 190g Each By COUGAR | Premium Freeze-Dried Soluble Coffee | Smooth Rich Aroma & Balanced Taste | Perfect For Hot & Cold Coffee | FREE 3 Prestige Wafi – (Imported),190.0,3195.0,16.82,5.0,,https://www.amazon.in/NESCAF%C3%89-GOLD-Aromatic-Freeze-Dried-PISTACHIO/dp/B0GBYGCGMZ/ref=sr_1_38?dib=eyJ2IjoiMSJ9.7IcXSoLI4U1ezNd5dZMjcelVDTivddKeyA6TJ0mswAfSZCoHiWbAvdQpUiml6MbY8v2jeLTJzMI4Fjlhnkj8HsCTUYJSL5482agb6VmZ8rG68CmjoRwhTawauMo2Jc_WxiEWzkRcxNfZjJTD9sMm-sdmeCu1fW5WOqOXAxtyGkXNFf1ezM-CMIhe68TEaDimbE0YpIuQABZt2WiG1NneDLxbdVzpmIQrhYDDWDGvkzlNXcOf7anFLPDVyZ5mZ94MLSUNmTkDPtU5cqXIGTfrsa-ePw_rxe5WNG6PuHu5Y5A.5xm4CztjYzh0_RfJzHmL4TfyllBdmCpM71woAi1O89c&dib_tag=se&keywords=Nescafe+Gold+coffee+powder&nsdOptOutParam=true&qid=1789840653&sr=8-38,Nescafe Gold coffee powder
Nescafe Gold,NESCAFÉ Gold - Premium Instant Coffee (6 x 190g) By COUGAR | Rich Velvety Aroma with Finely Roasted Arabica Coffee | Smooth Instant Coffee Powder – (Imported),190.0,5849.0,30.78,4.6,,https://www.amazon.in/NESCAF%C3%89-Gold-Premium-Instant-Velvety/dp/B07C9JJ1C9/ref=sr_1_42?dib=eyJ2IjoiMSJ9.7IcXSoLI4U1ezNd5dZMjcelVDTivddKeyA6TJ0mswAfSZCoHiWbAvdQpUiml6MbY8v2jeLTJzMI4Fjlhnkj8HsCTUYJSL5482agb6VmZ8rG68CmjoRwhTawauMo2Jc_WxiEWzkRcxNfZjJTD9sMm-sdmeCu1fW5WOqOXAxtyGkXNFf1ezM-CMIhe68TEaDimbE0YpIuQABZt2WiG1NneDLxbdVzpmIQrhYDDWDGvkzlNXcOf7anFLPDVyZ5mZ94MLSUNmTkDPtU5cqXIGTfrsa-ePw_rxe5WNG6PuHu5Y5A.5xm4CztjYzh0_RfJzHmL4TfyllBdmCpM71woAi1O89c&dib_tag=se&keywords=Nescafe+Gold+coffee+powder&nsdOptOutParam=true&qid=1789840653&sr=8-42,Nescafe Gold coffee powder
Nescafe Gold,NESCAFÉ GOLD - Rich & Aromatic Instant Coffee (Pack Of 6) 190g each By COUGAR | Premium Freeze-Dried Soluble Coffee | Smooth Rich Aroma & Balanced Taste | FREE 6 PRESTIGE PISTACHIO WAFFI BARS INCLUDED | Perfect For Hot & Cold Coffee – (Imported),190.0,5919.0,31.15,4.0,,https://www.amazon.in/NESCAF%C3%89-GOLD-Aromatic-Freeze-Dried-PISTACHIO/dp/B0GBXTBXX8/ref=sr_1_45?dib=eyJ2IjoiMSJ9.7IcXSoLI4U1ezNd5dZMjcelVDTivddKeyA6TJ0mswAfSZCoHiWbAvdQpUiml6MbY8v2jeLTJzMI4Fjlhnkj8HsCTUYJSL5482agb6VmZ8rG68CmjoRwhTawauMo2Jc_WxiEWzkRcxNfZjJTD9sMm-sdmeCu1fW5WOqOXAxtyGkXNFf1ezM-CMIhe68TEaDimbE0YpIuQABZt2WiG1NneDLxbdVzpmIQrhYDDWDGvkzlNXcOf7anFLPDVyZ5mZ94MLSUNmTkDPtU5cqXIGTfrsa-ePw_rxe5WNG6PuHu5Y5A.5xm4CztjYzh0_RfJzHmL4TfyllBdmCpM71woAi1O89c&dib_tag=se&keywords=Nescafe+Gold+coffee+powder&nsdOptOutParam=true&qid=1789840653&sr=8-45,Nescafe Gold coffee powder
Nescafe Gold,Nescafe Gold,,755.0,,,,https://www.amazon.in/Nescafe-Gold-Instant-Coffee-Powder/dp/B0839PJ7MB/ref=sr_1_7?dib=eyJ2IjoiMSJ9.7IcXSoLI4U1ezNd5dZMjcelVDTivddKeyA6TJ0mswAfSZCoHiWbAvdQpUiml6MbY8v2jeLTJzMI4Fjlhnkj8HsCTUYJSL5482agb6VmZ8rG68CmjoRwhTawauMo2Jc_WxiEWzkRcxNfZjJTD9sMm-sdmeCu1fW5WOqOXAxtyGkXNFf1ezM-CMIhe68TEaDimbE0YpIuQABZt2WiG1NneDLxbdVzpmIQrhYDDWDGvkzlNXcOf7anFLPDVyZ5mZ94MLSUNmTkDPtU5cqXIGTfrsa-ePw_rxe5WNG6PuHu5Y5A.5xm4CztjYzh0_RfJzHmL4TfyllBdmCpM71woAi1O89c&dib_tag=se&keywords=Nescafe+Gold+coffee+powder&nsdOptOutParam=true&qid=1789840653&sr=8-7,Nescafe Gold coffee powder
Nescafe Gold,Nescafe Gold,,1945.0,,4.5,,https://www.amazon.in/Nescafe-gold-Rich-Smooth-Blend/dp/B08WHVG1SM/ref=sr_1_15?dib=eyJ2IjoiMSJ9.7IcXSoLI4U1ezNd5dZMjcelVDTivddKeyA6TJ0mswAfSZCoHiWbAvdQpUiml6MbY8v2jeLTJzMI4Fjlhnkj8HsCTUYJSL5482agb6VmZ8rG68CmjoRwhTawauMo2Jc_WxiEWzkRcxNfZjJTD9sMm-sdmeCu1fW5WOqOXAxtyGkXNFf1ezM-CMIhe68TEaDimbE0YpIuQABZt2WiG1NneDLxbdVzpmIQrhYDDWDGvkzlNXcOf7anFLPDVyZ5mZ94MLSUNmTkDPtU5cqXIGTfrsa-ePw_rxe5WNG6PuHu5Y5A.5xm4CztjYzh0_RfJzHmL4TfyllBdmCpM71woAi1O89c&dib_tag=se&keywords=Nescafe+Gold+coffee+powder&nsdOptOutParam=true&qid=1789840653&sr=8-15,Nescafe Gold coffee powder
Nescafe Gold,Nescafé Gold Deluxe Instant Coffee,,999.0,,,,https://www.amazon.in/Nescaf%C3%A9-Gold-Deluxe-Instant-Coffee/dp/B0H4CRGCDZ/ref=sr_1_20?dib=eyJ2IjoiMSJ9.7IcXSoLI4U1ezNd5dZMjcelVDTivddKeyA6TJ0mswAfSZCoHiWbAvdQpUiml6MbY8v2jeLTJzMI4Fjlhnkj8HsCTUYJSL5482agb6VmZ8rG68CmjoRwhTawauMo2Jc_WxiEWzkRcxNfZjJTD9sMm-sdmeCu1fW5WOqOXAxtyGkXNFf1ezM-CMIhe68TEaDimbE0YpIuQABZt2WiG1NneDLxbdVzpmIQrhYDDWDGvkzlNXcOf7anFLPDVyZ5mZ94MLSUNmTkDPtU5cqXIGTfrsa-ePw_rxe5WNG6PuHu5Y5A.5xm4CztjYzh0_RfJzHmL4TfyllBdmCpM71woAi1O89c&dib_tag=se&keywords=Nescafe+Gold+coffee+powder&nsdOptOutParam=true&qid=1789840653&sr=8-20,Nescafe Gold coffee powder
Nescafe Gold,Nescafe Gold,,498.0,,4.0,,https://www.amazon.in/Nescafe-Gold-Cappuccino-Pouch-136/dp/B083T3HZWF/ref=sr_1_33?dib=eyJ2IjoiMSJ9.7IcXSoLI4U1ezNd5dZMjcelVDTivddKeyA6TJ0mswAfSZCoHiWbAvdQpUiml6MbY8v2jeLTJzMI4Fjlhnkj8HsCTUYJSL5482agb6VmZ8rG68CmjoRwhTawauMo2Jc_WxiEWzkRcxNfZjJTD9sMm-sdmeCu1fW5WOqOXAxtyGkXNFf1ezM-CMIhe68TEaDimbE0YpIuQABZt2WiG1NneDLxbdVzpmIQrhYDDWDGvkzlNXcOf7anFLPDVyZ5mZ94MLSUNmTkDPtU5cqXIGTfrsa-ePw_rxe5WNG6PuHu5Y5A.5xm4CztjYzh0_RfJzHmL4TfyllBdmCpM71woAi1O89c&dib_tag=se&keywords=Nescafe+Gold+coffee+powder&nsdOptOutParam=true&qid=1789840653&sr=8-33,Nescafe Gold coffee powder
Nescafe Gold,Nescafe Gold,,1791.0,,4.3,,https://www.amazon.in/Nescafe-Gold-Smooth-Coffee-Powder/dp/B08HM86GP2/ref=sr_1_48?dib=eyJ2IjoiMSJ9.7IcXSoLI4U1ezNd5dZMjcelVDTivddKeyA6TJ0mswAfSZCoHiWbAvdQpUiml6MbY8v2jeLTJzMI4Fjlhnkj8HsCTUYJSL5482agb6VmZ8rG68CmjoRwhTawauMo2Jc_WxiEWzkRcxNfZjJTD9sMm-sdmeCu1fW5WOqOXAxtyGkXNFf1ezM-CMIhe68TEaDimbE0YpIuQABZt2WiG1NneDLxbdVzpmIQrhYDDWDGvkzlNXcOf7anFLPDVyZ5mZ94MLSUNmTkDPtU5cqXIGTfrsa-ePw_rxe5WNG6PuHu5Y5A.5xm4CztjYzh0_RfJzHmL4TfyllBdmCpM71woAi1O89c&dib_tag=se&keywords=Nescafe+Gold+coffee+powder&nsdOptOutParam=true&qid=1789840653&sr=8-48,Nescafe Gold coffee powder
Nescafe Gold,Nescafe Gold,,1359.0,,4.1,,https://www.amazon.in/Nescafe-Blend-Roastery-Collection-Roasted/dp/B09Q325YZH/ref=sr_1_57?dib=eyJ2IjoiMSJ9.VllLzGVb5utLY78a2MP11rrzwQvtqbeW1QElyyDaobJ7cAl8tHM4UzB8_iZG3xLwl-ESS0aQMGKhFkNW3SNST8Q00tCvpu7KzYlEq_HrnIo2IJzwQlDJLaW2wDyCv-OVSK10NLbyJDKSBbI3OqryWagWL1dy18GSgsIkn1tG1ONEABbm8LJpPnexWJcOAhUE2wTtmtLdelK_9C6jqdY9JyZvsSufb-ujCv4VxFiGIH2RsRvL65e26xXR1TfTwJpxAuGbDVVr_GGtlhKsXjgPfMHcohmd1vgk1VADGKIsH3g.MfPzhwl_cLIZxjcIPwrmWewogvxasMIduzHtspdEwrA&dib_tag=se&keywords=Nescafe+Gold+coffee+powder&nsdOptOutParam=true&qid=1789840659&sr=8-57,Nescafe Gold coffee powder
Nescafe Gold,NESCAFÉ GOLD - Rich & Aromatic Instant Coffee (Pack Of 3) By COUGAR | Premium Freeze-Dried Soluble Coffee | Smooth Rich Aroma & Balanced Taste | FREE 3 PRESTIGE PISTACHIO WAFFI BARS INCLUDED | Perfect For Hot & Cold Coffee – (Imported),,3399.0,,,,https://www.amazon.in/NESCAF%C3%89-GOLD-Aromatic-Freeze-Dried-PISTACHIO/dp/B0G1HL637B/ref=sr_1_65?dib=eyJ2IjoiMSJ9.VllLzGVb5utLY78a2MP11rrzwQvtqbeW1QElyyDaobJ7cAl8tHM4UzB8_iZG3xLwl-ESS0aQMGKhFkNW3SNST8Q00tCvpu7KzYlEq_HrnIo2IJzwQlDJLaW2wDyCv-OVSK10NLbyJDKSBbI3OqryWagWL1dy18GSgsIkn1tG1ONEABbm8LJpPnexWJcOAhUE2wTtmtLdelK_9C6jqdY9JyZvsSufb-ujCv4VxFiGIH2RsRvL65e26xXR1TfTwJpxAuGbDVVr_GGtlhKsXjgPfMHcohmd1vgk1VADGKIsH3g.MfPzhwl_cLIZxjcIPwrmWewogvxasMIduzHtspdEwrA&dib_tag=se&keywords=Nescafe+Gold+coffee+powder&nsdOptOutParam=true&qid=1789840659&sr=8-65,Nescafe Gold coffee powder
Nescafe Gold,Nescafe Gold,,899.0,,4.4,,https://www.amazon.in/NESCAF%C3%89-ALTA-RICA-Instant-Coffee/dp/B074MBZ3N1/ref=sr_1_69?dib=eyJ2IjoiMSJ9.VllLzGVb5utLY78a2MP11rrzwQvtqbeW1QElyyDaobJ7cAl8tHM4UzB8_iZG3xLwl-ESS0aQMGKhFkNW3SNST8Q00tCvpu7KzYlEq_HrnIo2IJzwQlDJLaW2wDyCv-OVSK10NLbyJDKSBbI3OqryWagWL1dy18GSgsIkn1tG1ONEABbm8LJpPnexWJcOAhUE2wTtmtLdelK_9C6jqdY9JyZvsSufb-ujCv4VxFiGIH2RsRvL65e26xXR1TfTwJpxAuGbDVVr_GGtlhKsXjgPfMHcohmd1vgk1VADGKIsH3g.MfPzhwl_cLIZxjcIPwrmWewogvxasMIduzHtspdEwrA&dib_tag=se&keywords=Nescafe+Gold+coffee+powder&nsdOptOutParam=true&qid=1789840659&sr=8-69,Nescafe Gold coffee powder
Nescafe Gold,Nescafe Gold,,799.0,,4.4,,https://www.amazon.in/Nescafe-Gold-Origins-Alta-Coffee/dp/B07XY8BJ4V/ref=sr_1_73?dib=eyJ2IjoiMSJ9.VllLzGVb5utLY78a2MP11rrzwQvtqbeW1QElyyDaobJ7cAl8tHM4UzB8_iZG3xLwl-ESS0aQMGKhFkNW3SNST8Q00tCvpu7KzYlEq_HrnIo2IJzwQlDJLaW2wDyCv-OVSK10NLbyJDKSBbI3OqryWagWL1dy18GSgsIkn1tG1ONEABbm8LJpPnexWJcOAhUE2wTtmtLdelK_9C6jqdY9JyZvsSufb-ujCv4VxFiGIH2RsRvL65e26xXR1TfTwJpxAuGbDVVr_GGtlhKsXjgPfMHcohmd1vgk1VADGKIsH3g.MfPzhwl_cLIZxjcIPwrmWewogvxasMIduzHtspdEwrA&dib_tag=se&keywords=Nescafe+Gold+coffee+powder&nsdOptOutParam=true&qid=1789840659&sr=8-73,Nescafe Gold coffee powder
Nescafe Gold,Nescafe Gold,,989.0,,4.3,,https://www.amazon.in/Nescafe-Gold-Espresso-Italian-Style/dp/B087Z7MMC8/ref=sr_1_74?dib=eyJ2IjoiMSJ9.VllLzGVb5utLY78a2MP11rrzwQvtqbeW1QElyyDaobJ7cAl8tHM4UzB8_iZG3xLwl-ESS0aQMGKhFkNW3SNST8Q00tCvpu7KzYlEq_HrnIo2IJzwQlDJLaW2wDyCv-OVSK10NLbyJDKSBbI3OqryWagWL1dy18GSgsIkn1tG1ONEABbm8LJpPnexWJcOAhUE2wTtmtLdelK_9C6jqdY9JyZvsSufb-ujCv4VxFiGIH2RsRvL65e26xXR1TfTwJpxAuGbDVVr_GGtlhKsXjgPfMHcohmd1vgk1VADGKIsH3g.MfPzhwl_cLIZxjcIPwrmWewogvxasMIduzHtspdEwrA&dib_tag=se&keywords=Nescafe+Gold+coffee+powder&nsdOptOutParam=true&qid=1789840659&sr=8-74,Nescafe Gold coffee powder
Nescafe Gold,Nescafe Gold Decaf 100g Imported,100.0,,,4.5,,https://www.amazon.in/Nescafe-Gold-Decaf-100g-Imported/dp/B09VH32YP4/ref=sr_1_79?dib=eyJ2IjoiMSJ9.VllLzGVb5utLY78a2MP11rrzwQvtqbeW1QElyyDaobJ7cAl8tHM4UzB8_iZG3xLwl-ESS0aQMGKhFkNW3SNST8Q00tCvpu7KzYlEq_HrnIo2IJzwQlDJLaW2wDyCv-OVSK10NLbyJDKSBbI3OqryWagWL1dy18GSgsIkn1tG1ONEABbm8LJpPnexWJcOAhUE2wTtmtLdelK_9C6jqdY9JyZvsSufb-ujCv4VxFiGIH2RsRvL65e26xXR1TfTwJpxAuGbDVVr_GGtlhKsXjgPfMHcohmd1vgk1VADGKIsH3g.MfPzhwl_cLIZxjcIPwrmWewogvxasMIduzHtspdEwrA&dib_tag=se&keywords=Nescafe+Gold+coffee+powder&nsdOptOutParam=true&qid=1789840659&sr=8-79,Nescafe Gold coffee powder
Nescafe Gold,Nescafe Gold,,745.0,,3.3,,https://www.amazon.in/Nescafe-Gold-Cappuccino-Pack-Pouch/dp/B083T45HPD/ref=sr_1_84?dib=eyJ2IjoiMSJ9.VllLzGVb5utLY78a2MP11rrzwQvtqbeW1QElyyDaobJ7cAl8tHM4UzB8_iZG3xLwl-ESS0aQMGKhFkNW3SNST8Q00tCvpu7KzYlEq_HrnIo2IJzwQlDJLaW2wDyCv-OVSK10NLbyJDKSBbI3OqryWagWL1dy18GSgsIkn1tG1ONEABbm8LJpPnexWJcOAhUE2wTtmtLdelK_9C6jqdY9JyZvsSufb-ujCv4VxFiGIH2RsRvL65e26xXR1TfTwJpxAuGbDVVr_GGtlhKsXjgPfMHcohmd1vgk1VADGKIsH3g.MfPzhwl_cLIZxjcIPwrmWewogvxasMIduzHtspdEwrA&dib_tag=se&keywords=Nescafe+Gold+coffee+powder&nsdOptOutParam=true&qid=1789840659&sr=8-84,Nescafe Gold coffee powder
